02/01/2014,17.166,17.166,17.048,17.068,142063
03/01/2014,17.018,17.018,16.901,16.96,91860
07/01/2014,17.068,17.068,16.529,16.666,209321
08/01/2014,16.578,16.695,16.195,16.578,200065
09/01/2014,16.675,16.675,16.469,16.519,82677
10/01/2014,16.313,16.479,16.185,16.479,229190
13/01/2014,16.568,17.058,16.45,16.479,163904
14/01/2014,16.529,16.812,16.42,16.656,70230
15/01/2014,16.656,17.303,16.656,17.018,299262
16/01/2014,17.264,17.509,17.068,17.313,361600
17/01/2014,17.45,17.47,16.881,16.931,200433
20/01/2014,16.921,17.216,16.891,16.931,169272
21/01/2014,17.166,17.735,16.97,17.656,367050
22/01/2014,17.666,17.834,17.608,17.656,359338
23/01/2014,17.656,18.03,17.628,17.951,323451
24/01/2014,18.01,18.049,17.901,18,179230
27/01/2014,17.951,18.058,17.216,17.99,248814
28/01/2014,18,18.039,17.715,17.804,124915
29/01/2014,17.852,17.99,17.804,17.99,72171
30/01/2014,17.99,17.99,17.656,17.872,92203
31/01/2014,17.872,18,17.843,17.99,67110
03/02/2014,17.99,18.137,17.755,17.852,162905
04/02/2014,17.656,17.892,17.46,17.774,50045
05/02/2014,17.774,17.774,17.656,17.696,82622
06/02/2014,17.666,18.049,17.333,17.509,225053
07/02/2014,17.608,17.656,17.45,17.598,104938
10/02/2014,17.656,17.931,17.509,17.568,109092
11/02/2014,17.745,17.745,17.519,17.608,76173
12/02/2014,17.646,17.656,16.479,17.313,270968
13/02/2014,17.293,17.313,16.675,17.284,266520
14/02/2014,17.362,17.46,17.018,17.323,72025
17/02/2014,17.412,17.45,17.068,17.068,72997
18/02/2014,17.068,17.333,16.774,17.323,188213
19/02/2014,17.422,17.46,17.216,17.323,85991
20/02/2014,17.264,17.264,16.872,17.156,73233
21/02/2014,17.156,17.156,16.872,16.921,110388
24/02/2014,16.911,17.018,16.832,16.97,88358
25/02/2014,16.97,16.97,16.774,16.784,83415
26/02/2014,16.774,16.842,16.283,16.479,232554
27/02/2014,16.382,16.921,16.254,16.391,568537
28/02/2014,16.401,17.166,16.401,17.166,153157
03/03/2014,16.675,16.675,15.008,16.136,905121
04/03/2014,16.087,16.822,16.087,16.774,177242
05/03/2014,16.822,17.117,16.479,16.529,176107
06/03/2014,16.578,17.048,16.568,16.685,160875
07/03/2014,16.872,17.038,16.626,16.626,132781
10/03/2014,16.626,16.891,16.46,16.626,214247
11/03/2014,16.626,16.675,16.41,16.43,33740
12/03/2014,14.037,15.165,13.879,14.713,2374404
13/03/2014,14.713,14.861,13.439,13.733,846434
14/03/2014,13.497,13.527,12.713,12.713,1119884
17/03/2014,12.752,14.969,12.752,14.685,911010
18/03/2014,14.685,14.685,14.037,14.077,707521
19/03/2014,14.214,14.507,13.871,13.978,566338
20/03/2014,13.978,14.223,13.929,14.223,434912
21/03/2014,14.331,15.155,14.331,14.713,700576
24/03/2014,14.959,15.008,14.616,14.812,194448
25/03/2014,14.91,14.91,14.812,14.901,69143
26/03/2014,14.929,15.449,14.901,15.077,325462
27/03/2014,15.253,15.303,15.008,15.126,281372
28/03/2014,15.204,15.351,15.106,15.106,405928
31/03/2014,15.214,15.351,15.028,15.028,301774
01/04/2014,15.263,15.42,15.126,15.303,285664
02/04/2014,15.351,15.685,15.351,15.596,115954
03/04/2014,15.616,15.792,15.548,15.695,96310
04/04/2014,15.695,15.695,15.283,15.469,89793
07/04/2014,15.204,15.273,14.812,14.939,135213
08/04/2014,14.959,15.097,14.871,14.91,37154
09/04/2014,14.91,15.204,14.91,14.969,42238
10/04/2014,15.155,15.155,14.626,14.626,100182
11/04/2014,14.586,14.782,14.42,14.489,115719
14/04/2014,14.42,14.42,14.057,14.321,119379
15/04/2014,14.223,14.273,14.125,14.125,49042
16/04/2014,14.135,14.301,13.939,13.968,189890
17/04/2014,14.027,14.41,14.027,14.341,53463
22/04/2014,14.665,14.812,14.606,14.763,69804
23/04/2014,14.861,14.969,14.616,14.733,39232
24/04/2014,14.713,14.851,14.233,14.42,84845
25/04/2014,14.42,14.616,14.253,14.616,30730
28/04/2014,14.616,14.782,14.439,14.616,50542
29/04/2014,14.763,14.763,14.517,14.713,20530
30/04/2014,14.713,14.713,14.557,14.704,28076
02/05/2014,14.695,14.695,14.42,14.42,45331
05/05/2014,14.557,14.685,14.057,14.115,182141
06/05/2014,14.115,14.321,14.077,14.077,12785
07/05/2014,14.077,14.095,13.252,13.733,285566
08/05/2014,13.782,14.184,13.782,13.998,82780
09/05/2014,13.988,14.095,13.683,13.683,321382
12/05/2014,13.673,13.673,13.439,13.635,49613
13/05/2014,13.635,13.909,13.635,13.909,71338
14/05/2014,13.929,14.067,13.752,13.978,63389
15/05/2014,14.214,14.214,13.978,13.978,28679
16/05/2014,13.782,13.899,13.36,13.742,28161
19/05/2014,13.802,14.095,13.742,14.095,199300
20/05/2014,14.145,14.223,13.929,13.948,31136
21/05/2014,13.929,13.978,13.929,13.929,96582
22/05/2014,13.948,14.566,13.948,14.566,66008
23/05/2014,14.704,14.978,14.38,14.38,66661
26/05/2014,14.547,14.713,14.42,14.606,18791
27/05/2014,14.665,14.704,14.517,14.517,13915
28/05/2014,14.635,14.635,14.469,14.517,14861
29/05/2014,14.596,14.655,14.479,14.606,19318
30/05/2014,14.606,14.91,14.429,14.91,163599
02/06/2014,15.008,15.293,14.959,15.106,54458
03/06/2014,15.194,15.204,15.057,15.087,101898
04/06/2014,15.194,15.194,15.028,15.028,57705
05/06/2014,15.057,15.979,15.057,15.842,533883
06/06/2014,16.136,16.735,16.117,16.185,654768
09/06/2014,16.626,16.626,16.244,16.43,148897
10/06/2014,16.626,16.626,16.254,16.264,110501
11/06/2014,16.352,16.352,15.901,15.96,195990
12/06/2014,16.008,16.185,15.989,16.185,36951
13/06/2014,16.214,16.214,15.783,15.792,113062
16/06/2014,15.715,15.94,15.214,15.94,96996
17/06/2014,16.127,16.136,15.881,15.989,69850
18/06/2014,16.146,16.382,16.058,16.382,39522
20/06/2014,16.372,16.597,16.303,16.41,49363
23/06/2014,16.185,16.273,15.792,16.038,85063
24/06/2014,16.028,16.028,15.518,15.577,89314
25/06/2014,15.548,15.548,14.822,15.145,173898
26/06/2014,15.145,15.41,14.832,15.008,95723
27/06/2014,15.057,15.057,14.606,14.713,151258
30/06/2014,14.792,14.978,14.723,14.949,42969
01/07/2014,14.959,15.047,14.743,14.782,39342
02/07/2014,14.871,15.126,14.822,14.91,52204
03/07/2014,15.008,15.087,14.017,14.713,73629
04/07/2014,14.91,14.959,14.566,14.782,28738
07/07/2014,14.812,14.901,14.713,14.713,12172
08/07/2014,14.91,15.047,14.832,15.008,59143
09/07/2014,14.939,15.106,14.929,14.939,26573
10/07/2014,15.018,15.204,14.763,14.792,21921
11/07/2014,14.91,14.949,14.616,14.665,42325
14/07/2014,14.851,14.988,14.439,14.439,48142
15/07/2014,14.517,14.695,14.517,14.566,21534
16/07/2014,14.665,14.713,14.517,14.557,32137
17/07/2014,14.596,14.645,14.527,14.616,17957
18/07/2014,14.38,15.057,14.077,14.959,144129
21/07/2014,14.959,15.067,14.713,15.037,86188
22/07/2014,15.037,15.135,14.978,15.126,169215
23/07/2014,15.184,15.459,15.037,15.303,75441
24/07/2014,15.4,15.4,15.008,15.204,43582
25/07/2014,15.273,15.44,15.263,15.332,31701
28/07/2014,15.361,15.42,15.018,15.204,29494
29/07/2014,15.303,15.303,15.047,15.204,45278
30/07/2014,15.106,15.204,14.949,15.116,231694
31/07/2014,15.145,15.145,15.008,15.008,22864
01/08/2014,14.949,15.224,14.665,14.772,117310
04/08/2014,14.713,15.008,14.517,14.959,43533
05/08/2014,15.057,15.204,15.018,15.106,82693
06/08/2014,15.155,15.155,14.743,14.792,24419
07/08/2014,14.861,14.861,14.125,14.194,114964
08/08/2014,14.154,14.223,13.635,14.223,198267
11/08/2014,14.38,14.616,14.321,14.616,45469
12/08/2014,14.665,14.665,14.233,14.489,18854
13/08/2014,14.489,14.713,14.321,14.713,24204
14/08/2014,14.763,15.008,14.753,15.008,39180
18/08/2014,15.008,15.135,14.861,14.959,120436
19/08/2014,14.969,15.459,14.969,15.39,185261
20/08/2014,15.39,15.548,15.214,15.548,61088
21/08/2014,15.596,15.911,15.596,15.891,132620
22/08/2014,15.921,15.94,15.499,15.744,58662
25/08/2014,15.763,15.773,15.351,15.499,35567
26/08/2014,15.489,15.499,15.351,15.4,27470
27/08/2014,15.499,15.744,15.449,15.695,43978
28/08/2014,15.695,15.744,14.861,14.939,101346
29/08/2014,14.929,15.479,14.92,15.204,62299
01/09/2014,15.234,15.4,15.155,15.155,67219
02/09/2014,15.184,15.253,15.106,15.253,102090
03/09/2014,15.253,15.773,15.204,15.548,160860
04/09/2014,15.655,15.655,15.44,15.586,47709
05/09/2014,15.685,15.695,15.596,15.675,42657
08/09/2014,15.705,15.754,15.626,15.695,28064
09/09/2014,15.695,16.42,15.695,16.283,230597
10/09/2014,16.204,16.529,16.204,16.43,89741
11/09/2014,16.578,16.578,16.382,16.578,161240
12/09/2014,16.538,16.578,16.008,16.293,88418
15/09/2014,16.293,16.489,16.038,16.382,42913
16/09/2014,16.382,16.626,16.333,16.568,35984
17/09/2014,16.646,16.901,16.626,16.675,139365
18/09/2014,16.774,16.872,16.42,16.42,122617
19/09/2014,16.45,16.842,16.44,16.44,88681
22/09/2014,16.675,16.725,16.382,16.41,19493
23/09/2014,16.519,16.666,16.293,16.293,52184
24/09/2014,16.283,16.479,16.185,16.273,34470
25/09/2014,16.293,16.578,16.293,16.293,26488
26/09/2014,16.283,16.283,16.234,16.273,17263
29/09/2014,16.283,16.382,16.273,16.273,20621
30/09/2014,16.264,16.43,16.264,16.273,83368
01/10/2014,16.372,16.372,16.264,16.273,55696
02/10/2014,16.185,16.333,16.018,16.313,69712
03/10/2014,16.362,16.382,16.283,16.382,14533
06/10/2014,16.479,16.626,16.479,16.626,34021
07/10/2014,16.656,16.666,16.43,16.646,17549
08/10/2014,16.372,16.588,16.372,16.42,10665
09/10/2014,16.479,16.626,16.372,16.538,44505
10/10/2014,16.382,16.469,15.116,16.087,65998
13/10/2014,16.273,16.273,15.724,15.842,232208
14/10/2014,15.646,15.832,15.067,15.4,186193
15/10/2014,15.499,15.685,15.106,15.165,51594
16/10/2014,15.165,15.351,15.018,15.263,279275
17/10/2014,15.341,15.842,15.341,15.842,41502
20/10/2014,15.861,16.185,15.842,15.95,45579
21/10/2014,16.087,16.175,15.891,16.146,26508
22/10/2014,16.195,16.382,15.96,16.107,24811
23/10/2014,16.107,16.283,16.107,16.185,73463
24/10/2014,16.204,16.333,16.136,16.333,35020
27/10/2014,16.362,16.43,16.244,16.382,88475
28/10/2014,16.382,16.46,16.283,16.362,81273
29/10/2014,16.362,16.382,16.185,16.352,27594
30/10/2014,16.372,16.372,16.214,16.333,48539
31/10/2014,16.372,16.382,16.214,16.382,23619
03/11/2014,16.283,16.333,16.244,16.323,80117
04/11/2014,16.333,16.685,16.293,16.519,166391
05/11/2014,16.479,16.578,16.382,16.41,60165
06/11/2014,16.41,16.675,16.382,16.626,45667
07/11/2014,16.626,16.626,16.185,16.254,58464
10/11/2014,16.382,16.382,16.038,16.136,16026
12/11/2014,16.224,16.224,15.891,16.077,45416
13/11/2014,15.911,16.234,15.802,15.969,30100
14/11/2014,15.852,16.136,15.842,16.127,14792
17/11/2014,16.127,16.333,15.891,16.166,67729
18/11/2014,16.166,16.616,16.107,16.578,199817
19/11/2014,16.685,17.45,16.685,17.392,555018
20/11/2014,17.392,17.46,17.048,17.362,129948
21/11/2014,17.46,17.755,17.44,17.608,375709
24/11/2014,17.725,17.872,17.539,17.646,152608
25/11/2014,17.656,17.656,17.097,17.636,116079
26/11/2014,17.598,17.656,17.47,17.509,69408
27/11/2014,17.608,17.608,17.087,17.166,107761
28/11/2014,17.402,17.402,17.147,17.196,57714
01/12/2014,17.196,17.362,17.078,17.087,36320
02/12/2014,17.264,17.636,17.087,17.636,121952
03/12/2014,17.559,18.03,17.47,17.529,283346
04/12/2014,17.509,17.559,16.891,17.058,200091
05/12/2014,17.087,17.254,16.97,17.068,112603
08/12/2014,17.362,17.412,16.794,16.97,178905
09/12/2014,15.303,16.479,15.303,16.264,1153972
10/12/2014,16.45,16.764,16.333,16.479,104211
11/12/2014,16.509,16.626,15.842,15.842,130395
12/12/2014,15.842,16.166,15.695,15.695,96979
15/12/2014,15.695,15.94,15.596,15.911,95496
16/12/2014,15.891,15.911,15.312,15.911,161294
17/12/2014,15.94,15.979,15.636,15.891,29621
18/12/2014,16.146,16.283,15.754,16.224,100666
19/12/2014,16.382,16.382,15.881,15.881,73479
22/12/2014,15.96,16.136,15.792,15.842,131819
23/12/2014,15.842,16.136,15.812,16.058,155729
29/12/2014,16.058,16.166,15.989,16.048,35309
30/12/2014,16.087,16.45,16.058,16.382,206929
02/01/2015,16.764,16.764,16.283,16.479,40570
05/01/2015,16.529,16.529,16.283,16.303,37425
07/01/2015,16.333,16.529,16.185,16.519,49998
08/01/2015,16.529,16.529,16.372,16.499,65710
09/01/2015,16.578,16.656,16.46,16.529,41034
12/01/2015,16.626,16.626,16.391,16.597,101494
13/01/2015,16.597,16.606,16.479,16.489,20748
14/01/2015,16.43,16.578,16.333,16.372,35467
15/01/2015,16.372,16.479,15.744,15.891,197732
16/01/2015,15.989,15.998,15.675,15.695,107240
19/01/2015,15.891,15.94,15.685,15.685,83655
20/01/2015,15.744,15.754,15.499,15.548,75939
21/01/2015,15.685,15.734,15.646,15.734,79446
22/01/2015,15.744,16.283,15.744,15.989,167752
23/01/2015,16.254,16.254,15.989,15.989,74194
26/01/2015,16.273,16.273,15.96,15.96,93796
27/01/2015,16.127,16.273,15.911,15.911,91105
28/01/2015,15.989,16.038,15.646,15.695,246030
29/01/2015,15.695,15.792,15.538,15.744,254354
30/01/2015,15.852,16.087,15.842,15.891,38590
02/02/2015,16.136,16.136,15.646,15.695,67348
03/02/2015,15.852,15.891,15.646,15.744,60373
04/02/2015,15.695,15.861,15.596,15.744,51417
05/02/2015,15.871,15.871,15.596,15.695,44920
06/02/2015,15.783,16.156,15.744,16.097,82656
09/02/2015,16.087,16.087,15.852,15.852,38466
10/02/2015,15.891,16.077,15.891,15.891,16655
11/02/2015,16.038,16.136,15.891,15.989,29890
12/02/2015,16.018,16.127,15.705,15.744,36714
13/02/2015,15.93,15.989,15.792,15.969,31561
16/02/2015,16.048,16.283,15.969,16.185,100084
17/02/2015,16.185,16.333,16.087,16.264,42828
18/02/2015,16.234,16.479,16.185,16.244,43138
19/02/2015,16.42,16.42,16.146,16.244,23518
20/02/2015,16.283,16.283,16.087,16.107,29989
23/02/2015,16.136,16.333,16.136,16.283,103295
24/02/2015,16.264,16.43,16.185,16.43,37907
25/02/2015,16.43,17.018,16.382,16.774,144376
26/02/2015,16.921,17.127,16.872,16.97,173722
27/02/2015,17.018,17.46,16.941,17.313,257916
02/03/2015,17.313,17.843,17.313,17.715,198980
03/03/2015,17.804,17.941,17.755,17.834,99151
04/03/2015,17.852,17.862,17.156,17.705,160610
05/03/2015,17.705,18.049,17.568,18,117871
06/03/2015,18.049,18.638,17.951,18.442,378635
09/03/2015,18.442,18.442,18.176,18.274,157822
10/03/2015,18.442,18.638,18.422,18.519,202038
11/03/2015,18.638,18.638,18.058,18.147,301290
12/03/2015,18.117,18.392,17.755,18.196,171695
13/03/2015,18.245,18.343,18.078,18.157,59570
16/03/2015,18.157,18.519,18.107,18.51,59928
17/03/2015,18.519,18.519,18.264,18.323,46012
18/03/2015,18.323,18.323,17.98,18.196,57167
19/03/2015,18.167,18.313,18.098,18.176,80274
20/03/2015,18.058,18.294,17.97,17.97,283738
23/03/2015,17.97,19.02,17.97,18.873,422241
24/03/2015,19,19.246,18.834,19.226,274131
25/03/2015,19.266,19.422,18.834,18.883,212204
26/03/2015,18.834,18.961,18.657,18.834,79104
27/03/2015,18.834,18.892,18.549,18.824,154399
30/03/2015,18.931,19.333,18.824,19.324,129637
31/03/2015,19.275,19.324,19.226,19.305,82383
01/04/2015,19.314,20.393,19.226,20.001,520981
02/04/2015,20.246,20.795,20.04,20.501,761804
07/04/2015,20.648,21.08,20.648,20.894,442798
08/04/2015,21.09,21.149,20.805,20.874,300182
09/04/2015,20.854,20.894,20.413,20.698,229819
10/04/2015,20.854,20.874,20.109,20.207,229591
13/04/2015,20.551,20.795,20.315,20.747,99678
14/04/2015,20.757,20.991,20.492,20.805,143254
15/04/2015,20.795,20.844,20.403,20.757,161543
16/04/2015,20.766,20.943,20.511,20.933,830048
17/04/2015,21.07,21.266,20.795,20.834,163468
20/04/2015,20.834,21.08,20.668,20.785,192513
21/04/2015,20.884,20.991,20.511,20.589,172009
22/04/2015,20.698,20.698,20.531,20.688,126786
23/04/2015,20.698,20.698,19.137,20.06,266412
24/04/2015,20.109,20.286,19.275,19.618,242676
27/04/2015,19.618,19.903,19.226,19.383,358764
28/04/2015,19.501,20.511,19.324,20.256,216566
29/04/2015,20.599,20.707,20.011,20.089,95182
30/04/2015,20.295,20.295,19.628,20.295,95607
04/05/2015,20.354,20.707,20.354,20.599,127657
05/05/2015,20.599,20.629,20.256,20.354,103395
06/05/2015,20.403,20.521,20.011,20.256,144082
07/05/2015,20.119,20.207,19.913,20.06,94857
08/05/2015,20.207,20.599,20.06,20.345,189683
11/05/2015,20.727,21.59,20.403,21.59,654430
12/05/2015,22.561,22.953,22.07,22.797,880335
13/05/2015,23.464,25.249,23.346,24.415,1558676
14/05/2015,24.67,24.67,23.1,24.023,655885
15/05/2015,24.003,24.514,23.621,24.229,388169
18/05/2015,24.71,25.396,23.964,24.522,886397
19/05/2015,24.964,24.964,21.658,22.953,1589656
20/05/2015,22.561,23.827,21.708,23.179,1913483
21/05/2015,23.483,23.611,22.855,23.522,391563
22/05/2015,23.444,23.512,23.013,23.316,221020
25/05/2015,23.013,23.052,22.139,22.953,299299
26/05/2015,22.846,23.522,22.532,23.052,408429
27/05/2015,22.963,23.512,22.963,23.12,167919
28/05/2015,23.199,23.483,23.199,23.316,175933
29/05/2015,23.316,23.777,23.179,23.777,456379
01/06/2015,23.542,23.542,23.003,23.209,217114
02/06/2015,23.159,23.365,22.227,22.414,293345
03/06/2015,22.189,22.404,21.787,21.787,342735
05/06/2015,21.581,21.581,20.217,20.815,534448
08/06/2015,20.157,20.599,19.285,19.932,712518
09/06/2015,19.618,24.033,19.549,24.013,1708707
10/06/2015,24.514,25.298,22.993,22.993,1917684
11/06/2015,23.1,23.591,22.09,22.237,662830
12/06/2015,22.266,22.708,21.924,22.13,453259
15/06/2015,21.727,23.1,21.609,22.875,435992
16/06/2015,23.052,23.689,23.003,23.532,498880
17/06/2015,23.532,23.914,22.953,23.248,434972
18/06/2015,23.15,23.689,22.914,23.64,410807
19/06/2015,23.728,23.728,23.248,23.248,208102
22/06/2015,23.375,23.483,23.248,23.425,121959
23/06/2015,23.493,23.542,23.346,23.444,104354
24/06/2015,23.522,23.522,23.071,23.395,184918
25/06/2015,23.395,24.415,23.258,24.033,462298
26/06/2015,24.13,24.219,23.748,23.934,94364
29/06/2015,22.659,23.542,22.365,23.052,414911
30/06/2015,23.15,23.326,22.953,23.326,186008
01/07/2015,23.434,24.219,23.248,23.846,219720
02/07/2015,23.846,24.179,23.846,24.033,177750
03/07/2015,24.033,24.11,23.886,24.033,138342
06/07/2015,23.542,24.033,23.542,23.836,93066
07/07/2015,23.846,24.13,23.179,23.277,226031
08/07/2015,23.444,23.64,23.277,23.562,143733
09/07/2015,23.738,24.229,23.542,24.082,172521
10/07/2015,24.229,25.209,24.229,25.013,417929
13/07/2015,25.357,25.984,24.847,25.504,688756
14/07/2015,25.504,25.641,25.112,25.308,146906
15/07/2015,25.298,25.798,24.729,25.621,267949
16/07/2015,25.994,26.289,25.71,26.181,303153
17/07/2015,26.239,26.269,25.886,26.171,90757
20/07/2015,26.289,26.416,25.916,25.994,208170
21/07/2015,26.043,26.249,25.209,25.259,245103
22/07/2015,25.308,25.778,25.112,25.435,159853
23/07/2015,25.553,26.092,25.16,25.798,126809
24/07/2015,25.847,25.857,25.602,25.749,49915
27/07/2015,25.749,25.994,25.504,25.651,169114
28/07/2015,25.553,25.886,25.405,25.474,72129
29/07/2015,25.671,25.798,25.357,25.445,184101
30/07/2015,25.445,25.602,25.405,25.514,159920
31/07/2015,25.602,26.092,25.602,25.994,116596
03/08/2015,26.191,26.191,25.896,26.181,134664
04/08/2015,26.191,26.975,26.092,26.779,496266
05/08/2015,26.926,27.152,26.298,26.916,289899
06/08/2015,26.916,27.053,26.289,26.348,181124
07/08/2015,26.289,26.975,26.152,26.583,107731
10/08/2015,26.818,26.975,26.681,26.916,80660
11/08/2015,26.985,27.417,26.985,27.025,208650
12/08/2015,27.025,27.259,27.015,27.025,152484
13/08/2015,27.132,27.544,27.034,27.211,268599
14/08/2015,27.338,27.338,27.083,27.162,95643
17/08/2015,27.211,27.221,26.328,26.641,169397
18/08/2015,26.828,26.828,26.092,26.348,207121
19/08/2015,26.348,27.005,26.308,26.779,137274
20/08/2015,26.779,26.857,26.485,26.534,210064
21/08/2015,26.485,26.809,26.21,26.475,230922
24/08/2015,25.514,25.514,21.59,24.326,1290994
25/08/2015,24.14,26.554,23.748,25.994,641033
26/08/2015,26.387,27.005,24.827,25.504,1204218
27/08/2015,25.994,26.289,23.542,24.72,979779
28/08/2015,24.326,24.522,22.884,22.914,848181
31/08/2015,23.032,23.836,22.953,23.836,355721
01/09/2015,23.836,24.082,23.336,23.817,355540
02/09/2015,23.817,24.425,23.817,24.179,202181
03/09/2015,24.425,25.062,24.179,25.062,246980
04/09/2015,25.357,25.357,24.572,25.19,231594
07/09/2015,25.19,25.19,24.082,24.356,211450
08/09/2015,24.229,24.964,24.062,24.964,152942
09/09/2015,25.033,25.16,24.454,24.454,199962
10/09/2015,24.454,24.68,24.062,24.13,190119
11/09/2015,24.435,24.66,23.562,24.268,353853
14/09/2015,24.522,24.522,23.876,24.494,213907
15/09/2015,24.425,24.425,24.052,24.405,250959
16/09/2015,24.425,25.092,24.248,25.092,318864
17/09/2015,25.16,26.092,25.131,25.641,710390
18/09/2015,25.896,25.896,24.916,25.366,336456
21/09/2015,25.455,25.778,25.455,25.73,393376
22/09/2015,25.798,25.984,25.72,25.798,246042
23/09/2015,25.798,25.896,25.602,25.759,284967
24/09/2015,25.68,25.896,25.602,25.896,174452
25/09/2015,25.808,26.583,25.641,26.289,365383
28/09/2015,26.485,26.504,25.671,25.769,194607
29/09/2015,25.553,26.142,25.013,25.847,313282
30/09/2015,25.72,26.455,25.72,26.416,231399
01/10/2015,26.445,26.445,25.788,25.788,153725
02/10/2015,25.808,26.161,25.769,26.092,138661
05/10/2015,26.171,26.289,25.994,25.994,160612
06/10/2015,26.043,26.906,26.043,26.76,306737
07/10/2015,26.828,26.975,25.337,25.405,1544556
08/10/2015,25.641,26.171,25.524,26.053,194484
09/10/2015,26.22,26.681,26.191,26.298,158306
12/10/2015,26.485,26.583,26.298,26.583,199538
13/10/2015,26.583,26.583,26.112,26.406,60750
14/10/2015,26.406,26.426,26.122,26.229,60372
15/10/2015,26.229,26.583,26.023,26.485,258579
16/10/2015,26.485,26.524,26.092,26.524,122622
19/10/2015,26.485,26.485,26.023,26.152,91507
20/10/2015,26.092,26.289,25.611,26.181,148435
21/10/2015,26.171,26.485,25.975,26.289,133759
22/10/2015,26.426,26.455,26.142,26.289,127399
23/10/2015,26.289,26.289,26.043,26.043,112389
26/10/2015,25.946,26.544,25.896,26.475,132645
27/10/2015,26.455,26.465,26.308,26.377,146829
28/10/2015,26.377,26.445,26.102,26.445,74157
29/10/2015,26.387,26.435,25.916,26.142,75250
30/10/2015,25.994,26.289,25.994,26.092,93387
02/11/2015,26.435,26.435,26.152,26.387,197209
03/11/2015,26.387,26.651,26.239,26.465,279885
04/11/2015,26.318,26.534,26.2,26.426,206803
05/11/2015,26.289,26.406,26.014,26.142,76884
06/11/2015,26.142,26.142,25.994,26.043,123959
09/11/2015,26.377,26.377,25.994,26.053,83625
10/11/2015,25.994,26.053,25.504,25.788,216882
12/11/2015,24.474,24.906,23.444,23.856,561595
13/11/2015,23.856,24.013,21.973,22.051,609210
16/11/2015,22.07,22.875,21.05,22.561,669955
17/11/2015,23.042,23.748,22.855,23.248,244454
18/11/2015,23.532,23.532,22.296,22.561,188623
19/11/2015,22.561,23.032,21.884,22.276,157883
20/11/2015,22.169,22.688,22.07,22.07,124186
23/11/2015,22.179,22.316,21.246,21.286,200012
24/11/2015,21.237,21.924,20.923,20.923,341376
25/11/2015,20.923,23.493,20.923,22.335,266093
26/11/2015,22.335,22.757,22.07,22.355,133758
27/11/2015,22.63,22.855,22.482,22.807,204260
30/11/2015,23.052,23.052,22.159,22.159,113174
01/12/2015,22.266,22.551,22.266,22.463,130604
02/12/2015,22.482,22.728,22.08,22.561,123104
03/12/2015,22.561,22.561,21.806,22.021,147775
04/12/2015,21.874,22.463,21.6,22.375,297803
07/12/2015,22.855,22.894,22.149,22.365,226105
08/12/2015,22.561,22.561,22.169,22.316,91267
09/12/2015,22.453,22.522,21.864,22.07,129101
10/12/2015,22.12,22.266,22.031,22.12,61634
11/12/2015,22.512,22.522,21.825,21.973,135043
14/12/2015,21.973,22.07,21.825,21.874,106763
15/12/2015,21.777,22.335,21.639,22.335,80861
16/12/2015,22.365,22.463,22.051,22.169,229557
17/12/2015,22.365,22.365,22.12,22.316,97827
18/12/2015,22.365,22.365,22.169,22.169,152292
21/12/2015,22.179,23.493,22.179,23.375,273793
22/12/2015,23.444,23.444,22.807,22.875,93201
23/12/2015,22.855,22.953,22.659,22.708,201841
28/12/2015,22.718,22.787,22.276,22.375,268763
29/12/2015,22.375,22.561,22.266,22.316,256989
30/12/2015,22.266,22.365,21.698,21.727,395677
04/01/2016,21.727,21.864,21.246,21.551,118684
05/01/2016,21.874,22.07,21.581,22.031,71356
07/01/2016,21.571,21.6,20.707,20.894,492824
08/01/2016,20.805,21.07,19.745,20.256,578872
11/01/2016,19.844,20.452,19.726,20.207,319962
12/01/2016,20.119,21.6,20.119,21.6,391849
13/01/2016,21.581,21.777,21.197,21.335,155791
14/01/2016,21.207,22.07,21.001,22.07,173780
15/01/2016,21.874,22.012,21.217,21.237,181533
18/01/2016,20.825,21.217,20.629,20.991,112962
19/01/2016,21.217,21.217,21.021,21.04,72566
20/01/2016,20.894,20.894,20.305,20.551,109030
21/01/2016,20.492,20.894,20.305,20.511,207827
22/01/2016,20.795,21.09,20.599,20.844,104594
25/01/2016,21.119,22.169,20.981,22.11,215013
26/01/2016,21.953,22.708,21.678,22.601,547124
27/01/2016,22.61,23.052,22.571,22.601,198972
28/01/2016,22.443,22.904,22.13,22.757,64626
29/01/2016,22.757,22.904,22.512,22.649,175281
01/02/2016,22.865,22.865,22.414,22.649,158717
02/02/2016,22.659,22.757,22.404,22.414,136311
03/02/2016,22.414,22.62,22.218,22.218,167190
04/02/2016,22.365,22.365,21.884,22.07,123907
05/02/2016,22.09,22.306,21.963,22.08,157382
08/02/2016,22.169,22.276,21.296,21.767,161499
09/02/2016,21.619,21.767,21.403,21.581,84534
10/02/2016,21.581,22.463,21.551,21.787,145893
11/02/2016,22.031,22.031,21.04,21.187,159659
12/02/2016,21.187,21.668,21.04,21.1,151836
15/02/2016,21.482,21.6,21.001,21.197,128419
16/02/2016,21.315,21.315,20.363,20.805,150172
17/02/2016,20.629,21.561,20.629,21.393,151931
18/02/2016,21.581,22.414,21.187,21.718,222598
19/02/2016,21.777,22.266,21.737,21.874,145527
22/02/2016,22.07,22.757,22.07,22.698,266148
23/02/2016,22.659,23.228,22.571,22.678,231066
24/02/2016,22.678,23.032,22.08,22.365,154904
25/02/2016,22.395,22.61,21.737,21.973,150698
26/02/2016,22.218,22.698,22.07,22.561,156753
29/02/2016,22.894,22.894,22.276,22.561,67759
01/03/2016,22.424,22.826,22.306,22.561,164357
02/03/2016,22.757,22.904,22.591,22.708,164110
03/03/2016,22.708,23.689,22.708,23.542,592179
04/03/2016,23.66,24.405,23.601,24.288,463266
07/03/2016,24.229,24.532,24.033,24.062,256417
08/03/2016,23.689,24.13,23.199,23.581,251567
09/03/2016,23.581,23.581,22.463,23.542,392945
10/03/2016,23.581,24.601,23.052,24.425,1027318
11/03/2016,24.425,24.504,23.934,24.376,407792
14/03/2016,24.484,24.484,23.65,23.728,117829
15/03/2016,23.296,23.738,23.11,23.738,198360
16/03/2016,23.296,24.082,23.296,23.964,105949
17/03/2016,24.082,24.376,23.934,24.376,155586
18/03/2016,24.326,24.504,24.189,24.504,266857
21/03/2016,24.474,24.494,24.229,24.464,125874
22/03/2016,24.425,24.504,24.13,24.415,195252
23/03/2016,24.425,24.484,24.229,24.229,79928
24/03/2016,24.326,24.504,24.229,24.504,103330
29/03/2016,24.504,25.209,24.425,25.013,313900
30/03/2016,25.112,25.504,24.916,25.504,387351
31/03/2016,25.504,25.553,25.141,25.209,356144
01/04/2016,25.112,25.112,24.847,24.866,122951
04/04/2016,24.964,25.69,24.778,25.69,143983
05/04/2016,25.651,25.651,25.043,25.357,194893
06/04/2016,25.357,25.405,25.15,25.199,145993
07/04/2016,25.405,25.405,25.209,25.366,144755
08/04/2016,25.308,25.504,25.131,25.504,623201
11/04/2016,25.504,25.504,25.249,25.396,305655
12/04/2016,25.357,25.357,24.807,24.807,117265
13/04/2016,24.72,25.112,24.552,25.112,130374
14/04/2016,25.102,25.396,24.944,25.376,257526
15/04/2016,25.357,25.435,25.229,25.357,73330
18/04/2016,25.405,25.455,25.199,25.455,77473
19/04/2016,25.455,25.504,25.366,25.504,175924
20/04/2016,25.494,25.504,25.396,25.494,59206
21/04/2016,25.405,25.592,24.916,25.298,209675
22/04/2016,25.308,25.445,24.944,25.445,85006
25/04/2016,25.484,25.484,25.112,25.396,59471
26/04/2016,25.298,25.455,24.964,24.964,98226
27/04/2016,25.19,25.19,24.758,24.876,120402
28/04/2016,25.062,25.386,24.817,25.18,348279
29/04/2016,25.013,25.288,24.866,24.964,27470
02/05/2016,24.935,25.239,24.67,24.817,52028
04/05/2016,24.817,25.082,24.68,24.68,113712
05/05/2016,24.69,24.857,23.474,24.12,221248
06/05/2016,24.082,24.12,23.542,23.886,187077
09/05/2016,23.934,24.522,23.934,24.033,167843
10/05/2016,24.229,24.522,24.13,24.522,169040
11/05/2016,24.66,25.328,24.572,25.112,153873
12/05/2016,25.112,25.298,24.788,25.112,170560
13/05/2016,24.974,25.259,24.857,25.199,319493
16/05/2016,25.209,26.191,25.199,26.191,315003
17/05/2016,26.191,26.191,25.405,25.877,136935
18/05/2016,25.886,26.524,25.504,26.524,432420
19/05/2016,26.524,26.583,26.092,26.21,75594
20/05/2016,26.181,26.475,25.72,26.023,215478
23/05/2016,25.994,26.465,25.926,26.455,78479
24/05/2016,26.397,26.475,25.946,26.171,109592
25/05/2016,26.171,26.583,26.171,26.583,404573
27/05/2016,26.661,27.231,26.631,27.221,264039
30/05/2016,27.221,27.623,26.083,26.083,310707
31/05/2016,26.083,26.455,25.994,26.328,203595
01/06/2016,26.328,26.328,25.484,25.798,281824
02/06/2016,25.7,26.289,25.553,26.152,144550
03/06/2016,25.906,26.279,25.504,26.043,106341
06/06/2016,25.7,26.681,25.7,26.681,181057
07/06/2016,26.671,27.318,26.622,27.259,254388
08/06/2016,26.847,27.269,26.445,26.877,152770
09/06/2016,27.053,27.162,26.779,27.162,86084
10/06/2016,27.172,27.269,26.465,26.779,123888
13/06/2016,26.828,26.828,25.71,26.279,134562
14/06/2016,26.348,26.426,24.738,25.405,251947
15/06/2016,25.357,26.485,24.631,26.348,399417
16/06/2016,26.455,26.455,25.847,25.896,472914
17/06/2016,25.896,26.485,25.514,26.191,135544
20/06/2016,26.191,26.554,25.916,26.004,240819
21/06/2016,25.946,26.387,25.946,26.279,190510
22/06/2016,26.318,26.435,26.239,26.426,190322
23/06/2016,26.426,27.122,26.142,26.966,237987
24/06/2016,24.229,26.406,24.033,26.406,507112
27/06/2016,26.092,26.338,25.798,25.798,166895
28/06/2016,25.72,26.641,25.72,26.397,186680
29/06/2016,26.691,26.779,26.435,26.681,174223
30/06/2016,26.75,27.152,26.485,26.877,355718
01/07/2016,27.053,27.122,26.7,26.926,132832
04/07/2016,26.671,26.877,26.485,26.857,121971
05/07/2016,26.779,26.877,26.691,26.877,22079
06/07/2016,26.877,27.269,26.71,27.083,249606
07/07/2016,26.975,28.005,26.975,27.956,466780
08/07/2016,27.956,28.398,27.809,27.867,221382
11/07/2016,27.956,28.152,27.661,28.152,143926
12/07/2016,28.231,28.937,28.172,28.937,456621
13/07/2016,29.133,29.231,28.221,28.447,224223
14/07/2016,28.495,28.937,28.388,28.623,65791
15/07/2016,28.673,30.408,28.673,30.408,521001
18/07/2016,30.212,31.39,29.967,31.095,269519
19/07/2016,31.144,31.34,30.8,31.202,171253
20/07/2016,31.39,33.057,31.262,31.978,476741
21/07/2016,32.125,32.664,32.076,32.37,268759
22/07/2016,32.37,32.703,32.018,32.39,374549
25/07/2016,32.37,32.664,32.37,32.596,219933
26/07/2016,32.606,32.743,32.351,32.517,129963
27/07/2016,32.596,32.909,31.87,32.606,290535
28/07/2016,32.664,33.155,32.37,33.057,141323
29/07/2016,33.175,34.175,33.057,34.135,324925
01/08/2016,34.135,34.773,32.664,33.547,369216
02/08/2016,33.743,34.077,32.959,33.351,212202
03/08/2016,33.361,33.469,32.125,32.909,318308
04/08/2016,32.664,32.772,31.291,31.84,376998
05/08/2016,31.683,32.105,31.202,31.929,330110
08/08/2016,32.125,32.861,32.125,32.861,321628
09/08/2016,32.861,33.842,32.861,33.41,279005
10/08/2016,33.351,33.685,32.812,33.685,214375
11/08/2016,33.547,34.067,33.351,34.067,314292
12/08/2016,34.195,34.852,34.135,34.745,310083
16/08/2016,34.763,34.783,33.929,34.587,245787
17/08/2016,34.509,34.676,34.234,34.676,191901
18/08/2016,34.685,35.244,34.567,35.244,446058
19/08/2016,35.313,35.666,35.117,35.627,197016
22/08/2016,35.666,37.167,35.509,37.128,271713
23/08/2016,37.274,37.274,36.598,37.02,443891
24/08/2016,37.078,37.128,35.971,36.294,327471
25/08/2016,37.765,38.286,36.892,37.971,361864
26/08/2016,37.971,40.207,37.971,40.12,1036668
29/08/2016,40.708,42.091,40.169,41.463,691068
30/08/2016,41.473,41.473,39.795,40.806,562465
31/08/2016,40.815,41.689,40.815,41.689,355343
01/09/2016,41.738,41.885,39.825,40.512,370289
02/09/2016,40.482,42.18,40.217,41.974,258341
05/09/2016,42.316,43.651,42.081,42.679,1710005
06/09/2016,42.679,43.356,42.18,43.249,159838
07/09/2016,43.346,43.406,42.326,42.376,129530
08/09/2016,42.376,42.376,40.629,41.051,226288
09/09/2016,41.051,42.081,41.051,41.689,271041
12/09/2016,41.287,41.296,38.844,39.482,281909
13/09/2016,39.629,42.572,39.629,41.552,147913
14/09/2016,41.552,42.366,40.806,41.13,53473
15/09/2016,40.855,40.904,39.482,39.825,127147
16/09/2016,40.316,41.934,39.57,40.708,311344
19/09/2016,40.708,41.631,40.561,40.806,96028
20/09/2016,40.708,41.199,39.855,41.199,124897
21/09/2016,41.199,41.395,40.326,40.61,66952
22/09/2016,40.61,40.797,39.766,39.786,111862
23/09/2016,40.217,40.217,38.354,38.452,293716
26/09/2016,38.452,39.129,37.52,38.177,116269
27/09/2016,38.452,38.962,37.864,38.51,93618
28/09/2016,38.854,39.07,38.256,38.344,48538
29/09/2016,38.698,39.718,37.53,38.981,1238481
30/09/2016,39.08,39.825,38.373,39.1,179726
03/10/2016,39.874,40.512,39.433,39.924,90529
04/10/2016,40.217,40.217,38.844,38.894,162027
05/10/2016,39.138,39.335,38.324,38.844,486432
06/10/2016,39.286,39.286,37.569,37.942,151026
07/10/2016,38.138,39.502,38.138,38.256,154490
10/10/2016,38.746,39.031,38.648,38.746,57125
11/10/2016,38.795,39.227,38.746,38.746,85445
12/10/2016,38.746,38.894,38.55,38.894,93988
13/10/2016,38.894,39.129,37.961,38.167,77791
14/10/2016,38.157,38.981,38.157,38.854,64848
17/10/2016,38.256,38.894,38.217,38.844,79054
18/10/2016,38.942,39.178,38.746,38.991,72466
19/10/2016,38.648,38.844,38.648,38.756,161716
20/10/2016,38.756,39.06,38.276,39.011,282882
21/10/2016,39.187,39.227,38.942,39.197,243478
24/10/2016,39.237,39.953,38.746,38.844,99003
25/10/2016,38.854,39.05,38.766,38.844,69163
26/10/2016,38.726,39.041,37.736,38.256,163015
27/10/2016,38.256,39.502,38.256,39.227,330625
28/10/2016,39.207,39.207,38.795,38.795,92839
31/10/2016,38.894,39.423,38.874,39.119,56140
02/11/2016,39.129,39.129,38.314,38.942,147023
03/11/2016,38.472,39.041,38.354,38.991,98360
04/11/2016,38.991,39.119,38.52,38.795,66840
07/11/2016,38.746,39.609,38.746,38.835,112904
08/11/2016,38.952,39.138,38.795,38.844,65344
09/11/2016,38.266,39.864,38.266,38.815,124527
10/11/2016,38.913,39.335,38.746,38.795,64807
14/11/2016,38.942,39.09,38.746,38.795,203289
15/11/2016,38.805,39.227,38.766,39.217,93854
16/11/2016,39.227,39.256,38.815,38.962,70292
17/11/2016,38.962,39.227,38.609,38.864,185514
18/11/2016,39.041,39.237,37.589,39.237,494111
21/11/2016,39.237,39.433,38.894,39.374,108887
22/11/2016,39.374,42.395,39.374,42.395,295981
23/11/2016,42.572,43.16,41.875,42.395,525557
24/11/2016,42.699,48.242,42.699,47.741,790641
25/11/2016,48.555,48.987,46.123,48.055,555349
28/11/2016,48.075,48.85,47.231,47.673,314708
29/11/2016,47.673,48.065,46.711,47.329,403646
30/11/2016,47.359,47.711,46.594,46.8,272006
01/12/2016,47.143,49.909,46.75,49.291,616823
02/12/2016,49.909,52.969,49.125,50.674,509865
05/12/2016,51.302,52.676,51.302,52.656,222795
06/12/2016,52.979,53.46,50.664,51.606,201600
07/12/2016,51.646,51.92,48.291,50.125,335303
08/12/2016,50.37,51.44,48.428,51.272,288944
09/12/2016,51.979,51.989,49.537,50.527,216198
12/12/2016,50.812,51.008,49.85,50.812,168501
13/12/2016,50.812,51.862,50.223,51.312,72917
14/12/2016,51.498,52.636,50.763,51.498,168901
15/12/2016,51.989,52.42,51.008,51.969,103322
16/12/2016,51.989,52.175,50.046,50.674,247252
19/12/2016,50.419,50.419,49.193,49.537,402612
20/12/2016,49.537,51.498,49.193,50.232,1638203
21/12/2016,51.106,51.194,50.301,51.008,104107
22/12/2016,50.713,50.812,50.517,50.586,52245
23/12/2016,50.664,51.449,50.576,51.312,87916
27/12/2016,51.204,51.468,50.998,51.008,147528
28/12/2016,50.812,51.694,50.713,51.646,81658
29/12/2016,51.646,51.783,51.008,51.321,48676
30/12/2016,51.498,51.498,51.076,51.204,246098
02/01/2017,51.204,51.557,51.204,51.381,29139
03/01/2017,51.41,51.802,50.419,51.155,155686
04/01/2017,51.204,51.351,50.586,50.919,81413
05/01/2017,50.713,51.694,50.596,51.204,79821
09/01/2017,51.252,51.684,50.547,51.684,133248
10/01/2017,51.204,52.773,51.204,51.989,189713
11/01/2017,52.175,54.813,52.175,53.411,403277
12/01/2017,53.941,55.059,53.538,53.803,274954
13/01/2017,54.441,54.637,52.234,52.882,173660
16/01/2017,52.882,54.314,52.882,53.941,162933
17/01/2017,54.195,54.431,53.715,54.108,167508
18/01/2017,54.529,54.529,53.773,54.019,145657
19/01/2017,54.048,55.157,53.862,55.157,254807
20/01/2017,55.51,57.374,55.225,57.324,245579
23/01/2017,57.492,59.346,56.118,58.021,354476
24/01/2017,58.07,58.423,57.089,58.364,136007
25/01/2017,58.364,59.031,57.511,58.492,131097
26/01/2017,58.855,58.954,57.874,58.374,244725
27/01/2017,58.55,58.55,57.403,58.12,76664
30/01/2017,57.874,58.031,57.629,57.874,108646
31/01/2017,57.678,57.825,56.403,57.53,128307
01/02/2017,57.776,58.354,57.678,57.874,115546
02/02/2017,57.874,58.688,56.52,57.874,255280
03/02/2017,57.874,58.247,57.158,57.649,99968
06/02/2017,57.678,58.835,57.678,58.56,128504
07/02/2017,58.845,60.621,58.738,60.621,219551
08/02/2017,60.621,64.721,60.621,62.289,382467
09/02/2017,63.563,63.848,62.877,63.456,188333
10/02/2017,63.662,66.046,63.456,65.388,258308
13/02/2017,65.721,68.163,65.721,68.115,236059
14/02/2017,68.173,68.772,67.193,67.977,163535
15/02/2017,68.369,68.369,67.301,68.173,111076
16/02/2017,68.272,68.272,67.684,68.173,111415
17/02/2017,68.173,68.664,67.88,67.88,149862
20/02/2017,68.163,68.566,67.977,68.566,114507
21/02/2017,68.566,73.029,68.557,72.813,323147
22/02/2017,75.53,76.277,69.763,71.215,515494
23/02/2017,72.098,73.746,71.411,72.922,191015
24/02/2017,73.412,73.568,69.066,69.645,323069
27/02/2017,69.645,71.411,69.635,70.823,206769
28/02/2017,71.116,71.607,64.838,69.106,1019864
01/03/2017,69.645,72.734,69.203,72.686,354630
02/03/2017,73.078,74.491,71.607,72.274,231606
03/03/2017,72.568,72.588,71.116,71.607,141707
06/03/2017,71.607,71.882,69.694,69.743,153534
07/03/2017,69.449,72.49,67.301,71.872,421561
08/03/2017,72.098,72.588,70.724,71.783,234140
09/03/2017,71.783,71.803,69.821,71.116,134377
10/03/2017,71.116,72.941,71.116,71.783,132959
13/03/2017,72.294,72.676,70.803,71.607,128475
14/03/2017,72.098,72.686,71.705,72.686,166406
15/03/2017,73.078,74.54,72.166,72.568,301561
16/03/2017,73.765,74.942,73.471,74.55,186469
17/03/2017,75.04,75.53,74.55,75.53,239011
20/03/2017,75.53,75.923,74.55,75.03,140004
21/03/2017,75.03,75.03,74.049,74.824,194046
22/03/2017,73.961,73.961,71.116,72.49,283594
23/03/2017,72.107,74.844,72.107,74.314,104959
24/03/2017,74.304,74.795,73.353,74.255,109215
27/03/2017,73.088,74.158,72.245,72.686,82637
28/03/2017,73.235,73.814,71.215,71.803,174868
29/03/2017,71.803,72.568,71.116,71.225,125329
30/03/2017,73.128,75.815,71.627,73.078,392866
31/03/2017,74.059,74.344,72.294,72.784,139006
03/04/2017,73.461,73.461,72.009,72.372,92659
04/04/2017,71.999,72.98,71.999,72.284,90110
05/04/2017,72.391,73.353,71.892,71.901,126629
06/04/2017,69.155,72.098,69.155,70.871,116168
07/04/2017,70.871,71.087,69.645,70.626,116542
10/04/2017,70.43,70.626,67.379,67.595,293971
11/04/2017,67.684,68.311,64.525,65.133,963776
12/04/2017,64.652,66.506,64.642,64.986,428808
13/04/2017,65.034,65.604,61.023,63.563,517941
18/04/2017,64.054,67.575,63.789,65.23,321338
19/04/2017,65.721,68.713,65.525,68.713,232370
20/04/2017,69.645,70.528,66.8,67.301,192255
21/04/2017,67.272,67.88,65.28,65.436,242384
24/04/2017,66.016,66.555,64.545,65.476,133416
25/04/2017,65.721,66.114,63.662,64.545,276238
26/04/2017,64.25,64.25,62.289,63.858,340206
27/04/2017,63.759,66.339,63.475,66.153,172691
28/04/2017,66.398,66.85,66.114,66.496,196658
02/05/2017,67.163,69.841,66.516,67.684,180292
04/05/2017,68.644,68.939,64.77,66.339,181125
05/05/2017,64.937,67.183,64.78,66.123,192248
08/05/2017,66.702,67.193,65.23,65.23,89798
09/05/2017,65.309,66.202,64.368,64.741,196656
10/05/2017,64.741,67.428,64.397,67.428,211386
11/05/2017,67.605,67.88,66.242,66.712,77169
12/05/2017,65.977,67.183,65.82,66.016,94065
15/05/2017,67.487,67.487,65.359,65.82,202995
16/05/2017,64.848,66.252,64.741,65.064,150546
17/05/2017,64.741,64.986,63.269,64.348,227456
18/05/2017,64.299,65.436,63.269,64.25,200419
19/05/2017,64.888,65.319,64.309,64.927,182833
22/05/2017,65.23,68.154,65.23,67.585,238648
23/05/2017,68.163,68.163,66.654,67.684,172871
24/05/2017,68.86,71.508,68.86,70.126,670991
25/05/2017,72.598,74.452,72.195,72.195,515754
26/05/2017,72.441,73.068,70.95,71.607,167099
29/05/2017,72.453,74.364,71.866,74.145,368767
30/05/2017,74.423,78.116,74.145,77.23,606786
31/05/2017,76.702,78.613,75.976,78.554,502365
01/06/2017,78.524,81.609,77.827,81.609,508012
02/06/2017,81.808,82.495,80.614,81.609,240381
05/06/2017,82.087,82.604,79.619,79.619,196807
06/06/2017,77.728,79.619,76.434,79.619,357237
07/06/2017,80.116,81.589,78.245,79.818,195408
08/06/2017,80.196,81.46,79.121,81.3,236307
09/06/2017,81.211,82.495,80.126,81.828,268208
12/06/2017,81.599,81.599,79.668,81.31,238622
13/06/2017,80.216,83.599,80.116,83.589,401757
14/06/2017,83.589,84.485,81.35,81.35,244509
16/06/2017,80.912,83.58,80.912,82.206,151769
19/06/2017,83.4,84.097,83.102,83.589,162145
20/06/2017,83.599,83.988,82.117,82.972,130984
21/06/2017,83.38,83.848,82.186,82.564,194420
22/06/2017,82.306,83.779,82.107,82.107,208980
23/06/2017,82.107,83.4,82.107,83.221,46068
26/06/2017,82.953,85.59,82.953,85.59,205100
27/06/2017,85.789,86.446,84.804,85.59,109323
28/06/2017,85.59,86.346,85.092,85.092,112602
29/06/2017,85.102,85.59,84.933,85.59,60547
30/06/2017,85.54,86.078,84.605,85.63,98068
03/07/2017,85.63,85.689,84.107,84.903,157012
04/07/2017,84.903,84.903,82.813,83.231,71763
05/07/2017,83.231,83.49,77.648,82.306,508487
06/07/2017,82.306,82.306,80.046,81.111,322850
07/07/2017,80.713,81.599,79.32,79.32,82564
10/07/2017,79.519,81.499,79.519,81.012,86494
11/07/2017,81.609,82.495,80.236,80.644,106236
12/07/2017,80.644,82.505,80.644,82.395,86230
13/07/2017,82.604,83.002,81.808,83.002,163034
14/07/2017,83.301,83.301,80.713,81.46,79686
17/07/2017,82.246,82.246,80.863,81.519,71795
18/07/2017,80.723,82.196,80.723,82.107,104874
19/07/2017,81.997,82.803,81.808,82.803,72167
20/07/2017,82.803,86.078,82.803,86.078,227069
21/07/2017,86.078,87.58,86.078,86.585,135667
24/07/2017,86.585,86.784,86.167,86.585,75911
25/07/2017,86.585,87.779,83.649,86.784,125656
26/07/2017,87.242,87.58,86.287,86.864,74896
27/07/2017,87.083,88.078,86.585,86.973,104557
28/07/2017,87.58,87.58,85.092,86.366,87336
31/07/2017,87.58,87.58,85.411,86.088,111092
01/08/2017,86.386,87.033,85.859,86.784,73904
02/08/2017,86.824,87.57,85.59,86.277,108597
03/08/2017,85.689,86.068,84.605,85.242,102955
04/08/2017,84.595,86.456,84.595,84.913,76788
07/08/2017,85.789,86.187,85.102,85.291,85951
08/08/2017,85.779,86.366,83.619,84.406,113186
09/08/2017,84.595,84.595,83.729,83.798,69475
10/08/2017,83.798,85.689,83.709,84.435,53214
11/08/2017,83.599,84.037,82.704,83.599,95576
14/08/2017,83.599,84.376,82.823,84.207,37789
16/08/2017,84.595,86.784,83.938,86.585,110035
17/08/2017,86.565,86.784,85.689,86.386,176710
18/08/2017,86.187,86.386,85.092,86.088,34575
21/08/2017,85.789,86.575,85.381,86.088,51071
22/08/2017,86.088,86.585,84.097,84.654,134710
23/08/2017,85.57,85.57,83.798,84.306,349368
24/08/2017,84.495,84.595,84.097,84.396,55268
25/08/2017,84.595,85.192,83.699,84.495,69134
28/08/2017,84.495,84.585,83.848,83.998,67876
29/08/2017,84.585,84.585,79.658,80.136,335724
30/08/2017,81.48,82.485,80.236,80.624,178991
31/08/2017,81.609,83.729,81.609,83.002,229621
01/09/2017,83.729,84.416,82.415,83.798,216278
04/09/2017,83.699,85.59,82.634,85.142,113107
05/09/2017,84.893,86.197,81.927,83.4,231668
06/09/2017,83.4,83.988,81.012,81.619,191253
07/09/2017,85.689,89.581,85.689,89.581,931289
08/09/2017,90.068,94.796,89.77,94.199,875110
11/09/2017,95.741,100.32,95.741,99.52,878993
12/09/2017,100.97,106.09,97.543,104.1,658645
13/09/2017,104.1,109.08,102.06,106.49,539083
14/09/2017,106.49,108.78,104.5,106.09,371463
15/09/2017,105.89,106.49,102.01,103.4,1050437
18/09/2017,103.35,106.49,102.91,105.49,235147
19/09/2017,106.04,108.98,105.49,108.98,256732
20/09/2017,108.48,114.95,108.28,113.36,527312
21/09/2017,114.45,116.44,109.57,111.47,461828
22/09/2017,111.81,113.85,109.18,113.46,352547
25/09/2017,113.66,115.84,111.27,112.61,158523
26/09/2017,113.01,113.85,109.72,110.52,208981
27/09/2017,109.77,113.01,109.77,111.62,160205
28/09/2017,111.62,114.35,111.62,114.25,288697
29/09/2017,114.25,115.94,112.71,115.7,196190
02/10/2017,115.7,116.39,113.06,114,113736
03/10/2017,114.1,115.7,113.8,114.45,59668
04/10/2017,114.2,114.75,113.01,113.01,128212
05/10/2017,114,114.25,112.76,113.36,213794
06/10/2017,113.41,115.45,113.41,115.15,261149
09/10/2017,115.15,115.84,114.75,115.4,200922
10/10/2017,115.45,115.45,114.45,115.3,278646
11/10/2017,115.4,123.41,113.56,118.43,495521
12/10/2017,119.73,122.71,116.44,116.44,470201
13/10/2017,118.53,122.41,115.75,117.24,671920
16/10/2017,118.73,119.23,116.24,117.39,330170
17/10/2017,117.44,117.93,112.96,113.95,436365
18/10/2017,113.46,113.95,109.72,110.97,341248
19/10/2017,110.42,112.26,110.37,111.22,189200
20/10/2017,112.46,115,111.37,111.96,268563
23/10/2017,111.96,113.46,111.96,112.76,150523
24/10/2017,113.46,113.46,111.76,112.86,257420
25/10/2017,112.46,113.46,112.46,113.26,204177
26/10/2017,113.46,118.78,113.31,117.24,406551
27/10/2017,117.74,119.93,116.99,117.93,273628
30/10/2017,117.93,118.43,116.59,117.39,165200
31/10/2017,117.98,120.42,117.54,120.02,435142
02/11/2017,120.87,120.87,118.13,119.43,247738
03/11/2017,119.73,120.92,118.63,118.63,168055
06/11/2017,118.63,121.32,117.93,120.42,122300
07/11/2017,120.72,124.4,119.93,123.91,275048
08/11/2017,124.3,127.39,123.96,125.65,525203
09/11/2017,125.65,127.39,124.6,124.6,256205
10/11/2017,124.6,126.39,123.01,124.3,154687
13/11/2017,123.41,123.41,111.07,114.2,975091
14/11/2017,116.44,116.79,97.543,106.89,1716393
15/11/2017,106.24,108.48,102.71,106.49,536743
16/11/2017,110.47,111.86,107.98,109.48,420834
17/11/2017,110.67,112.61,108.23,110.77,383040
20/11/2017,111.47,115.25,110.87,112.96,459105
21/11/2017,114.95,115.05,109.72,111.91,549901
22/11/2017,98.528,109.38,95.542,105.49,1258117
23/11/2017,104.65,107.68,102.66,104.3,465763
24/11/2017,104.9,106.99,104.3,104.5,255468
27/11/2017,104.5,107.78,104.5,106.59,976682
28/11/2017,107.48,108.58,104,104,596124
29/11/2017,103.6,105.44,97.533,97.533,1032071
30/11/2017,96.537,102.66,94.766,101.02,6447057
01/12/2017,101.91,103.01,91.721,96.338,1114192
04/12/2017,94.547,96.796,90.775,95.891,696273
05/12/2017,95.174,99.51,94.706,99.085,589684
06/12/2017,99.52,99.82,94.209,97.523,842291
07/12/2017,96.697,98.319,94.865,95.463,204967
08/12/2017,96.338,97.453,92.756,93.552,407666
11/12/2017,93.552,94.308,88.675,89.073,729842
12/12/2017,88.576,91.233,87.68,91.233,428071
13/12/2017,91.561,99.125,91.502,96.627,835187
14/12/2017,97.533,98.826,93.273,94.895,284059
15/12/2017,95.094,96.756,93.293,96.04,324975
18/12/2017,96.537,97.981,93.761,95.492,177350
19/12/2017,95.512,99.82,95.144,99.424,331162
20/12/2017,99.52,101.31,98.528,99.075,199081
21/12/2017,98.976,99.97,95.94,99.87,315756
22/12/2017,99.62,100.72,98.478,99.67,181625
27/12/2017,99.82,101.51,99.324,101.51,251155
28/12/2017,102.51,102.51,98.09,98.528,304920
29/12/2017,96.139,98.996,95.97,96.537,439997
03/01/2018,97.234,99.52,97.234,97.533,213216
04/01/2018,98.528,99.274,96.786,97.533,193447
05/01/2018,98.528,98.926,97.284,98.528,121391
08/01/2018,98.926,100.62,97.881,100.22,285612
09/01/2018,100.22,100.32,98.727,99.52,123466
10/01/2018,99.424,99.424,97.284,97.682,102899
11/01/2018,98.528,106.29,97.831,103.7,449444
12/01/2018,104.5,107.88,103.8,106.49,366383
15/01/2018,107.98,108.88,105.2,105.3,131639
16/01/2018,106.49,111.57,105.99,110.57,392105
17/01/2018,111.47,118.43,110.97,118.43,773883
18/01/2018,120.42,122.81,115.45,119.13,645884
19/01/2018,119.43,120.82,116.44,120.72,336768
22/01/2018,121.32,121.32,117.54,118.73,203287
23/01/2018,118.13,120.02,115.55,117.74,260183
24/01/2018,116.44,118.23,113.66,115.94,261028
25/01/2018,115.45,115.84,111.47,111.47,207707
26/01/2018,110.57,116.04,110.57,114.25,126227
29/01/2018,114.45,115.25,112.06,115.25,98772
30/01/2018,114.45,114.45,112.06,113.46,79468
31/01/2018,113.46,118.13,112.76,115.45,322723
01/02/2018,115.55,116.84,113.06,114.45,115117
02/02/2018,113.56,114.15,112.16,112.86,165372
05/02/2018,110.47,111.76,107.98,108.98,197695
06/02/2018,102.11,107.09,101.31,105.49,565297
07/02/2018,109.38,110.77,107.68,110.77,297856
08/02/2018,112.46,114.05,109.08,110.47,254586
09/02/2018,108.68,110.37,105.69,105.69,365931
12/02/2018,108.68,108.78,105.79,106.19,184147
13/02/2018,107.19,109.67,106.59,108.58,258425
14/02/2018,108.78,110.77,107.19,108.38,283434
15/02/2018,110.47,110.67,108.38,108.38,222193
16/02/2018,108.98,111.17,108.98,110.27,164213
19/02/2018,110.17,110.37,107.98,108.48,62746
20/02/2018,108.48,108.88,106.39,108.48,38552
21/02/2018,108.08,109.28,107.29,108.98,55586
22/02/2018,108.98,109.18,107.39,109.18,112843
23/02/2018,109.18,109.48,106.79,108.08,82095
26/02/2018,109.18,109.28,105.59,106.39,97532
27/02/2018,106.49,107.09,104.7,107.09,86650
28/02/2018,106.49,107.68,103.21,106.49,265130
01/03/2018,105.3,105.99,102.81,104.3,147657
02/03/2018,104.2,106.29,103.4,105.39,127493
05/03/2018,105.49,105.99,104,105.49,127385
06/03/2018,105.49,106.29,101.71,103.11,150269
07/03/2018,103.21,109.28,99.175,109.28,343459
08/03/2018,109.97,110.87,107.68,107.68,136922
09/03/2018,107.68,109.97,105.69,108.98,334647
12/03/2018,109.28,114.35,108.28,113.95,300785
13/03/2018,114.45,114.95,112.26,113.75,268513
14/03/2018,113.75,114.05,111.57,114.05,176745
15/03/2018,113.95,114.05,112.66,112.96,250814
16/03/2018,112.46,112.46,106.59,108.68,951852
19/03/2018,109.87,111.47,107.48,108.78,206747
20/03/2018,109.77,109.77,107.68,109.28,214172
21/03/2018,109.97,112.66,108.48,112.36,270032
22/03/2018,112.96,115.45,108.08,111.47,352157
23/03/2018,108.78,110.77,106.79,110.47,230946
26/03/2018,110.97,110.97,108.08,108.48,142565
27/03/2018,110.17,114.65,109.97,112.36,216924
28/03/2018,110.47,111.47,108.08,108.68,179024
29/03/2018,109.77,110.47,108.18,108.88,142259
03/04/2018,108.38,109.77,107.19,109.08,227975
04/04/2018,109.18,111.07,108.28,110.97,284831
05/04/2018,111.47,116.24,111.37,114.35,409045
06/04/2018,114.95,120.52,114.95,119.83,642314
09/04/2018,119.43,125.4,118.03,122.71,435687
10/04/2018,123.11,124.4,119.83,124.4,265678
11/04/2018,124.4,126.79,121.72,124.11,295073
12/04/2018,123.61,126.2,122.02,123.11,258402
13/04/2018,123.41,125.2,121.52,121.52,122447
16/04/2018,121.52,122.91,118.03,118.73,256559
17/04/2018,118.43,120.32,116.64,119.43,206810
18/04/2018,119.43,121.72,119.23,120.92,167306
19/04/2018,120.92,121.42,119.13,119.33,128566
20/04/2018,118.43,120.62,118.03,118.93,89678
23/04/2018,119.33,120.82,118.63,119.63,129976
24/04/2018,119.43,120.42,117.64,117.64,212436
25/04/2018,117.64,119.13,114.85,115.15,223045
26/04/2018,115.45,117.14,114.95,115.05,164639
27/04/2018,116.44,116.84,115.15,115.45,150270
30/04/2018,115.65,126,115.65,124.2,327617
02/05/2018,124.2,129.18,122.41,124.2,419269
04/05/2018,124.4,125.9,123.61,124.3,289580
07/05/2018,125.8,128.38,124.7,127.39,156604
08/05/2018,128.38,136.35,128.29,136.35,765593
09/05/2018,136.84,147.1,136.84,144.21,861485
10/05/2018,145.3,146.2,142.32,144.21,329801
11/05/2018,144.21,145.3,140.83,144.31,287248
14/05/2018,144.81,147.29,137.34,138.34,677827
15/05/2018,134.85,141.02,134.85,139.13,384574
16/05/2018,140.13,144.61,138.93,144.31,229488
17/05/2018,144.31,148.19,137.84,138.34,488179
18/05/2018,139.23,142.82,138.34,139.33,155448
21/05/2018,141.32,147.29,140.33,146.3,402868
22/05/2018,147.19,147.79,143.61,145.8,290680
23/05/2018,146.3,146.3,141.42,143.91,138735
24/05/2018,143.81,145.1,142.42,144.01,197559
25/05/2018,145.2,145.2,143.21,144.01,151564
28/05/2018,144.31,145.1,143.21,144.31,153882
29/05/2018,144.71,144.71,140.43,143.01,159830
30/05/2018,142.32,146.6,141.82,146.5,415629
01/06/2018,146.5,148.79,145.3,148.79,278590
04/06/2018,150.08,157.15,149.88,156.85,325180
05/06/2018,157.74,158.14,153.66,156.25,252302
06/06/2018,158.14,158.94,150.78,151.87,278656
07/06/2018,152.27,154.96,148.39,152.27,284588
08/06/2018,153.27,153.27,149.28,149.48,244556
11/06/2018,159.04,159.04,139.73,143.11,745003
12/06/2018,143.51,153.07,143.41,149.48,553705
13/06/2018,156.25,157.84,150.48,154.56,916383
14/06/2018,154.56,166.2,152.77,163.91,567534
15/06/2018,165.21,171.68,161.92,167.2,764265
18/06/2018,168.29,171.58,163.02,171.18,369151
19/06/2018,168.59,168.89,162.32,164.41,406751
20/06/2018,164.71,168,164.51,165.01,220016
21/06/2018,166,166.4,160.53,163.32,252772
22/06/2018,164.21,167.7,161.92,165.51,183968
25/06/2018,166.2,167.5,164.71,165.01,111301
26/06/2018,163.02,166.5,162.32,164.91,200458
27/06/2018,164.01,165.11,163.22,164.11,212691
28/06/2018,163.72,164.11,154.06,156.75,461955
29/06/2018,156.45,161.43,156.35,161.03,249899
02/07/2018,158.94,164.01,158.44,160.33,139891
03/07/2018,161.23,162.92,159.93,162.02,70177
04/07/2018,162.22,166.8,161.73,166.4,168716
05/07/2018,166.7,180.04,166.6,178.15,525893
06/07/2018,178.15,179.14,175.06,175.86,292503
09/07/2018,175.86,180.24,174.76,174.96,164860
10/07/2018,176.16,187.6,175.16,177.15,543649
11/07/2018,177.15,179.64,175.46,177.75,359415
12/07/2018,179.64,183.92,177.65,183.92,274442
13/07/2018,182.13,191.08,182.13,191.08,348283
16/07/2018,192.08,196.46,189.89,196.46,336558
17/07/2018,194.07,200.84,193.17,200.24,557845
18/07/2018,199.84,210.19,198.55,208.8,530692
19/07/2018,208.6,208.6,191.78,202.03,530524
20/07/2018,198.05,204.42,196.16,203.62,269566
23/07/2018,206.01,207.41,201.83,202.63,168847
24/07/2018,205.02,207.8,204.22,207.01,207515
25/07/2018,206.41,210.99,205.02,209.2,201260
26/07/2018,209.79,215.57,209.2,213.38,234980
27/07/2018,214.37,216.96,210.59,216.56,216967
30/07/2018,215.97,219.95,212.78,213.58,231873
31/07/2018,213.38,213.38,194.57,196.56,536484
01/08/2018,193.87,204.22,184.32,204.02,417010
02/08/2018,202.23,203.82,194.47,194.47,184994
03/08/2018,196.36,202.23,196.06,196.06,156223
06/08/2018,198.85,200.04,196.36,197.75,64221
07/08/2018,199.25,206.21,198.55,204.62,183026
08/08/2018,207.01,214.17,205.81,213.78,339911
09/08/2018,213.78,213.78,209,213.38,109884
10/08/2018,211.59,212.98,202.03,202.03,197551
13/08/2018,200.04,210.59,198.35,209.6,216429
14/08/2018,210.99,213.78,205.22,211.98,158143
16/08/2018,208.2,211.19,205.42,205.61,164991
17/08/2018,207.01,208,202.23,202.23,151202
20/08/2018,204.22,209.99,202.43,209,109269
21/08/2018,210.99,213.58,209.2,211.98,151931
22/08/2018,209.4,210.79,204.02,205.22,170375
23/08/2018,206.21,208.2,202.83,208,113516
24/08/2018,209,209,203.62,205.42,119787
27/08/2018,206.21,212.98,206.21,210.99,232734
28/08/2018,218.95,221.34,214.97,218.15,431191
29/08/2018,216.16,218.95,215.97,218.75,182373
30/08/2018,218.35,218.35,209.4,209.4,277242
31/08/2018,207.8,208,202.43,205.02,305557
03/09/2018,205.42,207.8,196.96,200.84,250053
04/09/2018,202.03,202.83,192.08,193.57,307672
05/09/2018,193.07,195.07,183.02,183.82,387657
06/09/2018,181.73,187.7,180.14,181.53,358843
07/09/2018,183.12,188.2,172.18,172.67,480364
10/09/2018,170.18,180.14,167,178.84,385639
11/09/2018,182.03,186.21,179.44,181.73,276157
12/09/2018,183.92,185.11,176.45,177.35,259023
13/09/2018,177.15,181.93,176.26,179.34,184260
14/09/2018,181.53,182.53,178.25,181.13,138793
17/09/2018,181.13,184.12,179.34,180.34,141379
18/09/2018,180.73,190.49,179.44,188.6,286851
19/09/2018,191.08,194.47,188.7,188.99,252288
20/09/2018,191.08,191.48,186.11,188.8,363224
21/09/2018,190.09,198.75,189.09,192.78,1936716
24/09/2018,195.26,196.86,183.12,186.51,258357
25/09/2018,186.51,187.1,182.62,185.91,154445
26/09/2018,187.3,187.3,183.22,186.21,115378
27/09/2018,185.51,191.58,184.22,191.48,255433
28/09/2018,193.07,193.97,183.92,186.41,255168
01/10/2018,188,191.98,186.41,191.98,148060
02/10/2018,189.79,190.59,185.61,189.09,171495
03/10/2018,189.29,193.47,187.7,192.08,235933
04/10/2018,191.08,192.28,179.24,179.44,314731
05/10/2018,180.63,183.62,174.17,181.43,324925
08/10/2018,179.24,179.24,162.32,162.32,528325
09/10/2018,161.33,166.1,156.05,163.22,574745
10/10/2018,164.41,165.21,148.79,154.76,586072
11/10/2018,148.99,153.76,146,151.28,658645
12/10/2018,155.06,162.42,153.76,162.22,454885
15/10/2018,166.1,166.2,155.95,157.84,219079
16/10/2018,158.74,164.21,157.84,164.21,228093
17/10/2018,166.2,168,160.63,163.72,280249
18/10/2018,164.31,164.31,153.46,154.26,491531
19/10/2018,157.25,158.84,152.47,156.25,251291
22/10/2018,158.24,158.24,154.26,156.25,131070
23/10/2018,153.86,153.86,141.52,143.61,905653
24/10/2018,144.11,149.28,142.62,142.62,286845
25/10/2018,137.34,150.38,134.36,150.28,635988
26/10/2018,148.79,150.58,140.73,142.22,322650
29/10/2018,143.41,152.77,142.82,147.49,385244
30/10/2018,147,152.27,144.41,151.67,490076
31/10/2018,153.86,159.73,153.86,157.55,588105
02/11/2018,164.21,168.99,161.33,163.52,664125
05/11/2018,163.22,167.6,159.73,161.33,299330
06/11/2018,162.72,166,157.45,162.52,243563
07/11/2018,163.42,165.41,161.53,164.41,184485
08/11/2018,165.01,169.59,154.86,155.26,368904
09/11/2018,155.36,155.75,147.29,149.09,636406
13/11/2018,148.29,150.68,142.82,145.8,535180
14/11/2018,138.34,149.19,138.24,145.8,348740
15/11/2018,145.01,148.09,137.34,137.34,352899
16/11/2018,140.53,144.31,128.29,131.77,727914
19/11/2018,131.77,136.55,129.48,133.36,448892
20/11/2018,130.57,134.36,123.71,128.38,889635
21/11/2018,130.38,136.94,129.68,136.84,449672
22/11/2018,138.44,139.73,131.67,138.34,294570
23/11/2018,140.13,140.83,134.85,139.53,216746
26/11/2018,141.32,143.21,134.56,138.24,275939
27/11/2018,139.03,139.03,131.97,134.16,247555
28/11/2018,135.45,138.83,133.96,137.34,330712
29/11/2018,139.33,143.31,138.54,140.33,249167
30/11/2018,141.02,141.72,134.36,141.52,340376
03/12/2018,148.09,155.85,147.89,153.27,751049
04/12/2018,153.56,153.96,149.38,153.37,429232
05/12/2018,149.28,150.08,144.41,147.69,437098
06/12/2018,145.3,146.5,142.12,143.01,230558
07/12/2018,144.31,148.99,143.01,143.31,254978
10/12/2018,141.52,144.91,139.53,139.53,194311
11/12/2018,141.02,143.11,139.43,139.73,206844
12/12/2018,142.02,143.21,139.33,141.12,208645
13/12/2018,143.11,144.51,139.93,143.31,194279
14/12/2018,141.32,145.6,140.63,142.92,173809
17/12/2018,143.51,143.71,138.34,138.34,207385
18/12/2018,137.44,142.72,134.75,141.92,287534
19/12/2018,142.12,152.27,140.53,152.27,400739
20/12/2018,148.59,152.07,147.69,149.09,382682
21/12/2018,149.38,156.05,148.29,150.28,652480
27/12/2018,155.26,156.25,145.9,146.8,239063
28/12/2018,144.31,146.2,142.52,144.91,286100
02/01/2019,144.71,150.58,141.42,150.28,197959
03/01/2019,150.08,150.08,146.3,147.29,224657
04/01/2019,147.29,150.08,147.29,149.98,164736
07/01/2019,151.28,153.86,150.78,152.97,188888
08/01/2019,153.76,155.95,151.28,152.87,279644
09/01/2019,153.37,164.21,153.27,164.21,479436
10/01/2019,163.72,171.38,159.34,170.18,698399
11/01/2019,172.18,176.26,163.22,164.31,486801
14/01/2019,163.22,163.22,158.04,158.74,263282
15/01/2019,160.43,163.22,158.24,161.53,314190
16/01/2019,163.22,165.81,162.72,165.81,150558
17/01/2019,164.21,171.18,163.82,170.28,370855
18/01/2019,172.18,174.17,169.69,173.07,303242
21/01/2019,172.97,172.97,169.89,171.98,122702
22/01/2019,171.88,175.56,171.48,173.27,149163
23/01/2019,176.65,197.45,175.16,193.67,1230084
24/01/2019,193.87,200.44,185.11,189.09,783197
25/01/2019,190.09,193.47,186.9,188.89,362165
28/01/2019,187,191.28,184.32,186.71,242434
29/01/2019,186.71,191.68,184.81,189.19,223302
30/01/2019,191.08,196.76,190.09,194.17,307399
31/01/2019,197.06,198.05,189.09,189.09,444420
01/02/2019,189.09,191.18,187.2,189.09,219144
04/02/2019,189.09,190.09,186.51,189.79,181149
05/02/2019,190.59,192.08,188.1,190.69,150414
06/02/2019,190.09,190.09,180.24,181.63,507096
07/02/2019,180.53,182.43,175.96,177.15,359724
08/02/2019,176.55,181.43,175.76,177.45,342691
11/02/2019,179.54,184.12,178.64,182.82,264140
12/02/2019,184.12,184.91,173.27,176.26,337375
13/02/2019,178.15,180.34,172.57,176.26,287915
14/02/2019,176.26,178.94,174.76,177.35,127465
15/02/2019,176.75,182.13,175.46,181.63,211242
18/02/2019,183.12,184.02,179.64,180.14,176378
19/02/2019,180.14,182.62,174.17,176.75,196131
20/02/2019,176.65,181.73,174.96,181.73,209141
21/02/2019,181.63,181.63,177.15,179.14,224666
22/02/2019,178.35,180.34,176.45,177.45,227485
25/02/2019,177.45,181.93,177.45,181.13,133857
26/02/2019,181.13,184.91,178.94,184.81,196822
27/02/2019,184.02,189.39,181.53,188.6,326203
28/02/2019,189.09,194.07,188.3,189.19,298474
01/03/2019,191.08,192.08,188.7,192.08,131913
04/03/2019,191.08,192.78,186.8,188.5,148881
05/03/2019,187.7,189.09,186.21,186.71,73891
06/03/2019,188,188.4,186.01,187.1,162133
07/03/2019,187.1,188.1,184.12,184.52,132296
08/03/2019,184.42,186.11,181.73,182.13,152452
11/03/2019,181.13,183.42,180.73,181.03,225490
12/03/2019,183.22,184.22,175.66,179.04,273493
13/03/2019,179.14,183.22,177.25,183.12,246091
14/03/2019,183.22,183.82,181.53,182.72,163949
15/03/2019,182.23,186.11,181.93,185.21,381161
18/03/2019,185.21,188.6,183.12,187.5,191794
19/03/2019,186.51,189.39,184.71,187.4,137265
20/03/2019,189.89,189.89,184.81,185.21,163402
21/03/2019,185.31,186.01,181.73,184.42,164577
22/03/2019,186.21,187.8,184.02,185.01,139925
25/03/2019,183.92,186.8,182.43,183.62,192700
26/03/2019,184.62,185.41,182.23,184.91,108710
27/03/2019,185.41,199.05,182.92,194.97,726721
28/03/2019,196.06,201.43,193.37,200.24,361630
29/03/2019,201.04,203.62,195.16,199.05,383935
01/04/2019,200.04,208.3,198.55,203.03,426563
02/04/2019,204.02,211.98,204.02,211.69,328748
03/04/2019,213.97,218.85,213.48,218.85,442078
04/04/2019,218.95,219.45,203.62,206.01,666653
05/04/2019,206.01,206.91,199.64,203.03,366047
08/04/2019,204.22,207.41,201.53,203.23,347781
09/04/2019,204.72,204.92,201.83,202.33,220084
10/04/2019,202.33,206.91,202.33,206.91,307197
11/04/2019,208.2,212.98,207.7,212.28,314565
12/04/2019,213.78,213.78,207.51,207.51,225473
15/04/2019,208,212.28,208,211.49,148452
16/04/2019,211.98,213.28,205.91,206.71,151861
17/04/2019,206.51,206.51,199.34,200.04,419128
18/04/2019,200.04,202.03,195.16,201.04,235440
23/04/2019,202.03,206.51,202.03,206.01,201277
24/04/2019,208.5,211.39,205.52,210.19,232876
25/04/2019,210.59,211.49,206.11,208.9,185180
26/04/2019,207.41,210.99,207.41,210.59,115569
29/04/2019,211.49,212.38,209.3,211.49,106152
30/04/2019,210.99,213.88,209,213.88,205833
02/05/2019,213.97,215.67,209.4,211.79,196571
06/05/2019,209.3,210.79,207.11,208.8,124449
07/05/2019,209.99,214.87,209,209.1,200959
08/05/2019,209.6,214.27,209.6,213.97,199563
09/05/2019,214.47,218.45,212.18,213.28,215176
10/05/2019,214.67,214.97,210.29,211.09,149101
13/05/2019,211.09,212.08,204.32,205.81,289485
14/05/2019,207.01,210.39,205.32,208.4,199173
15/05/2019,210.69,211.49,206.61,208.3,150226
16/05/2019,208.2,212.38,208.2,211.49,276518
17/05/2019,211.59,211.79,207.11,210.09,154075
20/05/2019,209.4,210.39,201.83,205.32,221051
21/05/2019,205.52,207.7,201.14,204.32,208667
22/05/2019,205.02,207.41,201.43,202.33,459552
23/05/2019,203.03,208.5,203.03,205.02,264009
24/05/2019,212.68,223.83,211.29,217.36,716842
27/05/2019,217.96,220.94,214.67,215.37,164446
28/05/2019,214.97,219.55,212.78,212.78,719105
29/05/2019,213.97,214.07,205.12,208.7,433167
30/05/2019,209,214.7,204.6,214.3,255550
31/05/2019,211,213.2,206.4,207.8,420938
03/06/2019,208.7,209.6,203,203,364295
04/06/2019,203,207,197.4,207,473776
05/06/2019,209,211.5,207.7,209.8,192364
06/06/2019,210.7,212.6,207.8,212,203944
07/06/2019,213,219.6,212.9,219.5,272333
10/06/2019,232.1,233,220,228.5,886619
11/06/2019,229.1,229.6,220.2,221.5,588078
12/06/2019,222.5,222.9,210.2,210.3,611566
13/06/2019,209,215.8,205,206.6,679503
14/06/2019,207,209.3,206.4,208.5,452545
17/06/2019,208.5,209.9,203.5,204,254724
18/06/2019,204,208.2,200.6,204.5,407216
19/06/2019,206,208.4,205,207.6,252944
21/06/2019,207.5,208.3,202.1,202.6,694667
24/06/2019,204.9,206.5,201.3,201.3,388256
25/06/2019,204,205.2,201.8,202.4,511096
26/06/2019,202.8,208.5,202.5,208.5,303547
27/06/2019,208.5,214.4,207.2,214.1,400852
28/06/2019,214.9,218.6,214.3,215.3,730590
01/07/2019,218.3,218.6,210.7,216.6,314376
02/07/2019,216.4,216.4,209.7,215,279829
03/07/2019,214,215.8,212.2,215.8,135919
04/07/2019,215,215.6,211.5,213.5,112503
05/07/2019,213.5,217.4,213,216.9,176654
08/07/2019,215.7,217.4,214,217,310115
09/07/2019,215.3,216.1,212.1,212.5,233709
10/07/2019,212.9,217,212.6,215.9,166681
11/07/2019,216.6,217.4,215,217.4,302002
12/07/2019,217.5,219.6,216.5,217.2,222447
15/07/2019,217.2,219,216.5,218,87193
16/07/2019,218.1,219,217.1,217.8,86161
17/07/2019,218,222.2,217,219.3,229762
18/07/2019,218,221,217.3,219.6,170772
19/07/2019,220.6,225.9,220.1,223,419776
22/07/2019,223,226.4,222.9,224.9,160718
23/07/2019,225,226,222.6,224.5,154854
24/07/2019,224.5,226.9,224,226.6,224553
25/07/2019,226.8,227.4,221.2,221.7,289483
26/07/2019,222,225.4,219.3,224.2,195770
29/07/2019,225,226.2,222.3,222.9,77286
30/07/2019,223.3,225.9,222.3,225.9,110565
31/07/2019,225.7,231.1,224.6,230,464597
01/08/2019,229.8,232.1,227.3,230,273775
02/08/2019,228,229.9,225.2,225.5,201647
05/08/2019,225,226,211.7,211.7,363738
06/08/2019,211.7,222,211.6,217.9,322859
07/08/2019,220.3,221.7,213.3,215,301255
08/08/2019,218.3,220.4,216.5,217.9,189706
09/08/2019,220.1,221.8,217.5,218.4,234655
12/08/2019,219.7,223.9,217.7,220,132599
13/08/2019,220,225.2,220,224,325030
14/08/2019,223.4,225,219.7,220.3,370451
16/08/2019,220.3,232.8,217.8,231.3,475473
19/08/2019,231.3,238.8,231.2,236,375830
20/08/2019,236,237.9,229,234.2,284785
21/08/2019,233.2,238.1,233.2,238,190439
22/08/2019,238,240.9,234.2,239.4,402617
23/08/2019,240,241.5,235.9,240.4,205711
26/08/2019,236,241.5,234.8,241.1,183084
27/08/2019,241,246.9,240.4,245.2,574986
28/08/2019,245.7,246.6,239.8,242.6,256208
29/08/2019,242,248.2,241,248.2,329680
30/08/2019,250,259.8,249.2,253,807671
02/09/2019,253,253.9,247.6,250,191336
03/09/2019,249.7,250.5,246.4,249.1,187927
04/09/2019,250.5,254.2,250.2,251.3,287683
05/09/2019,253,254.8,250.8,251.9,220216
06/09/2019,253.3,255.7,251,255.5,201971
09/09/2019,256.8,261.7,256.5,260,295148
10/09/2019,260,260.9,247.5,249,411902
11/09/2019,250,253.9,249.5,252,234886
12/09/2019,254,254.7,249,251,173825
13/09/2019,251,253,248,248.7,169211
16/09/2019,248.5,253.6,247.3,250.6,258633
17/09/2019,250.2,250.7,248.5,250,147640
18/09/2019,249.8,250.2,244.5,245.4,276667
19/09/2019,245.5,247.8,243.8,244.8,139712
20/09/2019,246,247.1,240.8,244.1,433734
23/09/2019,244.1,247,236.4,243.4,218745
24/09/2019,243.7,248.5,242.3,248.5,200623
25/09/2019,249,249,241.1,244.9,141231
26/09/2019,245,248.2,245,248,87809
27/09/2019,247.3,247.9,244.4,245.1,65827
30/09/2019,245.6,245.6,242,243.4,124748
01/10/2019,244.1,245,237.9,240.8,339753
02/10/2019,240.1,240.2,234,234.3,216796
03/10/2019,233,240.7,233,239,146034
04/10/2019,239.5,244,236.6,238.7,156806
07/10/2019,239.8,240.9,236,236,130505
08/10/2019,237.8,237.9,231,233.2,211101
09/10/2019,235,238.6,233.3,238.2,111640
10/10/2019,239,239.5,230,230.5,236345
11/10/2019,232.9,237.6,232,237,166415
14/10/2019,238.2,243,234,243,136976
15/10/2019,244,248.3,243.1,246.8,151073
16/10/2019,246.9,246.9,240.8,241,134797
17/10/2019,240.6,242.3,234.7,234.7,231588
18/10/2019,235,238.4,232.7,235,104610
21/10/2019,237.5,238.6,232,233,99468
22/10/2019,233,237,231.1,234.6,174993
23/10/2019,234.8,236.5,233.3,235.4,98153
24/10/2019,237,243.6,235.6,241.9,264820
25/10/2019,241.9,244.5,240.5,242.4,135150
28/10/2019,242.5,244.9,242.4,244.9,67251
29/10/2019,245,248.3,244.6,246,237343
30/10/2019,245.1,254.3,245.1,254.3,323952
31/10/2019,254.3,257,250.3,252.1,197305
04/11/2019,256.8,258.7,253.9,258.3,262328
05/11/2019,258.5,259.8,254,255.2,213900
06/11/2019,256,259.5,253.2,259.5,175238
07/11/2019,259.8,267.9,259.5,267.5,272481
08/11/2019,266,266,260.8,260.8,238840
12/11/2019,262.7,264,256.5,260,305298
13/11/2019,260,266.8,260,265.3,266317
14/11/2019,266.2,266.4,258.6,261,254642
15/11/2019,261.4,264.9,260.6,262.5,178555
18/11/2019,264.9,265.7,263.2,265.7,121229
19/11/2019,266,267.5,263.5,265.5,131559
20/11/2019,265.2,267,263.7,267,179338
21/11/2019,267,267.4,260,263.4,195382
22/11/2019,265.9,268.9,261.7,266,209428
25/11/2019,267,267.9,263.6,266,110169
26/11/2019,266.8,268,263.8,266.5,410959
27/11/2019,267.5,268.4,265.1,268.4,131991
28/11/2019,268,269.2,266.8,269.2,60172
29/11/2019,269.2,269.2,261,262.5,245129
02/12/2019,264,264.9,253.8,257.5,343806
03/12/2019,258,261.9,256.9,257,210176
04/12/2019,259.4,262.1,258,260.3,203230
05/12/2019,261.5,262.7,260,262,159737
06/12/2019,261.5,264.3,258.1,261.3,135204
09/12/2019,262.4,263.9,257.5,263.9,93267
10/12/2019,264,264,257,257.1,137756
11/12/2019,257,259.4,253,253,190835
12/12/2019,255.4,258.8,252.4,258,217125
13/12/2019,258.7,260.7,253,254.5,185869
