02/01/2014,29.962,30.886,29.734,30.533,52017
03/01/2014,30.457,30.835,30.289,30.322,47579
07/01/2014,30.239,30.239,29.398,29.398,163258
08/01/2014,29.314,29.558,28.559,29.114,178514
09/01/2014,29.114,29.432,28.869,29.061,133499
10/01/2014,29.146,29.281,28.979,28.979,135226
13/01/2014,29.298,29.819,29.289,29.819,116332
14/01/2014,29.76,29.985,29.39,29.483,214240
15/01/2014,29.978,29.978,29.114,29.171,126910
16/01/2014,29.347,29.903,29.197,29.861,53043
17/01/2014,29.985,30.053,29.7,29.819,127137
20/01/2014,29.776,29.811,29.407,29.734,51070
21/01/2014,29.819,30.062,29.819,29.819,302358
22/01/2014,30.07,30.239,29.877,30.239,159784
23/01/2014,30.239,30.481,29.903,30.154,196364
24/01/2014,29.835,30.381,29.819,30.381,170271
27/01/2014,29.743,30.406,29.667,30.263,343446
28/01/2014,30.263,30.406,29.928,30.197,126406
29/01/2014,30.313,30.313,29.911,30.298,195917
30/01/2014,29.903,30.281,29.903,30.188,100726
31/01/2014,30.313,30.44,29.667,29.667,335502
03/02/2014,29.767,30.473,29.767,30.449,87125
04/02/2014,30.239,30.81,30.204,30.676,153141
05/02/2014,30.676,31.087,30.676,30.91,165873
06/02/2014,30.91,31.482,30.499,31.33,257950
07/02/2014,31.499,31.959,31.246,31.959,202780
10/02/2014,31.75,31.919,31.523,31.902,113628
11/02/2014,32.086,32.295,31.928,32.238,168551
12/02/2014,32.423,32.591,32.379,32.591,90456
13/02/2014,32.423,32.591,31.986,32.574,126802
14/02/2014,32.591,32.674,32.255,32.591,114741
17/02/2014,32.674,32.834,32.052,32.255,137093
18/02/2014,32.423,32.843,31.541,31.843,120414
19/02/2014,31.843,32.715,31.431,32.674,74638
20/02/2014,32.295,32.473,31.592,32.338,257374
21/02/2014,32.674,33.019,32.473,33.01,138136
24/02/2014,33.094,33.557,32.927,33.515,224362
25/02/2014,33.581,33.935,33.43,33.599,234405
26/02/2014,33.893,33.893,32.724,32.985,218829
27/02/2014,33.17,33.489,32.052,33.43,238112
28/02/2014,33.187,34.404,33.187,34.404,279551
03/03/2014,32.767,33.834,32.591,32.927,341521
04/03/2014,32.927,33.749,32.641,33.362,337705
05/03/2014,33.001,33.161,31.834,32.238,401776
06/03/2014,32.264,32.715,31.289,31.423,298593
07/03/2014,31.414,31.818,31.205,31.666,256424
10/03/2014,31.532,31.919,31.087,31.33,186492
11/03/2014,31.321,31.49,30.608,31.482,316744
12/03/2014,31.725,31.725,29.928,30.954,430587
13/03/2014,31.095,31.346,30.667,31.222,250387
14/03/2014,30.533,30.902,30.281,30.902,267586
17/03/2014,30.869,31.91,30.676,31.91,229738
18/03/2014,31.583,32.002,31.171,31.346,270208
19/03/2014,31.389,31.625,30.676,30.869,253212
20/03/2014,30.826,31.263,30.415,30.533,360821
21/03/2014,30.658,31.028,30.406,30.49,781820
24/03/2014,30.406,30.994,30.113,30.406,124774
25/03/2014,30.239,30.894,30.239,30.499,96458
26/03/2014,30.902,31.49,30.886,31.305,151574
27/03/2014,31.103,31.558,30.717,31.414,118127
28/03/2014,31.414,31.558,30.683,30.91,189215
31/03/2014,31.246,31.91,31.095,31.91,189856
01/04/2014,31.959,32.052,31.625,31.919,137901
02/04/2014,31.919,32.498,31.759,32.128,187767
03/04/2014,32.338,32.338,31.666,32.128,322498
04/04/2014,32.128,32.329,31.691,31.759,192311
07/04/2014,31.834,32.002,31.464,31.708,65831
08/04/2014,31.499,32.255,31.499,32.255,151312
09/04/2014,32.347,32.792,31.75,31.75,266639
10/04/2014,32.17,32.792,31.936,32.17,303628
11/04/2014,32.17,32.758,31.851,32.674,134332
14/04/2014,32.506,32.506,31.977,31.977,86528
15/04/2014,32.423,32.665,31.977,32.506,123833
16/04/2014,32.506,32.927,32.086,32.843,182571
17/04/2014,32.852,32.919,32.28,32.506,69304
22/04/2014,32.591,32.825,32.111,32.825,81434
23/04/2014,32.758,33.001,32.264,32.338,204187
24/04/2014,32.506,32.893,32.095,32.095,120824
25/04/2014,32.052,32.8,32.052,32.8,81750
28/04/2014,32.473,33.303,32.295,33.303,220700
29/04/2014,33.263,33.515,32.506,32.506,159929
30/04/2014,32.657,33.094,32.591,32.758,49579
02/05/2014,32.758,32.758,32.338,32.338,34367
05/05/2014,32.566,32.715,31.179,31.373,123250
06/05/2014,31.558,32.086,31.558,31.834,58740
07/05/2014,31.592,31.818,31.373,31.49,134842
08/05/2014,31.507,32.044,31.355,31.708,139902
09/05/2014,31.65,32.322,30.86,31.163,275806
12/05/2014,31.246,31.7,31.205,31.608,80090
13/05/2014,31.666,32.002,31.507,31.959,47197
14/05/2014,31.994,32.044,31.431,31.549,77866
15/05/2014,31.869,32.128,31.414,31.75,138223
16/05/2014,31.674,32.002,31.128,31.91,113082
19/05/2014,31.558,31.977,31.558,31.893,47476
20/05/2014,31.919,32.103,31.592,32.044,74954
21/05/2014,32.161,32.221,31.936,32.128,87260
22/05/2014,32.271,32.313,31.851,32.295,130534
23/05/2014,32.338,32.632,31.943,32.498,147118
26/05/2014,32.506,32.834,32.347,32.733,144154
27/05/2014,32.758,32.792,32.205,32.338,71933
28/05/2014,32.473,32.648,31.977,32.052,66967
29/05/2014,32.061,32.255,31.876,31.876,124983
30/05/2014,31.876,32.213,31.246,31.246,310706
02/06/2014,31.414,31.818,31.414,31.666,62753
03/06/2014,31.834,32.154,31.541,31.741,95938
04/06/2014,31.902,32.329,31.792,32.329,150533
05/06/2014,32.322,32.591,32.17,32.574,64205
06/06/2014,32.591,32.715,32.388,32.715,81912
09/06/2014,32.599,32.927,32.018,32.086,127197
10/06/2014,32.086,32.867,32.086,32.591,121903
11/06/2014,32.591,32.724,31.776,31.834,177999
12/06/2014,32.137,32.438,31.986,32.213,64991
13/06/2014,32.17,32.456,31.801,32.456,50793
16/06/2014,32.086,32.213,31.851,31.968,46551
17/06/2014,31.919,32.213,31.843,31.876,98012
18/06/2014,32.095,32.329,31.986,32.289,69015
20/06/2014,32.213,32.431,31.977,32.295,266066
23/06/2014,32.128,32.128,31.928,32.086,61382
24/06/2014,32.095,32.338,31.919,32.128,38378
25/06/2014,31.902,32.128,31.566,31.599,52586
26/06/2014,31.616,32.052,31.128,31.289,75979
27/06/2014,31.33,31.574,30.852,30.852,104066
30/06/2014,31.179,31.49,30.91,31.078,70563
01/07/2014,31.482,31.482,30.743,30.994,78684
02/07/2014,31.044,31.405,30.431,30.81,150676
03/07/2014,31.154,31.321,30.583,31.078,54500
04/07/2014,31.087,31.305,30.583,30.583,42545
07/07/2014,30.658,31.07,30.583,30.649,51098
08/07/2014,30.877,31.281,30.583,30.767,170845
09/07/2014,30.869,31.154,30.717,30.734,26723
10/07/2014,30.886,31.154,30.322,30.649,93905
11/07/2014,30.583,31.163,30.583,31.163,68691
14/07/2014,31.238,31.658,31.179,31.179,46201
15/07/2014,31.532,31.625,31.078,31.213,450066
16/07/2014,31.507,32.086,31.405,31.919,148236
17/07/2014,31.928,32.255,31.725,32.255,67912
18/07/2014,31.851,32.161,31.741,31.919,126970
21/07/2014,31.919,31.919,31.423,31.499,58909
22/07/2014,31.389,31.919,31.373,31.834,91946
23/07/2014,31.919,31.919,31.205,31.313,65274
24/07/2014,31.364,31.456,30.994,31.289,94813
25/07/2014,31.255,31.431,30.801,31.078,73004
28/07/2014,30.919,31.255,30.877,30.902,70554
29/07/2014,30.902,31.07,30.75,30.826,87269
30/07/2014,30.75,30.91,29.985,30.011,99231
31/07/2014,29.994,30.473,29.985,30.466,132787
01/08/2014,30.281,30.466,29.911,30.431,49493
04/08/2014,30.575,30.994,30.298,30.743,109980
05/08/2014,30.954,30.961,30.33,30.658,84590
06/08/2014,30.641,30.641,29.861,30.33,124061
07/08/2014,30.239,30.322,29.994,29.994,93174
08/08/2014,29.819,29.962,29.525,29.584,49218
11/08/2014,29.819,30.23,29.743,29.743,44910
12/08/2014,30.138,30.197,29.609,29.928,48242
13/08/2014,25.115,26.233,24.778,25.828,1979967
14/08/2014,25.997,25.997,25.199,25.619,506006
18/08/2014,25.619,25.971,25.492,25.535,369159
19/08/2014,25.611,25.862,24.636,24.988,373068
20/08/2014,24.973,25.013,24.35,24.594,416292
21/08/2014,24.586,24.854,24.568,24.829,252589
22/08/2014,24.947,25.031,24.736,24.82,310900
25/08/2014,25.115,25.871,24.863,25.828,452783
26/08/2014,25.821,25.821,25.476,25.693,232304
27/08/2014,25.828,25.912,25.459,25.577,180093
28/08/2014,25.577,25.602,25.031,25.182,160001
29/08/2014,25.492,25.828,25.266,25.317,338937
01/09/2014,25.569,25.938,25.451,25.693,129490
02/09/2014,25.719,25.871,25.551,25.787,120378
03/09/2014,25.828,26.014,25.619,25.753,190228
04/09/2014,25.769,25.871,24.82,25.199,443767
05/09/2014,25.408,25.408,25.031,25.097,111561
08/09/2014,25.199,25.375,24.695,24.695,355238
09/09/2014,24.947,25.526,24.695,25.366,187943
10/09/2014,25.468,25.468,25.199,25.207,67030
11/09/2014,25.241,25.308,25.115,25.124,94533
12/09/2014,25.124,25.283,25.115,25.115,103378
15/09/2014,25.131,25.199,24.778,24.905,113098
16/09/2014,25.156,25.156,24.795,24.813,126087
17/09/2014,24.982,25.241,23.939,24.334,273665
18/09/2014,24.334,24.611,23.939,24.064,192900
19/09/2014,24.358,25.072,24.259,24.695,303593
22/09/2014,24.695,25.072,24.645,24.947,73209
23/09/2014,24.947,24.988,24.115,24.148,179543
24/09/2014,24.267,24.276,23.754,23.771,118015
25/09/2014,24.191,24.442,23.896,24.123,230365
26/09/2014,24.022,24.123,23.787,24.064,73269
29/09/2014,24.115,24.123,23.846,24.072,96881
30/09/2014,24.072,24.081,23.645,23.645,166394
01/10/2014,23.964,23.964,22.999,23.267,184323
02/10/2014,23.267,23.267,22.956,22.956,76092
03/10/2014,23.016,23.628,23.016,23.276,71159
06/10/2014,23.562,23.678,23.267,23.628,124000
07/10/2014,23.628,23.645,23.435,23.544,84183
08/10/2014,23.435,23.678,23.351,23.562,151981
09/10/2014,23.729,24.442,23.729,24.442,176013
10/10/2014,24.276,24.4,23.948,24.208,131012
13/10/2014,24.107,24.232,24.039,24.174,327947
14/10/2014,24.107,24.653,24.081,24.611,174721
15/10/2014,24.611,24.82,23.939,23.939,149767
16/10/2014,23.939,24.064,23.199,23.343,129046
17/10/2014,23.351,23.653,23.217,23.3,332819
20/10/2014,23.518,23.678,23.023,23.023,324218
21/10/2014,23.057,23.418,22.812,23.089,420689
22/10/2014,23.343,23.535,23.107,23.107,124905
23/10/2014,23.309,23.645,23.258,23.503,332960
24/10/2014,23.494,23.494,22.931,23.016,509817
27/10/2014,23.435,23.435,22.847,22.847,362934
28/10/2014,22.981,22.99,22.737,22.847,352596
29/10/2014,22.679,22.679,21.502,21.838,864894
30/10/2014,22.091,22.091,21.779,21.805,288000
31/10/2014,21.923,22.065,21.838,21.873,230124
03/11/2014,21.94,22.016,21.31,21.646,327994
04/11/2014,21.713,21.822,21.587,21.587,220827
05/11/2014,21.545,21.646,21.41,21.587,140991
06/11/2014,21.671,21.797,21.444,21.797,279776
07/11/2014,21.805,22.52,21.754,22.52,670764
10/11/2014,22.847,23.242,22.326,22.931,410097
12/11/2014,22.931,22.931,22.553,22.679,181871
13/11/2014,22.688,22.762,22.317,22.688,362525
14/11/2014,22.806,23.326,22.737,23.183,659125
17/11/2014,23.726,25.223,23.642,25.223,755963
18/11/2014,24.802,24.876,24.203,24.427,382009
19/11/2014,24.427,24.605,24.306,24.475,536968
20/11/2014,24.25,24.717,23.959,24.717,2126771
21/11/2014,24.802,25.859,24.587,25.859,1456255
24/11/2014,25.747,26.018,24.764,25.083,3419815
25/11/2014,24.792,25.252,24.455,25.252,1257873
26/11/2014,25.233,25.354,24.82,25.269,262363
27/11/2014,25.279,25.363,25.129,25.261,250800
28/11/2014,25.223,25.269,25.008,25.269,159312
01/12/2014,25.073,25.073,24.643,25.027,252707
02/12/2014,24.727,25.083,24.427,24.652,233860
03/12/2014,24.802,24.952,24.727,24.896,175865
04/12/2014,24.802,25.363,24.802,25.177,484564
05/12/2014,25.317,25.336,25.177,25.317,335336
08/12/2014,25.317,25.579,24.942,25.261,391756
09/12/2014,25.037,25.269,24.942,25.242,233460
10/12/2014,25.223,25.223,24.419,24.437,405154
11/12/2014,24.381,24.54,23.979,24.287,298171
12/12/2014,24.334,24.334,23.454,23.678,304021
15/12/2014,23.726,24.212,23.304,23.369,397057
16/12/2014,23.304,23.398,22.509,22.817,346981
17/12/2014,23.08,23.773,22.883,23.773,385873
18/12/2014,23.885,24.287,23.183,23.632,509867
19/12/2014,23.783,24.24,23.398,24.24,754145
22/12/2014,23.969,24.427,23.585,24.24,299983
23/12/2014,23.726,24.427,23.726,24.381,328562
29/12/2014,24.427,24.427,24.006,24.24,90632
30/12/2014,24.221,24.334,23.866,23.866,153828
02/01/2015,23.819,24.334,23.819,24.203,101906
05/01/2015,24.212,24.334,23.81,24.054,93300
07/01/2015,24.334,24.858,23.829,24.858,409860
08/01/2015,24.876,25.269,24.633,25.269,298744
09/01/2015,25.269,25.269,24.783,24.988,225852
12/01/2015,24.932,25.111,24.531,24.774,151735
13/01/2015,24.615,24.924,24.446,24.7,396641
14/01/2015,24.596,24.596,23.267,23.304,468271
15/01/2015,23.576,23.576,22.602,22.761,472431
16/01/2015,22.752,23.65,22.649,23.024,1327328
19/01/2015,23.117,23.211,22.509,22.585,396365
20/01/2015,22.649,22.715,22.378,22.556,384461
21/01/2015,22.546,22.827,22.462,22.817,263579
22/01/2015,22.864,23.67,22.836,23.585,457410
23/01/2015,23.726,23.744,22.93,23.155,366054
26/01/2015,23.098,23.239,22.761,22.8,273276
27/01/2015,22.8,23.333,22.752,22.836,321613
28/01/2015,23.015,23.015,22.369,22.369,257367
29/01/2015,22.462,22.462,22.023,22.304,382208
30/01/2015,22.425,22.874,22.284,22.874,249001
02/02/2015,22.912,23.379,22.892,23.024,368464
03/02/2015,23.239,23.239,22.808,22.808,162309
04/02/2015,22.836,23.005,22.49,22.79,346849
05/02/2015,22.649,22.734,22.321,22.725,457079
06/02/2015,22.734,23.221,22.565,23.098,226310
09/02/2015,22.976,23.286,22.856,22.93,213706
10/02/2015,23.098,23.098,22.743,22.93,176330
11/02/2015,22.93,22.976,22.331,22.331,311988
12/02/2015,22.912,22.93,22.406,22.92,491247
13/02/2015,22.93,23.136,22.93,23.136,201231
16/02/2015,23.136,23.155,22.93,22.996,63726
17/02/2015,22.968,23.304,22.677,23.164,208676
18/02/2015,23.304,23.763,23.229,23.585,366482
19/02/2015,23.585,24.054,23.407,23.445,188054
20/02/2015,23.445,23.623,23.304,23.594,122462
23/02/2015,23.594,23.754,23.323,23.398,153712
24/02/2015,23.492,23.67,22.631,22.631,428190
25/02/2015,22.649,22.958,22.649,22.761,138292
26/02/2015,22.846,23.398,22.846,23.398,208174
27/02/2015,23.51,24.381,23.482,24.371,721215
02/03/2015,24.371,24.371,23.783,23.783,368888
03/03/2015,23.773,23.903,23.304,23.398,413155
04/03/2015,23.538,24.147,23.398,23.847,351054
05/03/2015,23.866,24.848,23.866,24.708,1018800
06/03/2015,24.708,25.177,24.175,24.971,711594
09/03/2015,24.971,25.55,24.848,25.269,888196
10/03/2015,25.458,25.532,24.858,25.064,720430
11/03/2015,25.064,25.157,24.24,24.559,666240
12/03/2015,24.643,25.037,24.437,24.764,382890
13/03/2015,24.736,24.756,23.866,23.866,410047
16/03/2015,24.071,24.091,23.51,23.839,431986
17/03/2015,23.866,24.044,23.538,23.538,660156
18/03/2015,23.585,23.678,23.351,23.632,854319
19/03/2015,23.707,24.006,23.585,23.585,615451
20/03/2015,23.839,24.334,23.548,24.334,3538084
23/03/2015,24.484,24.7,23.988,24.615,359777
24/03/2015,24.671,24.671,24.11,24.475,261740
25/03/2015,24.334,25.617,24.221,25.504,1096130
26/03/2015,25.458,26.018,24.83,25.242,1209492
27/03/2015,25.279,26,25.279,25.841,1334114
30/03/2015,25.831,25.831,25.326,25.363,346739
31/03/2015,25.41,25.617,25.083,25.345,502213
01/04/2015,25.298,25.504,25.101,25.354,355584
02/04/2015,25.41,26.721,25.317,26.375,1031067
07/04/2015,26.673,28.536,26.561,28.078,1155622
08/04/2015,28.069,28.246,27.432,27.432,664317
09/04/2015,27.31,28.733,27.189,28.733,751492
10/04/2015,28.836,29.304,28.152,28.452,1012039
13/04/2015,28.452,28.827,28.302,28.377,217585
14/04/2015,28.621,28.901,28.556,28.733,200531
15/04/2015,28.78,28.929,28.667,28.78,192193
16/04/2015,28.901,28.901,27.89,28.546,609671
17/04/2015,28.265,28.443,27.563,27.769,473709
20/04/2015,27.619,28.406,27.619,28.406,391656
21/04/2015,28.406,28.677,28.135,28.452,387688
22/04/2015,28.359,28.359,27.394,28.078,526302
23/04/2015,28.086,28.218,27.563,27.609,460414
24/04/2015,27.609,27.984,27.609,27.863,487150
27/04/2015,27.797,28.78,27.797,28.723,481028
28/04/2015,28.742,29.201,28.733,29.013,373937
29/04/2015,29.004,29.248,27.609,28.648,568244
30/04/2015,28.546,29.144,28.527,28.817,512428
04/05/2015,28.742,29.715,28.733,29.565,310335
05/05/2015,29.669,29.669,28.92,28.92,174454
06/05/2015,28.733,29.201,28.499,29.013,170452
07/05/2015,28.92,28.92,28.406,28.48,162042
08/05/2015,28.546,28.957,28.508,28.957,164272
11/05/2015,28.957,28.995,28.471,28.967,206243
12/05/2015,28.967,28.967,28.415,28.92,234356
13/05/2015,28.911,28.911,28.592,28.761,141679
14/05/2015,28.705,28.705,28.078,28.078,142273
15/05/2015,28.078,28.293,27.844,28.078,174889
18/05/2015,28.078,28.218,27.854,27.89,136305
19/05/2015,28.265,29.098,28.125,28.827,652749
20/05/2015,29.004,29.257,28.611,29.108,211312
21/05/2015,29.267,29.267,28.827,29.192,137422
22/05/2015,29.201,29.248,28.592,28.761,153293
25/05/2015,28.546,28.733,27.984,28.35,83863
26/05/2015,28.321,28.911,28.265,28.302,190905
27/05/2015,28.34,28.686,28.34,28.648,134378
28/05/2015,28.565,28.677,27.984,28.003,145874
29/05/2015,28.05,28.517,27.9,28.275,460631
01/06/2015,28.275,28.573,28.115,28.227,195964
02/06/2015,28.35,28.536,27.638,28.331,284374
03/06/2015,28.265,28.536,27.89,28.209,239401
05/06/2015,27.713,28.106,27.254,27.375,220740
08/06/2015,27.32,27.984,27.254,27.507,183004
09/06/2015,27.423,27.507,26.225,26.496,396500
10/06/2015,26.673,26.945,26.646,26.646,215007
11/06/2015,26.673,27.516,26.673,27.507,140761
12/06/2015,27.479,27.479,27.244,27.423,59328
15/06/2015,27.45,27.516,26.881,27.507,178807
16/06/2015,27.423,27.423,26.954,27.375,79675
17/06/2015,27.235,27.563,26.673,26.768,238884
18/06/2015,26.692,26.814,26.028,26.814,286142
19/06/2015,27.039,27.272,26.748,26.748,357563
22/06/2015,26.954,27.825,26.683,27.703,127923
23/06/2015,27.788,28.03,27.656,27.703,153927
24/06/2015,27.797,27.956,27.282,27.881,154995
25/06/2015,27.759,28.359,27.629,28.199,465955
26/06/2015,28.171,28.546,27.844,28.48,259424
29/06/2015,27.152,28.265,26.786,27.703,316056
30/06/2015,27.703,28.078,27.357,28.078,290800
01/07/2015,28.078,28.078,26.964,27.057,484251
02/07/2015,27.057,27.235,26.776,27.142,242706
03/07/2015,27.282,27.348,26.983,27.244,94170
06/07/2015,26.908,27.142,26.888,27.048,54329
07/07/2015,27.048,27.553,27.048,27.244,105398
08/07/2015,27.048,27.235,26.852,27.142,155353
09/07/2015,27.142,27.142,26.459,26.814,168800
10/07/2015,27.001,27.441,26.861,27.423,123136
13/07/2015,27.375,27.815,27.328,27.535,255609
14/07/2015,27.469,27.89,27.32,27.89,167514
15/07/2015,27.89,28.433,27.338,28.433,184382
16/07/2015,28.424,29.013,28.275,29.013,333170
17/07/2015,29.004,29.108,28.284,28.827,292815
20/07/2015,28.705,29.575,28.705,29.332,307414
21/07/2015,29.604,30.202,29.435,30.184,437488
22/07/2015,30.221,30.324,29.734,29.903,572655
23/07/2015,29.715,29.715,28.592,29.529,246035
24/07/2015,29.754,29.903,29.341,29.763,237217
27/07/2015,29.837,29.837,29.144,29.388,132202
28/07/2015,29.267,29.641,29.126,29.126,195145
29/07/2015,29.116,29.613,29.108,29.435,288340
30/07/2015,29.407,29.613,29.088,29.172,287341
31/07/2015,29.06,29.482,29.06,29.482,256207
03/08/2015,29.482,29.482,28.911,29.154,223928
04/08/2015,29.201,29.95,27.235,29.613,616869
05/08/2015,29.754,29.79,29.22,29.669,501867
06/08/2015,29.604,29.604,29.108,29.388,222420
07/08/2015,29.435,29.622,29.164,29.435,99888
10/08/2015,29.482,29.8,29.482,29.763,271168
11/08/2015,30.418,30.886,30.324,30.418,464501
12/08/2015,30.446,31.072,29.771,31.026,386207
13/08/2015,31.064,31.11,30.267,30.558,278482
14/08/2015,30.567,30.595,29.81,29.875,195651
17/08/2015,30.043,30.043,29.323,29.81,191994
18/08/2015,29.482,30.642,29.341,30.605,285161
19/08/2015,30.577,30.783,30.043,30.595,188462
20/08/2015,30.314,30.736,29.856,29.856,154765
21/08/2015,29.846,29.846,29.172,29.172,288883
24/08/2015,28.986,28.986,27.142,27.629,478315
25/08/2015,27.142,28.536,26.487,27.89,334834
26/08/2015,28.265,28.265,27.254,27.328,296289
27/08/2015,27.516,29.013,27.516,28.086,438965
28/08/2015,28.695,28.695,27.815,28.078,374728
31/08/2015,28.078,28.078,27.525,27.984,288445
01/09/2015,27.703,27.89,27.328,27.357,242236
02/09/2015,27.563,27.788,27.179,27.31,267332
03/09/2015,27.384,27.497,26.768,27.048,410148
04/09/2015,26.917,27.32,26.505,27.32,468624
07/09/2015,27.32,27.488,27.142,27.226,135941
08/09/2015,27.189,27.647,27.189,27.328,179293
09/09/2015,27.806,28.321,27.525,28.171,278526
10/09/2015,28.05,29.013,28.05,28.976,375780
11/09/2015,29.013,29.013,28.443,28.546,149251
14/09/2015,28.546,29.06,28.546,28.892,447244
15/09/2015,28.92,29.013,28.546,28.995,138299
16/09/2015,28.827,28.92,28.34,28.602,101635
17/09/2015,28.639,28.995,28.19,28.35,229481
18/09/2015,28.171,28.705,28.086,28.705,390475
21/09/2015,28.78,28.892,28.199,28.517,110100
22/09/2015,28.359,28.527,27.208,27.208,271268
23/09/2015,27.282,27.516,25.944,26.13,366823
24/09/2015,26.206,26.646,25.859,26.112,357282
25/09/2015,26.656,26.656,25.971,26.299,216072
28/09/2015,26.094,26.299,25.69,25.729,160951
29/09/2015,25.55,26.365,25.298,25.822,190884
30/09/2015,26.206,26.421,25.878,26.159,340519
01/10/2015,26.309,27.001,26.225,26.636,196107
02/10/2015,26.673,26.964,26.299,26.861,187854
05/10/2015,26.964,27.871,26.861,27.423,167520
06/10/2015,27.497,27.741,27.338,27.741,108712
07/10/2015,27.656,28.125,27.357,28.125,496072
08/10/2015,28.171,28.957,27.582,28.695,333045
09/10/2015,28.686,29.172,28.686,28.827,388930
12/10/2015,29.079,29.079,28.125,28.265,286586
13/10/2015,28.171,28.19,27.169,27.497,165460
14/10/2015,27.441,28.527,27.441,28.527,169319
15/10/2015,28.069,28.171,27.629,27.89,139434
16/10/2015,28.078,28.209,27.488,27.629,120005
19/10/2015,27.656,28.069,27.656,27.994,77246
20/10/2015,27.937,27.994,27.563,27.703,174857
21/10/2015,27.984,27.984,26.983,27.048,242869
22/10/2015,27.272,27.328,26.814,26.814,251294
23/10/2015,27.264,27.656,27.095,27.189,372939
26/10/2015,27.142,27.441,26.861,27.048,217364
27/10/2015,27.048,27.488,26.6,26.683,243553
28/10/2015,26.683,26.748,26.215,26.44,307026
29/10/2015,26.646,26.646,25.85,26.206,642898
30/10/2015,26.206,26.748,25.971,26.636,276629
02/11/2015,26.636,27.226,26.636,27.048,420502
03/11/2015,27.152,27.189,26.375,26.617,309138
04/11/2015,26.937,26.937,26.683,26.927,309318
05/11/2015,26.673,26.908,26.543,26.73,150189
06/11/2015,26.927,26.927,25.747,26.066,433764
09/11/2015,26.206,26.384,25.458,25.747,290411
10/11/2015,26.018,26.617,25.747,26.487,230423
12/11/2015,26.673,26.673,25.617,25.954,380448
13/11/2015,25.738,25.898,25.129,25.279,174922
16/11/2015,25.223,25.99,24.848,25.925,276859
17/11/2015,26.038,26.384,25.719,25.934,190053
18/11/2015,26.206,26.299,25.888,26.206,207495
19/11/2015,26.384,27.086,26.384,26.824,364656
20/11/2015,26.824,26.898,26.421,26.768,174096
23/11/2015,26.814,27.048,26.225,26.673,235512
24/11/2015,26.927,27.048,26.402,27.001,427265
25/11/2015,27.001,27.086,26.58,27.021,265737
26/11/2015,27.123,27.226,26.748,27.057,143577
27/11/2015,27.123,27.216,26.721,27.048,153883
30/11/2015,27.095,27.123,26.59,26.683,804400
01/12/2015,26.776,27.142,26.6,27.142,233403
02/12/2015,27.142,27.235,26.636,26.927,279457
03/12/2015,26.973,27.048,26.215,26.842,202626
04/12/2015,26.58,26.832,25.317,26.617,303344
07/12/2015,26.617,26.964,26.487,26.59,91726
08/12/2015,26.533,26.721,26.431,26.58,130632
09/12/2015,26.393,26.58,25.971,26.206,261014
10/12/2015,26.206,26.384,25.654,25.738,412918
11/12/2015,25.775,26.196,24.615,25.402,536896
14/12/2015,25.382,25.392,24.343,24.756,369495
15/12/2015,24.876,25.738,24.84,25.363,202987
16/12/2015,25.523,25.673,25.083,25.467,127871
17/12/2015,25.392,26.908,25.392,26.337,466047
18/12/2015,26.299,26.665,25.85,26.337,159062
21/12/2015,26.327,26.665,26.066,26.319,159643
22/12/2015,26.384,26.571,25.747,25.85,304094
23/12/2015,26.018,26.186,25.803,25.878,130594
28/12/2015,26.01,26.038,25.579,25.663,121561
29/12/2015,25.71,25.962,25.644,25.719,162077
30/12/2015,25.785,25.831,25.269,25.269,199629
04/01/2016,24.896,25.017,24.717,24.848,363011
05/01/2016,24.858,25.729,24.858,25.269,326481
07/01/2016,24.521,25.269,24.455,24.848,348000
08/01/2016,24.942,25.204,24.502,24.502,342295
11/01/2016,24.502,24.7,23.979,24.475,251590
12/01/2016,24.475,26,24.381,25.7,465769
13/01/2016,26.046,26.159,25.476,25.738,433807
14/01/2016,25.69,26.018,25.326,25.971,276644
15/01/2016,25.841,26,25.467,25.617,203951
18/01/2016,25.269,25.392,24.69,24.988,120923
19/01/2016,25.101,25.476,24.988,25.41,189837
20/01/2016,24.886,25.7,24.409,25.252,342806
21/01/2016,25.242,25.504,25.008,25.223,444669
22/01/2016,25.458,25.55,25.177,25.261,406652
25/01/2016,25.467,25.467,24.84,25.101,278635
26/01/2016,24.858,25.242,24.633,25.027,216030
27/01/2016,25.064,25.213,24.671,24.802,282010
28/01/2016,25.177,25.177,24.671,24.756,350781
29/01/2016,24.886,24.886,23.678,23.959,652532
01/02/2016,23.773,24.203,23.585,23.988,495745
02/02/2016,24.138,24.175,23.585,23.839,537130
03/02/2016,23.913,24.071,23.492,23.726,390959
04/02/2016,23.998,23.998,23.538,23.678,363261
05/02/2016,23.734,24.147,23.548,23.875,467458
08/02/2016,24.054,24.054,23.492,23.66,178658
09/02/2016,23.529,23.567,22.94,23.519,341559
10/02/2016,23.519,23.707,23.192,23.286,288882
11/02/2016,23.277,23.585,22.565,23.323,366870
12/02/2016,23.229,23.567,22.556,22.556,475392
15/02/2016,22.92,22.92,22.509,22.761,268662
16/02/2016,22.817,23.211,22.649,23.108,227706
17/02/2016,23.211,24.194,23.164,24.156,631528
18/02/2016,24.334,24.549,23.866,24.035,502936
19/02/2016,23.979,23.988,23.417,23.678,388554
22/02/2016,23.969,24.054,23.744,23.913,181885
23/02/2016,23.913,24.175,23.726,24.138,265580
24/02/2016,24.054,24.054,23.632,23.885,194937
25/02/2016,23.866,23.885,23.538,23.847,192843
26/02/2016,23.678,24.006,23.678,23.959,327092
29/02/2016,23.969,24.025,23.623,23.8,211197
01/03/2016,23.734,23.79,23.529,23.744,325740
02/03/2016,24.006,24.091,23.632,23.913,190832
03/03/2016,23.773,24.708,23.707,24.708,405642
04/03/2016,24.708,25.157,24.68,25.101,353189
07/03/2016,25.177,25.634,25.177,25.458,374141
08/03/2016,25.458,25.607,24.802,25.083,343476
09/03/2016,24.82,24.961,24.493,24.652,306585
10/03/2016,24.802,25.083,24.727,24.924,377753
11/03/2016,24.988,25.504,24.83,25.317,411047
14/03/2016,25.345,25.532,24.868,25.083,286665
15/03/2016,25.148,25.204,24.896,25.148,195306
16/03/2016,25.204,25.204,24.82,25.148,217730
17/03/2016,25.177,25.634,24.971,25.617,477547
18/03/2016,25.673,25.785,25.269,25.336,1535816
21/03/2016,25.233,25.402,25.121,25.363,375142
22/03/2016,25.382,25.729,25.177,25.729,452154
23/03/2016,25.775,25.775,25.269,25.392,284343
24/03/2016,25.41,25.654,25.177,25.644,196260
29/03/2016,25.354,25.775,25.354,25.757,185630
30/03/2016,25.813,26.375,25.57,26.375,305434
31/03/2016,26.206,26.206,25.738,26.056,355975
01/04/2016,25.878,26.046,25.326,25.898,257655
04/04/2016,25.71,26.046,25.336,26.046,195360
05/04/2016,25.644,25.822,24.971,25.279,248253
06/04/2016,25.738,25.803,25.326,25.55,185876
07/04/2016,25.644,25.822,25.177,25.438,144294
08/04/2016,25.458,25.69,25.448,25.69,160142
11/04/2016,25.69,25.729,25.186,25.504,119362
12/04/2016,25.458,25.458,25.037,25.279,111897
13/04/2016,25.177,25.644,25.121,25.644,219647
14/04/2016,25.644,25.954,25.41,25.905,137873
15/04/2016,25.915,25.915,25.55,25.747,156851
18/04/2016,25.644,26.29,25.532,26.29,306707
19/04/2016,26.365,26.524,26.13,26.44,160126
20/04/2016,26.487,26.665,26.206,26.44,375466
21/04/2016,26.533,26.842,26.215,26.487,343735
22/04/2016,26.393,26.945,26.393,26.945,150970
25/04/2016,26.73,27.086,26.665,27.086,100287
26/04/2016,27.048,27.591,26.908,27.31,375195
27/04/2016,27.328,27.404,26.881,27.32,187071
28/04/2016,27.516,27.797,27.152,27.609,358592
29/04/2016,27.675,28.059,27.272,27.778,324145
02/05/2016,27.638,28.788,27.525,28.546,415682
04/05/2016,28.246,28.34,28.069,28.275,446786
05/05/2016,28.284,28.284,27.292,27.432,218950
06/05/2016,27.404,28.19,27.244,28.106,327133
09/05/2016,28.106,28.443,27.722,27.984,341401
10/05/2016,27.966,28.284,27.619,28.05,312330
11/05/2016,28.078,28.35,27.75,28.078,262979
12/05/2016,28.218,28.415,28.078,28.199,187572
13/05/2016,28.078,28.443,27.881,28.443,293755
16/05/2016,28.406,28.686,28.359,28.546,285244
17/05/2016,28.546,28.92,28.517,28.817,262424
18/05/2016,28.658,29.669,28.499,29.613,486565
19/05/2016,29.529,29.548,27.432,28.639,350247
20/05/2016,28.639,29.164,28.583,29.164,304932
23/05/2016,29.201,29.248,28.742,28.976,175481
24/05/2016,28.827,29.238,28.686,28.761,218554
25/05/2016,28.78,29.482,28.78,29.313,341544
27/05/2016,29.416,29.763,29.154,29.631,204463
30/05/2016,29.575,29.706,29.172,29.669,97988
31/05/2016,29.669,29.706,28.976,28.976,656190
01/06/2016,28.639,28.761,27.806,27.928,166331
02/06/2016,27.731,28.359,27.731,28.152,224089
03/06/2016,28.246,28.827,28.106,28.807,144816
06/06/2016,28.639,29.482,28.583,29.313,120135
07/06/2016,29.267,30.062,29.22,29.93,355434
08/06/2016,29.94,30.465,29.725,30.362,436309
09/06/2016,30.174,30.39,29.978,30.258,126984
10/06/2016,30.221,30.221,29.463,29.575,114974
13/06/2016,29.444,29.556,29.069,29.538,193065
14/06/2016,29.284,29.284,28.209,28.209,336187
15/06/2016,28.209,29.154,28.209,28.827,189814
16/06/2016,28.415,29.276,28.218,28.246,423928
17/06/2016,28.19,29.013,28.19,28.546,370476
20/06/2016,29.013,29.94,28.742,29.594,87217
21/06/2016,29.35,29.837,29.013,29.8,309395
22/06/2016,29.8,29.81,29.416,29.81,156938
23/06/2016,29.81,30.23,29.659,30.23,272401
24/06/2016,26.206,28.967,26.206,28.311,440105
27/06/2016,28.311,28.798,27.994,28.218,562403
28/06/2016,28.293,28.78,28.218,28.639,282894
29/06/2016,28.639,28.827,28.415,28.827,255874
30/06/2016,28.827,28.827,28.415,28.517,192974
01/07/2016,28.807,28.911,27.937,28.078,241085
04/07/2016,27.6,28.986,27.272,28.836,309529
05/07/2016,28.63,28.686,28.35,28.452,174188
06/07/2016,28.171,28.321,27.423,27.881,247592
07/07/2016,27.946,28.527,27.881,28.275,182512
08/07/2016,28.171,28.237,27.6,27.731,253998
11/07/2016,28.069,28.218,27.731,28.069,329580
12/07/2016,28.171,28.227,27.89,28.218,296855
13/07/2016,28.218,28.658,28.115,28.508,401905
14/07/2016,28.527,28.527,28.069,28.265,191333
15/07/2016,28.255,28.321,27.788,27.994,288663
18/07/2016,28.012,28.536,27.984,28.218,249290
19/07/2016,28.406,28.443,27.966,28.078,297833
20/07/2016,28.171,28.35,27.9,28.302,329305
21/07/2016,28.302,28.302,28.022,28.19,399675
22/07/2016,28.012,28.171,27.974,28.069,309752
25/07/2016,28.078,28.106,27.91,28.106,204378
26/07/2016,28.059,28.059,27.394,27.675,176138
27/07/2016,27.423,27.619,27.198,27.328,386712
28/07/2016,27.216,27.769,27.048,27.6,183541
29/07/2016,27.375,27.413,27.011,27.338,266051
01/08/2016,27.264,27.469,26.786,27.31,223245
02/08/2016,27.292,27.488,27.067,27.404,300213
03/08/2016,27.423,27.441,26.533,26.852,309566
04/08/2016,26.927,27.086,26.309,26.487,324274
05/08/2016,26.571,26.58,26.309,26.44,184718
08/08/2016,26.44,27.133,26.44,26.908,284495
09/08/2016,26.881,27.264,26.786,27.226,186066
10/08/2016,27.208,27.665,26.824,27.665,152599
11/08/2016,27.208,27.918,27.208,27.918,149476
12/08/2016,27.759,28.19,27.759,27.89,182514
16/08/2016,27.647,28.03,27.535,27.806,204179
17/08/2016,27.778,28.003,27.161,27.357,277677
18/08/2016,27.432,27.507,27.161,27.45,339330
19/08/2016,27.722,27.722,27.179,27.394,190092
22/08/2016,27.048,27.675,26.954,27.488,141807
23/08/2016,27.423,28.078,27.338,28.078,273628
24/08/2016,28.171,28.171,27.713,27.89,174967
25/08/2016,27.713,28.078,27.619,28.078,237453
26/08/2016,28.078,28.078,26.871,27.048,422441
29/08/2016,27.048,27.404,26.721,26.861,194686
30/08/2016,26.758,27.6,26.758,27.375,270279
31/08/2016,27.375,27.375,27.077,27.189,281822
01/09/2016,27.123,27.375,26.431,26.487,213529
02/09/2016,26.44,27.235,26.402,26.692,208527
05/09/2016,26.898,27.507,26.702,27.104,132223
06/09/2016,27.507,27.507,26.824,27.375,219876
07/09/2016,27.375,27.553,27.123,27.123,190528
08/09/2016,27.384,27.544,27.057,27.057,163936
09/09/2016,27.057,27.235,26.355,26.524,170094
12/09/2016,26.44,26.45,25.794,25.971,482628
13/09/2016,25.971,26.215,25.317,25.738,500177
14/09/2016,25.747,26.384,25.607,26.299,108991
15/09/2016,26.299,26.299,25.588,26.179,141949
16/09/2016,26.206,26.225,25.757,26.018,301416
19/09/2016,25.925,26.524,25.925,26.299,104469
20/09/2016,26.206,26.515,26.206,26.515,79246
21/09/2016,26.505,26.617,26.066,26.225,255857
22/09/2016,26.505,27.029,26.477,27.029,292371
23/09/2016,26.908,26.937,26.206,26.937,172057
26/09/2016,26.281,26.533,26.215,26.533,217000
27/09/2016,26.533,26.533,25.738,25.971,229029
28/09/2016,25.934,26.421,25.654,25.654,136334
29/09/2016,26.215,27.272,26.038,26.954,389304
30/09/2016,26.908,27.413,26.58,26.627,333831
03/10/2016,26.796,26.796,26.375,26.683,100856
04/10/2016,26.384,26.768,26.225,26.346,205256
05/10/2016,26.411,27.077,26.225,26.842,276466
06/10/2016,26.898,26.898,26.271,26.748,174094
07/10/2016,26.673,26.748,26.309,26.467,151328
10/10/2016,26.814,27.656,26.467,27.656,252432
11/10/2016,27.703,27.863,27.142,27.638,195901
12/10/2016,27.656,27.656,27.264,27.6,136353
13/10/2016,27.272,28.227,27.272,27.91,354711
14/10/2016,28.078,28.078,27.75,28.03,145226
17/10/2016,28.078,28.078,27.432,28.05,200584
18/10/2016,28.03,28.069,27.497,27.844,204535
19/10/2016,27.844,28.443,27.844,28.135,320397
20/10/2016,28.321,28.321,27.741,28.03,387547
21/10/2016,28.209,28.415,27.806,27.918,264435
24/10/2016,28.03,28.827,28.03,28.78,265102
25/10/2016,28.78,29.013,28.367,29.013,229260
26/10/2016,28.986,29.341,28.677,29.341,197776
27/10/2016,30.043,31.026,30.043,31.026,766444
28/10/2016,31.026,31.68,30.633,31.494,426802
31/10/2016,31.448,32.224,31.194,31.831,460491
02/11/2016,31.821,31.821,30.886,31.167,270321
03/11/2016,31.064,31.709,30.819,31.485,317285
04/11/2016,31.784,31.821,31.26,31.68,319670
07/11/2016,32.009,32.224,31.269,31.802,264992
08/11/2016,31.793,32.28,31.728,32.224,351703
09/11/2016,31.578,31.802,31.1,31.353,222519
10/11/2016,31.634,32.102,31.465,31.465,753190
14/11/2016,31.728,31.802,30.567,30.567,328401
15/11/2016,30.886,31.409,30.698,31.353,407478
16/11/2016,31.728,31.736,31.456,31.736,405380
17/11/2016,31.728,31.736,30.979,30.979,597109
18/11/2016,30.886,31.373,30.763,30.998,380432
21/11/2016,31.344,32.224,31.054,32.065,456383
22/11/2016,32.224,33.215,32.224,33.103,715138
23/11/2016,33.215,34.443,33.103,34.443,1233549
24/11/2016,34.526,34.526,33.646,33.871,197393
25/11/2016,34.162,34.338,32.944,33.702,913173
28/11/2016,33.693,34.077,33.319,33.927,453068
29/11/2016,34.058,34.058,33.431,33.834,247340
30/11/2016,33.834,34.563,33.769,34.526,887105
01/12/2016,34.348,34.443,34.067,34.226,205464
02/12/2016,34.226,34.61,34.096,34.414,227046
05/12/2016,34.414,34.919,33.693,34.919,366282
06/12/2016,35.05,35.191,34.358,34.891,334722
07/12/2016,34.891,35.059,34.461,34.798,510989
08/12/2016,34.443,35.546,34.387,35.472,596512
09/12/2016,35.472,35.565,34.769,35.378,304438
12/12/2016,35.462,35.556,34.769,35.34,386541
13/12/2016,34.817,35.921,34.817,35.649,524336
14/12/2016,35.752,36.969,35.696,36.913,920265
15/12/2016,36.688,36.875,34.742,36.548,631559
16/12/2016,36.734,37.419,36.566,37.419,850434
19/12/2016,37.015,37.812,36.913,37.812,517313
20/12/2016,37.905,38.269,37.035,37.156,675661
21/12/2016,37.156,37.156,35.874,36.033,402185
22/12/2016,36.182,36.502,35.949,36.502,492668
23/12/2016,36.361,36.502,35.94,36.127,91463
27/12/2016,36.127,36.313,35.921,36.173,84767
28/12/2016,36.173,36.313,35.677,35.986,164748
29/12/2016,35.593,36.117,35.593,36.117,217644
30/12/2016,36.127,36.145,35.649,35.8,183789
02/01/2017,35.846,36.08,35.106,35.93,158469
03/01/2017,35.94,36.071,35.135,35.378,335497
04/01/2017,35.453,35.94,35.396,35.846,762027
05/01/2017,36.023,36.453,35.8,36.313,632702
09/01/2017,36.502,36.866,36.136,36.594,415439
10/01/2017,36.875,37.802,36.67,37.25,593923
11/01/2017,37.624,37.624,36.838,36.969,454162
12/01/2017,37.436,37.436,36.407,36.688,589334
13/01/2017,37.25,37.25,36.164,36.277,286561
16/01/2017,36.361,36.875,35.986,36.529,300158
17/01/2017,37.053,37.204,36.08,36.145,151998
18/01/2017,36.389,36.614,35.593,35.621,179748
19/01/2017,35.846,36.492,35.752,36.108,315867
20/01/2017,36.313,36.313,34.873,35.565,354650
23/01/2017,35.565,35.612,35.209,35.368,163470
24/01/2017,35.378,35.668,35.115,35.321,219766
25/01/2017,35.321,35.556,35.106,35.106,335300
26/01/2017,35.406,35.659,34.938,34.938,333943
27/01/2017,34.938,35.331,34.938,35.097,188119
30/01/2017,35.097,35.668,34.629,34.722,347890
31/01/2017,34.957,35.378,34.957,35.238,316837
01/02/2017,35.519,36.473,35.265,36.127,570879
02/02/2017,36.267,36.267,35.677,36.127,385610
03/02/2017,36.042,36.463,35.902,36.37,339286
06/02/2017,36.37,37.624,36.098,37.624,541621
07/02/2017,37.624,39.094,37.54,38.934,933401
08/02/2017,38.934,39.094,38.289,38.56,500006
09/02/2017,38.56,40.665,38.56,40.665,736667
10/02/2017,40.731,41.04,40.302,40.713,449671
13/02/2017,40.713,40.834,40.338,40.348,430381
14/02/2017,40.348,41.64,40.348,41.321,481226
15/02/2017,41.321,42.228,41.219,42.116,395063
16/02/2017,42.108,45.533,41.854,43.081,1184140
17/02/2017,43.287,44.447,41.845,42.341,604769
20/02/2017,42.585,43.727,42.585,43.24,276768
21/02/2017,43.287,45.477,43.287,45.392,580532
22/02/2017,45.852,45.992,45.486,45.832,584134
23/02/2017,45.832,48.248,45.832,47.844,736115
24/02/2017,47.057,47.704,44.999,45.813,585484
27/02/2017,45.813,47.498,45.813,47.077,365695
28/02/2017,46.796,47.067,45.177,45.514,499299
01/03/2017,46.796,47.967,45.954,47.527,684522
02/03/2017,47.451,47.732,47.236,47.732,328317
03/03/2017,47.17,47.732,47.001,47.723,369460
06/03/2017,47.723,47.947,47.096,47.17,420221
07/03/2017,48.199,48.471,46.459,46.74,326185
08/03/2017,46.796,48.669,46.16,48.659,527086
09/03/2017,48.669,48.669,47.096,47.17,557418
10/03/2017,47.264,49.847,47.264,48.444,586682
13/03/2017,48.536,50.858,48.536,49.688,536046
14/03/2017,50.493,52.215,49.8,52.038,648651
15/03/2017,52.112,53.713,52.112,52.945,554281
16/03/2017,53.722,55.098,53.534,55.098,507358
17/03/2017,55.219,55.959,54.134,54.349,788092
20/03/2017,54.377,54.752,52.6,52.74,262409
21/03/2017,53.207,55.407,53.161,54.19,673508
22/03/2017,53.253,53.61,52.019,53.348,407046
23/03/2017,53.534,54.752,53.534,54.752,267782
24/03/2017,55.013,55.023,53.067,53.067,432440
27/03/2017,52.505,52.551,49.473,49.791,424966
28/03/2017,50.072,50.82,49.473,49.969,377163
29/03/2017,50.54,52.234,50.54,52.112,549922
30/03/2017,51.691,52.028,51.055,51.598,277308
31/03/2017,51.476,51.598,49.903,51.129,373388
03/04/2017,51.008,51.233,49.604,50.634,248990
04/04/2017,50.531,51.569,50.175,50.54,329500
05/04/2017,50.634,51.729,50.531,50.774,370952
06/04/2017,49.707,50.942,49.529,50.456,306540
07/04/2017,50.109,50.764,50.099,50.446,458691
10/04/2017,50.54,50.988,49.791,50.988,268267
11/04/2017,50.68,50.84,48.069,48.107,555374
12/04/2017,48.107,48.855,46.235,48.621,596856
13/04/2017,49.136,49.678,48.519,49.136,303413
18/04/2017,49.979,50.952,49.042,49.118,516749
19/04/2017,50.025,50.138,49.192,49.426,427889
20/04/2017,49.604,49.875,49.182,49.51,319468
21/04/2017,49.604,49.838,48.294,48.509,484049
24/04/2017,49.221,51.045,49.146,50.54,463149
25/04/2017,51.008,52.664,50.587,52.664,605601
26/04/2017,53.629,58.196,53.629,57.297,1758442
27/04/2017,57.981,58.018,55.978,56.155,640948
28/04/2017,56.155,56.707,55.144,56.614,408526
02/05/2017,56.595,57.503,55.846,56.707,428368
04/05/2017,57.092,58.027,54.827,55.838,621520
05/05/2017,55.838,55.912,53.928,55.519,371660
08/05/2017,56.136,56.136,54.696,55.5,310803
09/05/2017,55.407,55.659,54.451,54.845,395536
10/05/2017,54.752,56.015,54.752,55.744,451967
11/05/2017,55.744,56.146,54.069,54.471,245580
12/05/2017,54.069,55.482,54.069,55.126,186118
15/05/2017,55.126,55.36,54.471,55.079,224918
16/05/2017,54.676,55.033,52.224,52.234,643985
17/05/2017,51.673,52,50.39,50.409,738251
18/05/2017,49.791,50.988,49.519,50.54,366076
19/05/2017,50.988,53.067,50.175,52.543,514133
22/05/2017,52.692,53.309,51.588,52.084,418214
23/05/2017,51.766,52.393,50.643,51.663,542250
24/05/2017,50.605,51.747,50.324,51.101,706322
25/05/2017,51.438,52.59,50.69,52.467,304314
26/05/2017,52.6,52.646,51.186,52.178,218271
29/05/2017,51.775,52.075,50.099,50.54,176548
30/05/2017,50.54,51.195,50.119,51.157,177729
31/05/2017,50.577,51.438,50.353,50.372,1112686
01/06/2017,50.577,51.008,50.175,50.727,316803
02/06/2017,51.073,51.402,50.652,51.241,233725
05/06/2017,51.466,51.673,50.549,50.549,385617
06/06/2017,50.634,53.048,49.8,52.871,483482
07/06/2017,52.927,54.05,52.084,52.15,447940
08/06/2017,52.327,52.767,51.476,52.215,271557
09/06/2017,52.309,53.095,52.224,52.411,179806
12/06/2017,52.767,52.767,51.121,51.458,140604
13/06/2017,51.476,52.038,51.121,51.785,386514
14/06/2017,51.963,52.346,50.68,50.68,199065
16/06/2017,50.531,50.998,49.698,49.734,532159
19/06/2017,49.95,51.663,49.884,51.476,401381
20/06/2017,51.101,52.861,51.055,51.569,695967
21/06/2017,51.402,52.776,50.577,52.74,327197
22/06/2017,52.6,52.683,51.402,51.71,366676
23/06/2017,51.373,51.392,50.221,50.221,300076
26/06/2017,50.587,52.168,50.587,51.476,303328
27/06/2017,52.038,52.038,50.988,51.261,150499
28/06/2017,51.476,51.476,49.894,49.979,371745
29/06/2017,50.081,50.717,48.453,48.705,298555
30/06/2017,48.865,48.986,47.114,47.732,378506
03/07/2017,47.742,48.536,47.395,48.294,326340
04/07/2017,48.294,48.725,47.919,48.388,151618
05/07/2017,48.34,49.042,48.199,48.93,246410
06/07/2017,48.93,49.304,48.593,48.715,177440
07/07/2017,48.715,49.023,48.48,48.761,241521
10/07/2017,49.463,49.773,48.575,49.594,214475
11/07/2017,49.557,49.698,49.062,49.098,191554
12/07/2017,49.417,50.493,48.986,50.353,257527
13/07/2017,50.353,50.605,49.988,50.605,182887
14/07/2017,50.54,50.634,49.819,50.54,240021
17/07/2017,50.521,51.082,50.362,50.456,156749
18/07/2017,50.68,51.121,49.192,49.932,229581
19/07/2017,50.155,50.549,48.799,49.566,240595
20/07/2017,49.828,50.155,48.621,48.669,190270
21/07/2017,48.669,48.855,47.358,47.919,321764
24/07/2017,48.059,48.059,47.17,47.405,168795
25/07/2017,47.358,47.489,45.392,45.879,669257
26/07/2017,46.057,46.983,46.057,46.6,301670
27/07/2017,46.796,46.842,45.898,45.908,208489
28/07/2017,45.842,45.898,45.177,45.645,268889
31/07/2017,45.852,46.609,45.402,45.411,266061
01/08/2017,45.411,47.218,45.411,47.096,448779
02/08/2017,47.471,48.5,46.58,47.218,367754
03/08/2017,47.264,47.358,46.45,46.796,287217
04/08/2017,46.993,47.236,46.328,46.58,259804
07/08/2017,46.796,48.575,46.571,48.575,226434
08/08/2017,48.294,48.546,47.676,47.938,329842
09/08/2017,48.013,48.04,46.993,47.639,265758
10/08/2017,47.545,47.882,46.796,46.796,316476
11/08/2017,46.796,47.321,46.328,46.328,269383
14/08/2017,46.749,46.852,46.235,46.394,218490
16/08/2017,46.553,47.05,46.348,46.421,291102
17/08/2017,46.983,48.284,46.328,48.013,769806
18/08/2017,47.639,48.388,47.367,47.732,438577
21/08/2017,47.807,48.013,47.536,47.967,186905
22/08/2017,48.013,48.575,48.013,48.565,244656
23/08/2017,48.556,50.988,48.396,50.915,575425
24/08/2017,50.932,54.443,50.932,53.825,1584386
25/08/2017,54.284,54.938,53.142,53.675,455477
28/08/2017,53.348,55.921,53.253,55.593,551808
29/08/2017,55.781,55.959,53.825,54.171,731883
30/08/2017,54.171,55.547,54.171,55.219,287288
31/08/2017,55.219,55.547,54.321,55.089,496386
01/09/2017,54.752,55.453,54.395,55.013,292446
04/09/2017,54.331,55.781,54.331,55.107,205331
05/09/2017,54.752,55.725,54.377,55.033,319266
06/09/2017,54.929,55.219,54.096,54.096,233286
07/09/2017,53.368,55.215,53.368,53.863,264070
08/09/2017,53.911,54.796,53.911,54.367,205318
11/09/2017,54.758,56.368,54.273,55.567,453826
12/09/2017,56.187,56.282,55.567,55.806,286437
13/09/2017,55.901,56.196,54.892,56.196,413947
14/09/2017,56.177,58.091,55.739,57.025,467139
15/09/2017,56.901,57.015,55.52,55.91,468031
18/09/2017,56.415,57.52,56.415,56.892,158644
19/09/2017,57.139,57.311,56.853,57.139,286982
20/09/2017,56.996,57.235,56.472,57.139,193101
21/09/2017,56.397,56.996,55.234,55.424,272913
22/09/2017,55.32,55.892,54.892,55.71,168062
25/09/2017,54.663,56.092,53.911,54.758,127048
26/09/2017,54.996,56.52,54.996,56.187,264529
27/09/2017,56.511,56.624,55.13,55.72,238552
28/09/2017,55.282,56.653,55.282,56.653,244674
29/09/2017,56.663,57.139,55.901,56.901,227555
02/10/2017,56.901,57.691,56.196,57.139,357171
03/10/2017,57.139,60.415,57.11,59.329,1634479
04/10/2017,60.044,60.672,59.919,60.015,763348
05/10/2017,59.996,61.882,59.919,61.872,494335
06/10/2017,61.872,63.777,61.853,63.519,865841
09/10/2017,63.615,64.729,62.577,63.234,535932
10/10/2017,63.605,65.567,63.558,63.995,570679
11/10/2017,64.281,64.662,64.053,64.567,756194
12/10/2017,64.853,65.005,62.082,62.558,317495
13/10/2017,62.567,63.224,62.482,62.482,266049
16/10/2017,63.1,63.329,62.548,62.901,329832
17/10/2017,63.043,63.063,61.634,61.806,326567
18/10/2017,61.853,62.072,60.777,60.882,237729
19/10/2017,58.377,59.853,57.139,59.081,329010
20/10/2017,58.948,59.939,58.548,58.568,237349
23/10/2017,58.854,60.406,58.854,59.044,191248
24/10/2017,59.044,59.815,58.719,59.434,187765
25/10/2017,59.349,59.977,58.243,58.377,326190
26/10/2017,61.681,62.176,61.424,61.748,1176766
27/10/2017,62.053,62.767,61.681,62.186,456066
30/10/2017,62.186,63.272,62.129,63.053,234438
31/10/2017,63.043,63.081,62.72,62.881,422091
02/11/2017,63.091,64.263,62.758,63.206,381926
03/11/2017,63.425,63.482,62.196,62.853,172016
06/11/2017,63.224,64.091,62.31,63.376,479929
07/11/2017,63.891,63.995,63.329,63.472,304072
08/11/2017,63.034,63.852,62.881,63.329,231322
09/11/2017,63.329,63.758,62.681,62.787,254448
10/11/2017,63.043,64.453,62.805,63.396,316882
13/11/2017,63.482,63.701,61.072,62.024,305229
14/11/2017,62.301,62.853,61.729,62.1,187644
15/11/2017,62.11,62.167,59.339,60.158,136036
16/11/2017,59.996,60.729,57.206,57.386,461049
17/11/2017,58.091,59.091,58.091,59.091,207086
20/11/2017,59.091,60.205,58.682,59.234,129357
21/11/2017,59.32,59.52,58.758,59.167,120587
22/11/2017,58.93,59.282,58.282,59.177,125424
23/11/2017,59.044,59.424,58.386,59.024,47607
24/11/2017,59.386,59.891,59.349,59.52,151758
27/11/2017,59.329,59.796,57.529,58.568,200010
28/11/2017,58.453,58.939,57.339,58.719,197476
29/11/2017,58.568,59.158,55.958,56.377,356139
30/11/2017,56.187,56.853,53.625,53.625,682841
01/12/2017,53.901,54.806,51.282,51.616,481440
04/12/2017,51.806,52.797,51.139,52.415,770906
05/12/2017,52.663,55.34,52.521,55.234,459252
06/12/2017,55.234,57.472,53.901,57.139,765174
07/12/2017,57.129,57.634,55.853,57.558,431574
08/12/2017,57.806,58.282,56.701,57.472,283113
11/12/2017,57.329,57.462,53.472,53.472,500369
12/12/2017,52.949,53.977,52.102,52.654,470107
13/12/2017,52.654,53.511,52.387,52.854,479598
14/12/2017,52.587,53.406,52.12,52.454,445707
15/12/2017,51.902,54.301,51.902,53.596,526349
18/12/2017,54.015,56.129,53.977,55.71,282988
19/12/2017,56.092,56.092,55.111,55.71,256354
20/12/2017,55.567,56.187,55.197,56.072,225422
21/12/2017,55.739,56.092,55.225,55.634,140732
22/12/2017,55.901,55.901,55.463,55.549,110013
27/12/2017,55.71,56.377,55.71,56.187,124732
28/12/2017,56.168,56.472,55.368,55.901,107972
29/12/2017,55.549,55.577,54.196,54.949,158874
03/01/2018,54.929,55.482,53.387,54.282,215893
04/01/2018,54.549,55.825,54.301,55.692,298166
05/01/2018,55.616,55.616,53.825,54.663,176169
08/01/2018,54.739,55.082,53.672,54.586,351983
09/01/2018,54.586,54.586,53.387,53.406,332131
10/01/2018,53.501,53.94,53.044,53.482,327807
11/01/2018,53.387,54.32,52.949,54.187,348467
12/01/2018,54.168,54.911,53.901,54.073,344094
15/01/2018,53.33,53.501,52.587,53.425,154260
16/01/2018,53.425,55.197,52.911,54.758,490259
17/01/2018,54.758,54.758,53.349,53.692,542235
18/01/2018,53.863,54.835,53.444,54.034,491460
19/01/2018,54.187,55.786,54.168,55.616,413190
22/01/2018,55.996,58.073,55.978,58.073,409027
23/01/2018,58.586,59.463,57.634,58.377,556921
24/01/2018,58.472,58.568,56.91,57.806,416442
25/01/2018,57.235,57.977,56.434,56.434,463486
26/01/2018,56.434,57.501,56.053,57.501,155301
29/01/2018,57.615,58.243,57.52,58.073,212407
30/01/2018,57.501,57.996,56.663,57.939,172126
31/01/2018,57.158,57.711,56.282,56.567,375704
01/02/2018,57.101,57.101,54.282,55.025,502371
02/02/2018,54.949,54.968,53.082,54.187,360115
05/02/2018,53.825,53.825,52.701,53.578,415326
06/02/2018,51.387,52.378,50.587,51.025,665672
07/02/2018,52.74,53.33,51.501,53.33,422900
08/02/2018,52.854,53.92,51.806,53.33,332998
09/02/2018,52.073,54.359,51.787,53.52,657956
12/02/2018,53.863,54.949,53.615,54.568,312436
13/02/2018,54.663,54.835,53.615,54.224,270660
14/02/2018,54.282,54.739,54.054,54.701,232727
15/02/2018,54.854,55.368,54.339,54.473,216264
16/02/2018,55.215,55.215,53.539,54.606,368513
19/02/2018,54.568,54.929,54.091,54.739,100771
20/02/2018,54.739,54.796,53.654,54.625,226072
21/02/2018,54.72,54.72,51.959,52.187,566092
22/02/2018,51.996,52.206,51.082,51.406,428213
23/02/2018,51.996,52.187,50.759,50.759,279489
26/02/2018,50.968,52.492,50.949,52.339,206713
27/02/2018,52.568,57.139,52.244,56.149,1005448
28/02/2018,56.187,56.187,53.501,53.501,762754
01/03/2018,53.52,54.586,52.587,53.844,441779
02/03/2018,53.52,53.787,52.587,53.615,271696
05/03/2018,53.33,54.073,52.682,53.882,299700
06/03/2018,54.149,54.51,52.891,53.349,555114
07/03/2018,54.282,54.416,52.758,53.044,522300
08/03/2018,53.159,54.492,52.968,53.425,263188
09/03/2018,53.787,55.005,53.615,54.53,284952
12/03/2018,54.854,56.454,53.844,56.454,350007
13/03/2018,56.377,56.567,55.348,55.368,338468
14/03/2018,55.368,55.996,54.625,55.692,398961
15/03/2018,55.768,56.32,55.044,55.33,156501
16/03/2018,55.33,55.673,53.805,53.901,716897
19/03/2018,54.663,54.663,52.891,53.12,111489
20/03/2018,53.159,53.196,51.044,51.902,328691
21/03/2018,51.996,54.586,51.787,54.568,277231
22/03/2018,54.473,54.473,52.016,52.644,272963
23/03/2018,52.378,52.625,51.235,52.549,394596
26/03/2018,51.959,52.854,51.806,51.844,110591
27/03/2018,52.111,52.701,51.158,51.634,235270
28/03/2018,51.254,51.425,49.12,49.692,487111
29/03/2018,49.673,50.663,49.673,50.283,259323
03/04/2018,50.187,52.454,49.864,51.882,313805
04/04/2018,51.52,51.673,49.997,50.625,145979
05/04/2018,51.139,52.244,50.739,51.996,174022
06/04/2018,51.73,55.139,51.73,55.005,457085
09/04/2018,54.568,57.139,54.282,55.291,433518
10/04/2018,55.616,55.692,53.901,55.139,300177
11/04/2018,55.139,56.32,54.758,54.968,305782
12/04/2018,55.025,56.262,54.758,55.197,210062
13/04/2018,55.558,56.168,55.197,55.806,117154
16/04/2018,55.806,56.282,54.301,54.301,196330
17/04/2018,54.377,54.949,52.701,52.93,360750
18/04/2018,53.33,53.94,51.654,52.053,522268
19/04/2018,52.168,53.805,52.092,53.425,379629
20/04/2018,53.425,54.625,52.244,52.378,461791
23/04/2018,52.378,53.787,52.378,53.463,233162
24/04/2018,53.444,53.711,52.244,52.625,224024
25/04/2018,52.472,52.987,51.749,52.701,244129
26/04/2018,52.682,53.33,52.053,53.006,255568
27/04/2018,53.044,53.425,52.187,53.006,116331
30/04/2018,53.006,53.805,52.682,52.682,123759
02/05/2018,52.682,53.52,52.244,52.758,335897
04/05/2018,52.854,52.873,51.215,51.825,182498
07/05/2018,51.825,52.854,51.463,51.673,106371
08/05/2018,51.673,53.044,51.444,52.968,316682
09/05/2018,52.549,55.12,52.549,54.758,312778
10/05/2018,55.482,55.482,54.224,54.815,302961
11/05/2018,54.929,55.786,54.568,55.234,241665
14/05/2018,55.234,56.092,55.005,56.092,205086
15/05/2018,55.996,56.129,55.044,55.424,236165
16/05/2018,55.063,55.273,54.054,54.282,209159
17/05/2018,54.301,56.949,53.463,56.244,603680
18/05/2018,56.187,56.624,53.805,54.073,316461
21/05/2018,53.977,54.796,53.901,54.377,138970
22/05/2018,54.282,54.682,52.587,52.949,291599
23/05/2018,52.816,53.235,52.301,52.435,215958
24/05/2018,52.949,54.111,52.396,53.52,245426
25/05/2018,53.52,53.787,52.321,53.33,212906
28/05/2018,53.159,53.539,52.378,53.006,78808
29/05/2018,52.472,52.987,50.853,52.987,311612
30/05/2018,52.187,52.663,49.921,51.977,1051991
01/06/2018,51.977,52.568,50.663,51.844,301282
04/06/2018,52.187,53.216,52.111,52.758,147012
05/06/2018,52.682,54.396,52.035,54.396,233403
06/06/2018,54.377,56.91,54.187,56.187,691717
07/06/2018,56.187,58.796,55.311,55.71,639704
08/06/2018,55.616,56.092,54.586,56.072,216430
11/06/2018,55.749,56.93,54.968,55.177,194969
12/06/2018,55.424,55.996,54.396,55.215,166658
13/06/2018,55.197,55.577,54.492,54.854,164650
14/06/2018,54.568,56.739,53.901,56.187,386965
15/06/2018,55.901,56.168,54.282,54.796,465847
18/06/2018,54.13,54.643,52.206,52.758,198091
19/06/2018,52.625,52.625,50.606,50.778,889577
20/06/2018,51.368,52.206,51.158,51.825,299586
21/06/2018,51.825,52.587,50.568,51.691,318790
22/06/2018,52.378,53.539,51.254,53.33,194325
25/06/2018,52.758,53.692,51.92,51.92,201169
26/06/2018,51.996,52.758,51.711,52.016,190989
27/06/2018,52.092,53.216,51.063,52.206,270078
28/06/2018,51.52,52.339,51.254,51.902,256950
29/06/2018,51.92,54.263,51.92,54.206,305033
02/07/2018,53.159,55.044,52.682,54.149,365719
03/07/2018,54.72,55.596,53.92,54.492,182775
04/07/2018,54.568,55.539,54.568,55.406,77465
05/07/2018,55.406,56.111,54.453,54.568,157228
06/07/2018,54.606,55.005,53.901,54.282,194023
09/07/2018,55.101,55.406,53.539,53.539,127283
10/07/2018,53.539,55.082,53.539,54.282,286235
11/07/2018,54.339,55.139,54.015,54.473,205317
12/07/2018,54.568,55.139,54.091,54.206,110092
13/07/2018,54.51,54.72,53.863,54.244,163080
16/07/2018,54.091,54.929,53.768,54.549,106618
17/07/2018,54.929,54.949,54.034,54.796,219887
18/07/2018,54.929,56.53,54.282,56.168,306309
19/07/2018,55.768,56.454,55.424,56.454,278633
20/07/2018,56.187,57.405,56.092,57.139,213003
23/07/2018,57.272,58.016,57.12,57.73,190001
24/07/2018,57.806,58.053,56.758,57.139,289528
25/07/2018,57.139,59.367,57.025,59.367,530221
26/07/2018,61.9,63.862,60.968,63.043,725717
27/07/2018,63.081,63.31,61.367,61.424,226787
30/07/2018,61.253,62.701,61.253,62.701,200769
31/07/2018,62.301,62.396,61.481,62.091,285112
01/08/2018,61.9,62.738,61.481,62.72,131328
02/08/2018,62.529,63.653,61.863,63.596,111616
03/08/2018,63.691,64.662,63.043,64.072,190493
06/08/2018,63.862,63.862,61.786,62.376,283874
07/08/2018,62.376,63.348,61.996,62.015,148014
08/08/2018,62.282,62.701,61.005,61.405,194874
09/08/2018,61.767,61.996,60.586,61.9,207585
10/08/2018,62.282,62.282,59.71,60.281,274960
13/08/2018,59.996,64.148,59.577,63.519,482104
14/08/2018,63.558,64.548,63.177,64.377,259505
16/08/2018,63.1,64.472,62.186,63.405,304744
17/08/2018,63.71,63.938,62.91,63.157,220727
20/08/2018,63.157,63.615,62.472,63.329,234375
21/08/2018,63.234,64.32,63.234,63.805,255567
22/08/2018,63.824,65.52,63.539,64.377,282057
23/08/2018,64.377,68.09,64.034,67.043,502012
24/08/2018,67.1,67.481,66.472,67.1,175156
27/08/2018,66.834,68.224,66.338,67.024,295987
28/08/2018,67.043,67.558,66.395,66.967,159754
29/08/2018,66.929,68.071,66.301,67.634,205106
30/08/2018,67.938,69.5,67.501,67.748,279958
31/08/2018,67.501,67.977,66.567,66.567,314583
03/09/2018,66.109,67.1,65.52,66.624,131067
04/09/2018,66.605,67.329,65.481,66.947,171665
05/09/2018,66.567,67.92,65.71,67.309,255233
06/09/2018,67.576,68.167,66.452,67.691,353790
07/09/2018,67.024,69.271,67.024,69.138,242279
10/09/2018,69.138,70.567,68.758,70.281,259889
11/09/2018,70.744,70.957,68.601,70.474,436502
12/09/2018,70.455,72.772,70.281,72.25,463577
13/09/2018,71.941,72.424,70.513,71.922,538790
14/09/2018,72.308,72.308,70.937,72.115,131080
17/09/2018,71.729,73.216,70.995,72.386,485472
18/09/2018,71.922,73.756,71.536,73.756,495993
19/09/2018,73.756,74.239,71.555,71.613,391670
20/09/2018,71.633,72.25,70.957,71.034,477332
21/09/2018,71.266,72.057,70.474,70.59,2123957
24/09/2018,70.976,72.579,70.976,72.308,473876
25/09/2018,72.405,72.81,70.3,70.3,297753
26/09/2018,70.474,71.98,70.088,70.957,272789
27/09/2018,70.667,73.177,70.551,72.694,501201
28/09/2018,72.096,72.694,71.034,72.482,244558
01/10/2018,72.482,73.37,71.439,71.439,276840
02/10/2018,71.15,72.405,70.455,70.937,387237
03/10/2018,71.285,72.289,70.957,72.135,211204
04/10/2018,72.135,72.965,71.266,72.598,305039
05/10/2018,72.135,73.756,72.135,73.177,358246
08/10/2018,72.501,73.042,71.536,71.555,254793
09/10/2018,71.729,73.37,71.729,73.332,421689
10/10/2018,73.274,73.37,71.594,71.633,511287
11/10/2018,71.536,71.845,68.814,69.007,334662
12/10/2018,69.509,70.011,68.736,69.547,189307
15/10/2018,70.011,70.107,68.003,68.003,155989
16/10/2018,68.196,70.262,68.099,70.262,153980
17/10/2018,70.184,70.841,68.273,68.833,200179
18/10/2018,68.64,71.42,67.771,70.474,177100
19/10/2018,69.122,70.32,69.026,69.026,136681
22/10/2018,69.509,69.509,68.08,68.505,127835
23/10/2018,67.867,68.987,66.535,67.057,204945
24/10/2018,67.443,67.616,65.3,65.3,197128
25/10/2018,65.357,66.941,64.392,66.419,169866
26/10/2018,65.917,66.207,64.971,65.357,155902
29/10/2018,65.512,66.381,64.489,65.28,107449
30/10/2018,66.361,67.674,65.647,67.674,176734
31/10/2018,67.867,68.041,66.13,66.883,312550
02/11/2018,67.79,68.35,67.23,67.964,251246
05/11/2018,67.945,71.922,67.945,71.382,259500
06/11/2018,71.131,73.158,70.493,73.158,390083
07/11/2018,73.042,74.143,72.907,72.907,317254
08/11/2018,72.965,73.698,70.841,71.439,223975
09/11/2018,70.706,71.633,70.223,71.439,85753
13/11/2018,70.957,72.386,70.957,71.941,118947
14/11/2018,71.304,71.941,70.957,70.957,213911
15/11/2018,71.343,72.598,71.324,71.382,236444
16/11/2018,72.25,72.27,70.686,70.744,184280
19/11/2018,70.957,72.849,70.957,72.27,360179
20/11/2018,72.386,72.579,70.513,70.513,247629
21/11/2018,70.532,73.409,70.532,73.061,356849
22/11/2018,73.061,74.876,72.675,74.625,400258
23/11/2018,73.949,74.78,72.888,73.834,244972
26/11/2018,73.834,74.258,73.1,73.37,299678
27/11/2018,73.37,74.451,73.196,74.181,360919
28/11/2018,74.336,75.745,73.544,75.687,427568
29/11/2018,76.17,78.603,76.17,78.429,510407
30/11/2018,78.197,80.031,77.83,79.182,812458
03/12/2018,80.997,81.46,80.205,81.093,695697
04/12/2018,81.132,82.966,80.379,81.789,597365
05/12/2018,80.553,81.48,79.645,81.267,263456
06/12/2018,81.267,81.885,80.533,81.229,288921
07/12/2018,80.881,82.542,79.356,79.491,217615
10/12/2018,79.163,81.016,78.313,80.089,229273
11/12/2018,80.147,81.924,79.491,81.093,176448
12/12/2018,81.866,82.387,80.804,81.036,385752
13/12/2018,81.19,82.522,80.649,81.982,473298
14/12/2018,81.306,82.87,81.113,82.155,204660
17/12/2018,81.576,84.183,81.576,84.105,132484
18/12/2018,83.719,86.326,83.449,85.959,239593
19/12/2018,86.171,86.519,85.225,86.307,207714
20/12/2018,85.824,85.92,84.202,84.55,201689
21/12/2018,84.086,84.897,82.368,84.762,582863
27/12/2018,84.955,84.955,83.217,83.797,138835
28/12/2018,83.507,85.92,83.507,85.438,134169
02/01/2019,85.496,86.152,83.874,84.82,195642
03/01/2019,84.743,86.113,84.395,85.052,336549
04/01/2019,84.955,85.92,84.511,84.955,285562
07/01/2019,85.38,87.581,85.09,87.581,498753
08/01/2019,87.446,89.319,87.04,89.319,397576
09/01/2019,89.743,90.033,88.141,89.28,347661
10/01/2019,88.817,90.072,87.697,89.898,267714
11/01/2019,89.299,91.134,89.299,90.458,239705
14/01/2019,89.705,90.979,89.705,90.979,237185
15/01/2019,91.114,92.176,90.747,92.08,387752
16/01/2019,92.157,94.01,91.327,93.064,526786
17/01/2019,92.871,93.219,91.809,92.253,326714
18/01/2019,92.698,94.532,92.408,93.933,693480
21/01/2019,94.126,94.126,92.06,92.678,181970
22/01/2019,92.678,93.47,92.369,92.968,342171
23/01/2019,93.161,93.161,92.755,93.161,695652
24/01/2019,93.451,93.837,91.269,92.35,574385
25/01/2019,92.698,93.257,92.041,92.678,492525
28/01/2019,92.678,92.775,89.261,89.782,486844
29/01/2019,89.763,89.763,86.519,87.948,920987
30/01/2019,87.967,89.068,86.789,87.388,367976
31/01/2019,88.083,90.014,87.793,89.782,449824
01/02/2019,89.068,90.496,89.068,90.323,228679
04/02/2019,90.323,91.191,89.145,89.145,287021
05/02/2019,89.203,90.014,88.025,88.952,267026
06/02/2019,89.685,91.423,89.126,91.056,663568
07/02/2019,91.211,91.23,89.106,89.589,216771
08/02/2019,89.106,90.516,88.875,90.033,248794
11/02/2019,89.492,90.554,88.662,88.971,217693
12/02/2019,89.28,91.037,89.28,90.747,333315
13/02/2019,91.056,91.056,90.168,90.516,315350
14/02/2019,90.747,91.346,90.477,91.269,768893
15/02/2019,91.327,91.385,90.458,91.037,433411
18/02/2019,91.037,91.713,90.728,91.134,272476
19/02/2019,90.747,91.423,90.361,90.747,444665
20/02/2019,91.134,92.852,90.747,92.833,809752
21/02/2019,92.775,92.775,89.936,90.554,528660
22/02/2019,90.554,92.466,90.554,92.022,402451
25/02/2019,92.968,94.416,92.389,93.798,324000
26/02/2019,93.18,95.497,93.18,95.497,442208
27/02/2019,95.497,96.154,94.03,94.184,354217
28/02/2019,94.706,95.343,91.52,91.887,440068
01/03/2019,92.582,93.335,91.887,92.196,281351
04/03/2019,93.238,93.238,90.361,90.651,261000
05/03/2019,91.114,92.35,90.747,92.022,132166
06/03/2019,92.331,93.296,91.153,93.142,262622
07/03/2019,93.142,93.2,91.52,91.751,156774
08/03/2019,91.713,91.713,89.55,89.685,198954
11/03/2019,89.666,91.095,89.666,90.13,150716
12/03/2019,91.134,92.002,90.496,91.713,252751
13/03/2019,90.303,91.23,89.782,91.23,244851
14/03/2019,90.805,90.96,89.377,89.801,366247
15/03/2019,89.685,91.693,89.126,91.693,767002
18/03/2019,91.713,91.713,88.276,88.334,370377
19/03/2019,88.566,89.357,87.504,87.851,200740
20/03/2019,87.851,87.851,83.333,83.507,651430
21/03/2019,83.893,85.264,83.468,84.607,247709
22/03/2019,84.665,84.762,82.793,82.793,223515
25/03/2019,82.542,83.372,81.653,81.866,237671
26/03/2019,81.866,84.434,81.866,83.237,285121
27/03/2019,83.237,84.221,82.368,82.831,280705
28/03/2019,82.677,83.159,79.935,80.978,363084
29/03/2019,80.978,82.233,79.993,80.514,264037
01/04/2019,80.9,83.777,80.765,83.237,268433
02/04/2019,83.159,84.086,81.673,82.928,282603
03/04/2019,83.333,84.704,82.387,84.569,178824
04/04/2019,84.337,84.936,83.835,83.835,273232
05/04/2019,83.565,84.685,81.151,81.808,375508
08/04/2019,81.383,81.499,78.68,79.259,416222
09/04/2019,79.259,80.746,78.912,80.746,275356
10/04/2019,80.746,82.464,80.128,81.789,534380
11/04/2019,82.522,82.522,80.418,81.19,168041
12/04/2019,81.287,81.287,79.858,80.321,195200
15/04/2019,80.842,81.692,79.278,81.287,240655
16/04/2019,81.422,81.904,80.398,81.711,257331
17/04/2019,81.769,83.41,81.364,83.121,342090
18/04/2019,82.445,82.87,80.282,81.016,190291
23/04/2019,81.093,82.484,80.823,81.808,144074
24/04/2019,82.078,83.623,81.229,83.352,345169
25/04/2019,83.565,83.584,82.638,83.449,345019
26/04/2019,82.638,83.7,82.484,83.7,209239
29/04/2019,82.059,82.291,80.669,81.943,212778
30/04/2019,82.097,82.155,80.167,80.282,252841
02/05/2019,80.34,80.533,79.278,79.645,152033
06/05/2019,79.278,79.278,75.533,77.213,366606
07/05/2019,77.232,77.599,73.718,74.664,374523
08/05/2019,74.297,75.726,73.119,74.297,260439
09/05/2019,73.621,73.718,71.961,71.961,364656
10/05/2019,72.328,73.003,71.246,71.42,352535
13/05/2019,71.092,71.922,69.316,70.107,204983
14/05/2019,69.682,71.131,68.582,68.659,426545
15/05/2019,69.007,72.27,68.852,71.439,397397
16/05/2019,71.555,76.382,71.555,75.784,627163
17/05/2019,75.436,77.348,74.645,77.232,354782
20/05/2019,77.618,77.618,76.595,77.328,318651
21/05/2019,77.174,79.298,76.884,79.163,623597
22/05/2019,79.433,80.707,78.776,80.514,671413
23/05/2019,80.476,80.495,78.313,78.776,380500
24/05/2019,79.317,79.472,77.618,79.452,236050
27/05/2019,79.259,79.723,78.429,79.008,82987
28/05/2019,79.645,84.086,79.394,83.912,778937
29/05/2019,83.121,83.43,81.576,82.599,273663
30/05/2019,83.623,84.183,83.101,83.41,201118
31/05/2019,83.314,84.801,81.982,84.781,358305
03/06/2019,84.685,84.781,83.217,83.739,224181
04/06/2019,83.739,84.086,81.248,82.599,573712
05/06/2019,83.217,83.99,80.205,80.205,359355
06/06/2019,80.263,80.572,77.985,78.043,210222
07/06/2019,78.68,79.433,76.846,79.163,238282
10/06/2019,79.742,81.383,79.549,81.229,193299
11/06/2019,81.229,82.715,79.896,80.456,340969
12/06/2019,80.611,81.962,80.109,81.615,201465
13/06/2019,82.059,82.059,80.591,80.997,350564
14/06/2019,80.533,81.113,78.699,79.645,349389
17/06/2019,79.819,80.263,79.452,80.244,172593
18/06/2019,80.128,81.518,79.105,81.46,234830
19/06/2019,81.866,82.291,81.093,81.769,266243
21/06/2019,82.059,83.7,80.746,83.43,773791
24/06/2019,83.797,84.434,82.387,84.183,246088
25/06/2019,83.507,83.507,80.128,80.128,425115
26/06/2019,80.128,80.167,77.386,79.317,420541
27/06/2019,78.68,81.036,78.68,80.244,334062
28/06/2019,80.321,81.769,79.819,81.769,128052
01/07/2019,81.904,82.889,79.182,79.182,284000
02/07/2019,79.163,80.089,77.618,79.8,289190
03/07/2019,80.34,84.144,80.34,83.217,555754
04/07/2019,83.777,88.064,83.41,87.465,357676
05/07/2019,87.079,88.218,85.341,86.094,243518
08/07/2019,85.438,85.438,82.599,83.024,306967
09/07/2019,83.237,83.488,81.731,82.638,185896
10/07/2019,82.928,83.797,82.213,82.522,218193
11/07/2019,83.314,85.322,82.754,85.206,290682
12/07/2019,85.805,86.075,84.472,85.399,151765
15/07/2019,85.534,87.079,85.187,85.766,200480
16/07/2019,85.824,85.882,83.912,84.472,197292
17/07/2019,84.472,84.472,82.735,83.719,164520
18/07/2019,83.024,84.241,82.194,83.951,136037
19/07/2019,84.241,87.079,83.99,85.438,362118
22/07/2019,85.631,86.017,84.723,85.206,129263
23/07/2019,85.631,85.631,83.816,84.453,278478
24/07/2019,84.453,86.345,84.028,85.843,347175
25/07/2019,85.94,86.558,85.129,85.496,203621
26/07/2019,85.631,85.631,83.99,84.453,239688
29/07/2019,84.453,84.453,83.101,83.507,94539
30/07/2019,83.507,84.55,83.217,83.642,104272
31/07/2019,83.99,85.631,83.99,84.376,215644
01/08/2019,84.221,86.577,82.928,85.592,306156
02/08/2019,85.399,87.677,82.426,83.372,351447
05/08/2019,82.445,83.372,81.538,81.692,258471
06/08/2019,82.02,83.314,80.167,81.75,324241
07/08/2019,81.383,82.368,77.869,78.834,293474
08/08/2019,79.143,79.761,76.421,78.68,294138
09/08/2019,79.143,79.163,76.305,77.135,216778
12/08/2019,77.309,78.97,77.309,78.062,200360
13/08/2019,77.328,80.9,75.784,80.688,172061
14/08/2019,79.221,79.993,76.44,76.923,293934
16/08/2019,77.039,77.213,74.374,74.78,329287
19/08/2019,75.494,77.019,74.181,76.44,180366
20/08/2019,76.228,76.228,74.181,74.818,207195
21/08/2019,74.625,76.247,74.606,74.818,304489
22/08/2019,75.185,77.386,74.509,76.962,269551
23/08/2019,77.811,78.178,76.942,77.521,279455
26/08/2019,76.44,78.429,75.958,77.888,270409
27/08/2019,77.927,82.252,77.348,80.9,788193
28/08/2019,81.093,81.093,77.618,77.869,397813
29/08/2019,78.101,79.568,77.657,78.217,277846
30/08/2019,78.39,83.488,78.39,83.14,335469
02/09/2019,83.14,84.607,82.348,84.434,150059
03/09/2019,84.472,86.171,83.372,85.496,351721
04/09/2019,85.245,86.616,82.522,82.831,452840
05/09/2019,83.314,84.26,81.866,82.426,201571
06/09/2019,83.024,84.279,82.194,83.314,329314
09/09/2019,83.024,84.955,82.117,82.117,232268
10/09/2019,82.542,84.569,81.924,83.7,237105
11/09/2019,85,86.2,84.5,85.62,186433
12/09/2019,85.5,85.58,83,84.7,236239
13/09/2019,84.38,84.58,83.2,84.1,163692
16/09/2019,83.32,85.06,83.24,85.06,271372
17/09/2019,84.5,85.74,84.2,85.24,178192
18/09/2019,85.2,85.46,83.82,85.34,221089
19/09/2019,84.5,86.72,84.1,86.26,153997
20/09/2019,85.56,86.04,84.24,84.7,473446
23/09/2019,85.38,87.12,84.82,86.46,397925
24/09/2019,86,90.06,85.18,88.98,329923
25/09/2019,88.24,89.58,88,88.64,309262
26/09/2019,88.4,89.44,87.98,88.62,346499
27/09/2019,88.8,89.3,88.12,88.6,103778
30/09/2019,88.98,89.4,87.26,88.56,213957
01/10/2019,89.24,90.1,88.14,89.34,208526
02/10/2019,88.3,89.48,87.5,88,210314
03/10/2019,87.3,88.84,87.3,88.34,158735
04/10/2019,88.9,89.62,88.46,89.18,152736
07/10/2019,89.66,90.44,88.8,90.44,126033
08/10/2019,90.64,93.4,90.64,92.32,336200
09/10/2019,92.4,92.6,91,91.7,118977
10/10/2019,91.7,92.36,90.62,91.52,187021
11/10/2019,92,92.36,90.26,92,199731
14/10/2019,92.48,92.74,91.66,92.2,160737
15/10/2019,92.76,92.9,91.24,91.54,126462
16/10/2019,91.32,92.2,91.04,91.2,210365
17/10/2019,91.5,91.54,89.92,90.66,179319
18/10/2019,90.2,91.08,90.2,90.64,174581
21/10/2019,91,91,88.82,89.58,170136
22/10/2019,89.92,92.48,89.24,91.04,264795
23/10/2019,90.3,91.28,89.94,90.5,153502
24/10/2019,91.18,91.2,89.24,90.66,315200
25/10/2019,90.4,91.1,90.24,90.24,108989
28/10/2019,90,92.1,90,91.9,161414
29/10/2019,92,94.9,92,94.9,373345
30/10/2019,94.14,95.14,92.94,95.14,173067
31/10/2019,94.94,95.4,93.7,95.4,394400
04/11/2019,95.6,99.54,95,99.46,311128
05/11/2019,99,99.4,97.34,98.3,255423
06/11/2019,97.56,98.14,97.38,97.76,232711
07/11/2019,98,98.48,95.12,95.34,265828
08/11/2019,95.04,95.8,94.16,94.8,114192
12/11/2019,95.46,96.3,93.7,94.1,311184
13/11/2019,94.1,94.44,93.2,93.8,262423
14/11/2019,94,95.5,91.74,92.2,476259
15/11/2019,92,92.5,91,91,283310
18/11/2019,91,92.3,89.08,89.2,340670
19/11/2019,89.5,90.06,87.76,88.62,152724
20/11/2019,88.7,88.74,86.52,87.72,258280
21/11/2019,87.62,87.62,86.14,86.56,307584
22/11/2019,86.5,88.2,86.5,87.3,262704
25/11/2019,88.2,88.22,86.8,87.6,272654
26/11/2019,88,89.22,87.04,88.7,570850
27/11/2019,89,89.44,87.9,89.04,360945
28/11/2019,89.16,90,88.18,89.62,268274
29/11/2019,89.5,92,89.5,91.68,407460
02/12/2019,92,92.12,88.08,90.2,491170
03/12/2019,89.76,90.5,85.66,86.6,612216
04/12/2019,85.86,87.28,85.1,85.2,350880
05/12/2019,85.62,86.08,84.4,85.4,452153
06/12/2019,83.7,84.58,77.2,84.58,816971
09/12/2019,85.2,85.2,80.96,82,315624
10/12/2019,82.42,83.6,81.78,83.5,195398
11/12/2019,83.5,85.12,83.02,84.44,136413
12/12/2019,84.9,85.88,83.12,85.12,196938
13/12/2019,85.8,86.82,84.56,84.8,203620
16/12/2019,84.6,85,83.62,84.46,171223
