02/01/2014,32.423,34.061,32.423,33.885,98235
03/01/2014,33.745,34.224,33.569,33.708,36716
07/01/2014,33.463,33.463,32.529,32.55,194322
08/01/2014,32.585,32.767,31.741,32.05,154459
09/01/2014,32.058,32.128,31.749,31.777,81832
10/01/2014,31.643,31.987,31.474,31.987,82662
13/01/2014,31.735,32.289,31.431,31.657,135727
14/01/2014,31.657,32.058,31.531,32.058,83265
15/01/2014,32.269,32.269,31.777,32.043,59049
16/01/2014,32.261,32.269,31.671,31.959,62002
17/01/2014,31.777,31.953,30.687,31.46,327967
20/01/2014,31.431,31.805,31.354,31.503,183163
21/01/2014,31.426,31.755,31.291,31.565,98345
22/01/2014,31.764,32.649,31.764,31.945,147765
23/01/2014,32.156,32.682,32.135,32.682,83449
24/01/2014,32.655,32.655,31.895,32.317,93089
27/01/2014,32.058,32.121,31.833,32.05,112246
28/01/2014,32.058,32.881,32.058,32.69,121272
29/01/2014,32.479,32.929,31.643,31.755,135862
30/01/2014,31.643,32.409,31.503,32.338,337765
31/01/2014,32.409,32.515,32.093,32.366,98613
03/02/2014,32.452,32.831,32.409,32.831,69477
04/02/2014,32.338,32.682,32.261,32.62,113625
05/02/2014,32.373,32.79,31.882,32.058,174911
06/02/2014,31.938,33.253,31.938,33.112,183242
07/02/2014,32.781,33.112,32.585,32.76,229282
10/02/2014,32.76,33.359,32.492,32.492,63837
11/02/2014,32.585,33.386,32.585,33.386,78938
12/02/2014,33.429,33.527,33.338,33.422,140890
13/02/2014,33.197,33.527,33.034,33.422,118417
14/02/2014,32.831,33.097,32.557,32.606,186178
17/02/2014,32.937,32.937,32.269,32.338,343864
18/02/2014,32.57,32.57,32.17,32.269,375427
19/02/2014,32.198,32.317,32.023,32.128,64301
20/02/2014,31.987,32.746,31.953,32.746,150200
21/02/2014,32.866,33.372,32.62,32.999,72357
24/02/2014,33.042,34.545,33.042,34.448,211456
25/02/2014,34.307,34.307,33.533,33.878,144676
26/02/2014,34.005,34.061,33.463,33.675,260525
27/02/2014,33.393,33.758,33.028,33.738,151942
28/02/2014,33.689,34.771,33.604,34.771,129340
03/03/2014,32.971,33.667,32.479,32.697,183460
04/03/2014,33.042,33.457,32.886,32.937,78181
05/03/2014,32.873,33.323,32.69,33.154,86593
06/03/2014,33.154,33.359,33.048,33.188,50717
07/03/2014,33.034,33.548,32.69,33.548,128496
10/03/2014,33.217,33.801,33.042,33.042,251032
11/03/2014,33.042,33.463,32.76,33.463,88020
12/03/2014,33.386,33.745,32.817,32.965,138903
13/03/2014,32.965,33.463,32.866,33.175,215736
14/03/2014,32.76,33.006,32.479,32.971,85967
17/03/2014,33.042,33.816,32.999,33.632,55137
18/03/2014,33.443,33.801,33.076,33.772,97799
19/03/2014,33.604,33.745,33.253,33.745,26919
20/03/2014,33.253,33.675,32.831,33.393,207861
21/03/2014,33.548,34.046,33.197,33.302,318803
24/03/2014,33.148,33.302,32.845,33.042,149905
25/03/2014,32.909,33.112,32.492,32.901,141365
26/03/2014,33.034,33.125,32.866,32.937,120317
27/03/2014,32.937,33.042,32.585,32.957,143117
28/03/2014,32.965,33.042,32.62,32.69,70544
31/03/2014,33.014,33.014,32.775,33.006,66993
01/04/2014,32.74,32.993,32.529,32.57,107890
02/04/2014,32.599,32.76,32.247,32.269,59982
03/04/2014,32.373,32.62,32.283,32.501,82758
04/04/2014,32.311,32.585,32.198,32.585,49861
07/04/2014,32.438,32.536,32.128,32.444,51287
08/04/2014,32.402,32.606,32.212,32.212,72082
09/04/2014,32.241,32.438,31.882,31.953,142953
10/04/2014,32.198,32.438,31.854,32.261,117467
11/04/2014,31.846,32.269,31.819,32.043,27289
14/04/2014,31.987,32.113,31.657,31.657,67765
15/04/2014,31.636,31.959,31.495,31.509,40806
16/04/2014,31.6,31.686,31.151,31.249,90006
17/04/2014,31.213,31.58,31.179,31.285,121283
22/04/2014,31.495,31.874,31.354,31.636,176781
23/04/2014,31.636,31.895,31.213,31.262,119542
24/04/2014,31.207,31.671,31.072,31.426,167354
25/04/2014,31.636,31.636,31.143,31.426,197853
28/04/2014,31.354,31.607,31.298,31.411,74013
29/04/2014,31.411,31.622,31.249,31.285,52830
30/04/2014,31.285,31.719,31.285,31.636,79873
02/05/2014,31.426,31.7,31.291,31.411,54422
05/05/2014,31.369,31.453,31.081,31.081,55255
06/05/2014,31.032,31.285,30.961,30.967,41417
07/05/2014,30.967,31.137,30.904,30.933,118224
08/05/2014,30.933,31.271,30.616,30.933,140156
09/05/2014,30.792,30.933,30.616,30.616,85493
12/05/2014,30.757,31.426,30.757,31.361,120817
13/05/2014,31.636,31.812,31.397,31.565,282117
14/05/2014,31.714,31.812,31.285,31.285,116898
15/05/2014,31.565,31.594,31.291,31.354,327637
16/05/2014,31.48,31.551,30.897,31.053,398441
19/05/2014,31.471,31.471,31.074,31.149,87851
20/05/2014,31.149,31.351,30.507,30.507,385623
21/05/2014,30.515,30.926,30.253,30.343,256034
22/05/2014,30.551,30.821,30.477,30.604,256755
23/05/2014,30.917,30.926,30.536,30.702,129246
26/05/2014,31,31.022,30.776,30.926,156376
27/05/2014,30.933,31.156,30.791,30.926,179250
28/05/2014,30.813,30.849,30.097,30.097,163834
29/05/2014,30.178,30.858,30.178,30.515,267104
30/05/2014,30.551,30.985,30.439,30.551,248219
02/06/2014,30.626,30.821,30.439,30.581,82796
03/06/2014,30.821,30.911,30.686,30.849,352250
04/06/2014,30.813,31.074,30.813,31.038,288192
05/06/2014,31.141,32.083,31.126,31.673,218048
06/06/2014,31.965,32.024,31.478,31.949,103871
09/06/2014,32.083,32.188,31.748,31.748,62692
10/06/2014,31.748,31.97,31.387,31.59,111815
11/06/2014,31.748,31.949,31.373,31.373,71481
12/06/2014,31.373,31.688,31.21,31.358,121029
13/06/2014,31.149,31.448,30.88,31.074,98067
16/06/2014,31.134,31.276,30.708,31.276,72555
17/06/2014,31,31.575,30.902,31.575,92985
18/06/2014,31.575,31.673,31.336,31.448,112392
20/06/2014,31.748,31.748,30.761,31.373,251801
23/06/2014,31.373,31.657,31.038,31.373,61537
24/06/2014,31.582,31.598,31.089,31.149,59610
25/06/2014,31.045,31.351,30.702,30.702,101535
26/06/2014,30.708,30.933,30.269,30.447,85697
27/06/2014,30.269,30.581,30.26,30.364,67821
30/06/2014,30.364,31.074,30.364,30.723,109101
01/07/2014,30.911,31.531,30.641,31.322,70961
02/07/2014,31,31.724,31,31.255,152631
03/07/2014,31.225,31.373,31.015,31.053,101836
04/07/2014,30.791,31.059,30.492,30.492,54974
07/07/2014,30.551,31,30.439,30.439,26784
08/07/2014,30.769,30.955,30.074,30.118,65514
09/07/2014,30.186,30.492,29.811,29.811,43225
10/07/2014,29.806,30.358,29.289,29.364,117114
11/07/2014,29.64,30.581,29.596,30.223,72156
14/07/2014,30.253,30.888,30.253,30.626,115033
15/07/2014,30.702,30.849,30.043,30.043,81922
16/07/2014,30.439,30.439,29.978,30.192,150401
17/07/2014,29.983,30.305,29.983,30.231,72059
18/07/2014,30.231,30.612,29.983,30.439,73579
21/07/2014,30.626,30.626,29.731,29.731,81454
22/07/2014,29.737,30.373,29.737,30.028,149981
23/07/2014,30.269,30.432,30.231,30.394,57602
24/07/2014,30.432,30.432,30.067,30.088,154568
25/07/2014,30.097,30.454,30.097,30.186,68848
28/07/2014,30.186,30.88,30.186,30.551,72352
29/07/2014,30.566,30.97,30.566,30.776,81243
30/07/2014,30.664,31,30.485,30.515,142891
31/07/2014,30.417,31.059,30.328,31.059,203393
01/08/2014,30.813,31.074,30.738,31.059,148799
04/08/2014,31.053,31.291,30.902,31.074,82892
05/08/2014,31.083,31.664,31.074,31.21,213662
06/08/2014,31.216,31.216,30.941,31.074,137737
07/08/2014,31,31.097,30.664,30.926,102800
08/08/2014,30.738,31.074,30.649,30.926,206833
11/08/2014,30.888,31.246,30.888,31.007,75472
12/08/2014,31.007,31.299,30.731,31.186,80518
13/08/2014,31.336,31.822,31.112,31.448,118826
14/08/2014,31.373,31.881,31.23,31.673,166892
18/08/2014,31.456,31.694,30.926,31.627,105692
19/08/2014,31.627,31.673,31.307,31.627,91126
20/08/2014,31.24,31.673,31.225,31.59,79485
21/08/2014,31.522,32.12,31.427,32.09,81105
22/08/2014,32.075,32.381,31.793,32.345,177139
25/08/2014,32.24,32.285,31.874,32.016,41481
26/08/2014,31.828,32.105,31.582,32.097,50540
27/08/2014,32.045,32.493,32.009,32.27,65055
28/08/2014,31.97,32.397,31.545,31.783,118112
29/08/2014,31.463,32.18,31.448,31.598,176762
01/09/2014,31.605,32.12,31.276,31.739,184667
02/09/2014,32.009,32.12,31.97,32.097,177129
03/09/2014,32.097,32.845,32.075,32.793,198365
04/09/2014,32.793,32.793,32.345,32.613,58503
05/09/2014,32.711,32.77,32.36,32.598,59151
08/09/2014,32.644,32.644,32.009,32.009,127894
09/09/2014,31.979,32.561,31.979,32.345,57086
10/09/2014,32.024,32.606,32.024,32.069,40626
11/09/2014,32.069,32.531,32.045,32.381,84242
12/09/2014,32.381,32.681,32.381,32.531,43652
15/09/2014,32.636,32.718,32.442,32.502,50790
16/09/2014,32.502,32.711,32.09,32.487,78147
17/09/2014,32.561,33.188,32.493,33.182,133040
18/09/2014,32.83,33.42,32.83,32.972,138002
19/09/2014,33.113,33.503,33.031,33.503,184057
22/09/2014,33.212,33.503,32.875,32.98,57557
23/09/2014,33.173,33.338,32.995,33.083,80416
24/09/2014,33.017,33.301,32.703,33.278,57104
25/09/2014,33.308,33.897,33.308,33.614,154588
26/09/2014,33.494,34.13,33.345,34.093,163116
29/09/2014,34.1,34.772,34.093,34.429,182512
30/09/2014,34.735,34.809,34.361,34.809,177056
01/10/2014,34.809,35.07,34.638,34.923,229678
02/10/2014,34.66,34.705,34.37,34.586,137899
03/10/2014,34.459,34.474,34.308,34.436,82184
06/10/2014,34.354,34.742,34.317,34.727,38278
07/10/2014,34.421,34.735,34.391,34.735,88811
08/10/2014,34.212,34.287,33.301,33.599,119438
09/10/2014,33.599,33.876,32.867,33.278,206027
10/10/2014,33.167,33.167,32.644,32.644,121056
13/10/2014,32.561,33.123,32.493,32.822,42278
14/10/2014,32.569,33.479,32.569,33.055,99964
15/10/2014,32.95,33.503,32.508,32.644,158965
16/10/2014,32.718,33.503,32.718,33.464,113197
17/10/2014,33.503,33.973,33.212,33.212,163335
20/10/2014,33.614,34.249,33.509,34.249,185581
21/10/2014,34.234,34.72,34.189,34.511,470880
22/10/2014,34.653,34.967,34.547,34.923,162760
23/10/2014,34.923,35.22,34.772,35.22,196999
24/10/2014,35.25,36.079,35.184,35.855,317225
27/10/2014,35.855,36.139,35.855,36.027,148172
28/10/2014,35.863,36.378,35.863,36.266,299601
29/10/2014,36.191,36.499,36.191,36.266,405919
30/10/2014,36.042,36.453,35.967,36.453,659841
31/10/2014,36.603,37.349,36.603,37.349,568074
03/11/2014,37.349,37.387,37.222,37.275,75944
04/11/2014,37.192,37.327,37.192,37.275,110318
05/11/2014,37.237,37.498,36.93,37.132,492297
06/11/2014,37.132,37.447,37.072,37.275,298575
07/11/2014,37.141,37.722,37.132,37.648,194375
10/11/2014,37.147,37.371,36.885,36.885,38728
12/11/2014,36.834,38.059,35.855,37.722,231727
13/11/2014,37.753,37.857,37.447,37.722,59449
14/11/2014,37.387,37.79,37.387,37.722,197548
17/11/2014,37.805,39.441,37.805,39.218,227422
18/11/2014,39.157,40.151,39.104,39.755,195188
19/11/2014,39.59,39.597,39.224,39.291,129369
20/11/2014,39.291,39.665,39.224,39.605,121270
21/11/2014,39.516,39.964,39.254,39.964,296861
24/11/2014,39.964,39.964,39.434,39.665,104845
25/11/2014,39.964,40.099,39.724,39.724,284060
26/11/2014,39.739,39.964,39.732,39.89,168365
27/11/2014,39.927,40.045,39.919,40,131306
28/11/2014,40.337,40.337,39.919,40.188,277878
01/12/2014,40.337,40.337,39.919,40.188,381102
02/12/2014,40.3,40.307,39.739,40.3,592287
03/12/2014,40.33,40.33,39.927,40.151,118189
04/12/2014,40.075,40.114,39.919,40.075,200505
05/12/2014,39.89,40.143,38.798,40.069,233873
08/12/2014,39.985,40.322,39.985,40.181,246971
09/12/2014,39.985,40.069,39.389,39.814,112542
10/12/2014,40.03,40.03,39.359,39.552,162889
11/12/2014,39.359,39.732,39.284,39.59,128975
12/12/2014,39.254,39.516,39.008,39.218,183719
15/12/2014,38.887,39.582,38.545,38.545,202975
16/12/2014,37.909,38.731,36.669,38.289,300607
17/12/2014,37.722,39.165,37.722,38.768,186636
18/12/2014,39.202,39.807,38.807,39.59,319496
19/12/2014,39.59,39.59,37.746,38.515,405551
22/12/2014,38.53,39.844,38.112,39.15,145357
23/12/2014,38.655,39.59,38.655,39.582,131915
29/12/2014,39.075,39.866,38.373,38.373,180604
30/12/2014,39.665,39.665,37.423,38.097,444148
02/01/2015,38.148,38.65,37.685,37.685,83961
05/01/2015,37.513,38.097,37.237,37.939,124268
07/01/2015,38.022,39.582,37.393,39.389,142603
08/01/2015,39.365,40.337,38.97,40.261,189063
09/01/2015,40.188,40.188,39.313,39.665,76055
12/01/2015,39.344,39.59,39.224,39.441,94501
13/01/2015,39.59,40.861,39.449,40.711,186912
14/01/2015,40.637,40.637,39.329,39.979,148442
15/01/2015,40.09,40.598,39.747,40.015,492011
16/01/2015,39.418,40.337,39.067,39.89,144702
19/01/2015,39.739,39.739,38.842,39.291,29387
20/01/2015,38.993,40.561,38.993,40.075,172862
21/01/2015,40.075,40.203,39.224,39.575,131348
22/01/2015,40.292,40.337,39.679,40.337,114145
23/01/2015,40.337,40.673,40.151,40.188,123504
26/01/2015,40.337,40.337,39.329,39.814,188128
27/01/2015,39.605,40.3,39.605,39.89,68584
28/01/2015,39.964,40.829,39.859,40.711,210945
29/01/2015,40.523,40.965,40.367,40.838,326448
30/01/2015,41.009,41.047,40.868,41.047,118652
02/02/2015,40.823,41.084,40.532,41.084,119189
03/02/2015,40.935,41.458,40.935,41.271,108104
04/02/2015,41.45,41.494,40.099,40.965,89988
05/02/2015,40.965,41.509,40.965,41.509,85333
06/02/2015,41.458,41.607,40.681,41.226,61475
09/02/2015,41.099,41.099,40.337,40.412,157441
10/02/2015,40.276,40.412,39.904,39.985,128108
11/02/2015,39.964,39.964,38.611,38.694,127908
12/02/2015,38.842,40.084,38.842,40.084,86687
13/02/2015,40.084,40.114,39.59,39.59,124311
16/02/2015,39.59,40.06,39.59,39.851,20002
17/02/2015,39.605,40.711,39.254,40.285,140907
18/02/2015,40.337,40.412,40.039,40.412,84771
19/02/2015,40.622,40.622,40.045,40.337,67808
20/02/2015,40.337,40.517,40.188,40.337,79206
23/02/2015,40.696,40.696,40.271,40.412,74707
24/02/2015,40.412,40.688,40.039,40.136,159272
25/02/2015,40.039,40.412,39.971,40.337,88543
26/02/2015,40.404,40.412,40.261,40.337,85968
27/02/2015,40.45,40.45,40.337,40.412,235106
02/03/2015,40.412,40.733,40.412,40.523,89717
03/03/2015,40.598,40.935,40.412,40.784,132016
04/03/2015,40.784,40.784,40.561,40.784,73254
05/03/2015,41.233,43.528,41.233,43.25,1003560
06/03/2015,43.325,43.325,42.668,42.892,185310
09/03/2015,42.952,42.952,42.077,42.698,98064
10/03/2015,42.952,42.952,41.981,42.69,277160
11/03/2015,42.727,43.407,42.51,43.25,177299
12/03/2015,43.407,43.691,42.959,43.25,213287
13/03/2015,43.325,43.698,42.676,42.741,375325
16/03/2015,42.204,43.826,41.987,43.138,554719
17/03/2015,43.176,43.325,42.847,42.847,340528
18/03/2015,42.959,43.318,42.959,43.101,362088
19/03/2015,43.318,43.325,42.519,42.877,372950
20/03/2015,43.31,43.31,42.309,42.787,3040147
23/03/2015,43.235,43.235,42.609,42.653,114051
24/03/2015,42.571,43.026,42.324,42.996,330930
25/03/2015,43.026,43.318,42.892,42.952,329857
26/03/2015,42.579,43.273,42.579,42.952,249321
27/03/2015,42.929,43.101,42.794,43.026,196456
30/03/2015,43.25,45.043,43.056,44.445,567734
31/03/2015,43.924,44.424,43.727,44.072,261596
01/04/2015,44.043,44.072,43.549,43.833,144380
02/04/2015,44.028,44.072,43.22,43.698,54954
07/04/2015,44.072,44.371,43.924,44.371,126420
08/04/2015,44.437,45.118,44.379,45.118,186734
09/04/2015,45.043,45.26,44.409,44.902,200693
10/04/2015,45.267,45.454,45.193,45.334,131334
13/04/2015,45.343,45.349,45.156,45.343,103119
14/04/2015,45.343,45.343,44.304,45.081,44821
15/04/2015,45.081,45.409,44.931,45.267,226255
16/04/2015,45.409,45.409,44.879,45.156,109414
17/04/2015,45.208,45.491,44.536,44.917,120362
20/04/2015,44.917,45.29,44.394,45.177,122447
21/04/2015,45.566,46.306,45.566,45.581,238795
22/04/2015,45.828,46.313,45.828,46.238,115108
23/04/2015,46.313,46.313,45.252,45.252,100912
24/04/2015,45.745,45.745,44.662,44.819,170800
27/04/2015,44.745,45.223,44.677,44.819,141816
28/04/2015,44.894,46.298,44.834,46.246,341191
29/04/2015,45.94,46.313,44.931,45.491,148952
30/04/2015,45.118,45.551,44.819,45.319,230351
04/05/2015,45.454,45.566,44.968,45.193,95476
05/05/2015,44.968,45.23,44.087,44.745,103518
06/05/2015,44.805,45.193,44.536,44.902,292437
07/05/2015,45.156,45.238,43.146,44.461,205918
08/05/2015,44.819,44.894,44.445,44.445,82215
11/05/2015,44.595,44.737,44.371,44.371,84754
12/05/2015,44.461,44.819,44.461,44.796,92062
13/05/2015,44.781,44.819,44.521,44.707,95889
14/05/2015,45.531,45.531,44.369,44.825,252416
15/05/2015,44.841,45.061,43.727,44.134,112073
18/05/2015,44.582,45.265,44.44,45.155,72472
19/05/2015,44.903,45.375,44.903,45.375,155233
20/05/2015,45.375,46.316,45.218,46.237,219747
21/05/2015,46.395,46.395,44.825,45.366,123583
22/05/2015,45.492,46.057,44.911,46.041,119102
25/05/2015,44.825,47.039,44.825,46.442,107772
26/05/2015,45.139,46.395,45.139,45.688,106827
27/05/2015,45.531,45.924,45.256,45.845,193019
28/05/2015,45.924,46.78,45.9,46.592,124007
29/05/2015,46.709,47.102,46.45,47.102,171023
01/06/2015,47.141,47.69,47.093,47.651,189312
02/06/2015,47.494,47.643,47.22,47.22,276622
03/06/2015,47.337,48.122,46.828,46.828,348680
05/06/2015,46.08,46.497,44.754,44.793,148732
08/06/2015,45.186,46.198,44.95,45.962,217649
09/06/2015,45.962,46.701,45.177,46.002,125631
10/06/2015,46.002,47.102,46.002,47.102,122018
11/06/2015,47.102,47.102,45.328,45.328,157867
12/06/2015,45.727,46.63,45.468,46.112,109986
15/06/2015,46.183,46.945,46.183,46.701,133781
16/06/2015,46.63,46.984,46.403,46.701,78490
17/06/2015,46.709,46.984,46.553,46.693,208837
18/06/2015,46.709,46.828,45.626,45.626,225827
19/06/2015,45.767,46.403,44.778,46.105,242269
22/06/2015,46.513,47.808,46.45,47.808,158439
23/06/2015,47.494,47.683,47.148,47.337,60601
24/06/2015,47.462,47.494,46.828,47.023,74269
25/06/2015,46.787,47.179,46.482,46.905,221766
26/06/2015,46.553,46.945,46.183,46.316,142019
29/06/2015,45.626,45.626,44.213,45.155,181061
30/06/2015,45.366,46.112,44.982,45.461,112587
01/07/2015,46.277,47.063,45.476,45.476,183757
02/07/2015,45.924,47.486,45.924,47.242,307922
03/07/2015,47.415,47.415,46.316,46.905,108001
06/07/2015,46.316,47.102,46.316,46.63,69802
07/07/2015,46.435,47.102,45.972,46.316,123920
08/07/2015,46.553,46.945,46.002,46.701,114924
09/07/2015,46.403,47.093,46.316,46.598,52392
10/07/2015,47.015,47.494,46.458,47.078,301969
13/07/2015,47.086,47.102,46.38,46.38,67865
14/07/2015,46.709,47.399,45.956,46.709,130060
15/07/2015,46.709,47.172,45.688,45.924,77454
16/07/2015,46.395,46.78,46.183,46.316,99139
17/07/2015,46.316,46.693,45.704,46.151,115325
20/07/2015,46.151,46.812,45.202,45.727,98445
21/07/2015,45.727,46.214,45.272,45.727,158075
22/07/2015,45.924,46.262,45.57,45.805,176486
23/07/2015,45.531,46.371,45.531,46.002,223074
24/07/2015,45.688,46.119,43.766,45.107,141154
27/07/2015,45.225,45.884,44.189,45.437,106498
28/07/2015,45.909,45.931,45.1,45.146,75695
29/07/2015,45.146,47.063,44.935,47.039,209152
30/07/2015,46.866,46.913,44.551,44.551,154686
31/07/2015,45.116,45.272,44.063,45.272,168356
03/08/2015,45.296,45.508,44.557,45.139,38311
04/08/2015,45.186,45.209,44.519,44.746,86330
05/08/2015,45.092,45.727,45.092,45.218,111343
06/08/2015,45.218,45.893,44.825,45.445,129077
07/08/2015,44.927,45.397,44.746,45.296,102349
10/08/2015,45.413,45.672,44.989,45.139,43746
11/08/2015,45.492,45.492,44.472,44.982,87619
12/08/2015,44.857,44.857,43.718,43.819,164215
13/08/2015,43.819,43.961,43.718,43.945,142400
14/08/2015,43.961,44.126,43.859,43.954,64353
17/08/2015,44.409,44.409,43.577,43.608,33842
18/08/2015,43.608,43.804,43.577,43.757,128968
19/08/2015,43.569,43.954,42.784,43.569,159894
20/08/2015,43.184,43.608,42.581,43.019,108635
21/08/2015,42.784,42.941,41.214,42.195,190990
24/08/2015,39.864,41.991,39.282,41.371,307435
25/08/2015,40.405,41.363,40.146,40.9,393156
26/08/2015,40.822,41.135,40.429,40.822,235395
27/08/2015,41.606,41.606,40.115,41.097,351584
28/08/2015,41.505,41.567,40.492,40.822,225350
31/08/2015,40.822,41.135,40.75,41.128,251517
01/09/2015,41.018,41.135,40.829,40.908,153853
02/09/2015,40.978,41.176,40.743,40.9,244614
03/09/2015,40.978,42.117,40.978,41.928,171224
04/09/2015,42.077,43.176,42.077,42.549,192860
07/09/2015,42.627,43.13,42.282,42.392,133688
08/09/2015,42.823,42.823,42.203,42.351,91644
09/09/2015,43.27,43.27,42.195,42.556,123163
10/09/2015,42.297,42.784,41.943,42.454,114216
11/09/2015,42.556,42.737,41.952,42.619,76518
14/09/2015,42.728,42.941,42.031,42.47,93321
15/09/2015,42.728,43.043,42.486,42.979,163635
16/09/2015,42.979,43.961,42.799,43.883,170195
17/09/2015,43.655,44.213,43.475,43.679,135551
18/09/2015,44.04,44.119,42.549,43.867,317942
21/09/2015,43.176,43.466,42.823,43.176,79213
22/09/2015,43.42,43.561,42.392,42.916,161789
23/09/2015,42.862,43.412,42.862,43.089,104590
24/09/2015,42.862,43.105,42.234,42.234,104001
25/09/2015,42.619,43.318,42.549,42.941,128016
28/09/2015,42.642,43.207,41.716,42.454,143763
29/09/2015,42.392,42.666,41.622,42.351,374566
30/09/2015,42.351,42.698,42.211,42.399,105609
01/10/2015,42.414,43.019,42.392,42.619,130350
02/10/2015,42.454,43.372,42.454,43.372,150775
05/10/2015,43.569,45.492,42.995,45.061,117449
06/10/2015,45.061,45.061,42.839,43.302,141247
07/10/2015,43.569,44.149,43.152,43.152,203306
08/10/2015,43.162,43.176,42.486,42.815,113755
09/10/2015,43.333,43.333,42.43,42.587,100305
12/10/2015,42.666,43.333,42.446,42.862,70042
13/10/2015,43.176,43.333,42.862,42.862,111878
14/10/2015,43.152,44.26,42.878,43.13,196143
15/10/2015,43.176,43.427,42.399,43.427,256220
16/10/2015,43.624,43.961,42.399,42.399,124987
19/10/2015,42.91,43.333,42.784,43.2,119072
20/10/2015,43.451,43.804,43.019,43.184,290052
21/10/2015,43.333,43.804,43.019,43.027,81847
22/10/2015,43.451,43.491,42.941,43.318,77662
23/10/2015,43.835,43.835,43.035,43.404,103241
26/10/2015,42.941,44.306,42.941,43.835,105960
27/10/2015,44.11,44.432,43.883,44.276,83305
28/10/2015,44.432,44.943,44.119,44.158,92388
29/10/2015,44.158,44.887,43.364,43.986,115745
30/10/2015,43.891,44.848,43.891,44.848,194692
02/11/2015,44.825,45.139,44.378,44.746,91950
03/11/2015,45.061,45.061,44.424,44.739,64323
04/11/2015,44.746,44.786,43.577,44.746,191790
05/11/2015,44.714,44.714,43.804,43.961,94724
06/11/2015,43.961,44.197,43.569,44.197,107629
09/11/2015,44.197,44.95,43.42,44.424,105989
10/11/2015,44.448,44.551,43.655,43.804,109709
12/11/2015,44.197,44.197,43.443,44.126,62696
13/11/2015,44.017,44.04,43.176,43.176,138917
16/11/2015,43.176,45.014,41.221,44.746,517341
17/11/2015,44.943,45.335,44.362,45.139,138309
18/11/2015,45.218,46.474,45.186,46.08,380629
19/11/2015,46.08,46.316,45.626,45.9,105615
20/11/2015,45.931,46.316,45.931,46.159,75455
23/11/2015,46.316,46.497,45.547,46.237,71802
24/11/2015,46.002,46.237,45.139,46.002,112007
25/11/2015,45.924,46.246,45.57,45.884,102885
26/11/2015,46.277,46.277,45.815,46.057,36279
27/11/2015,46.159,46.159,45.139,45.579,98632
30/11/2015,45.688,45.688,44.394,45.021,86297
01/12/2015,45.296,45.61,44.864,45.029,104862
02/12/2015,45.61,45.727,44.071,45.524,276521
03/12/2015,45.375,45.727,45.107,45.139,130202
04/12/2015,44.982,45.736,44.746,44.911,226400
07/12/2015,45.563,45.845,45.218,45.524,113144
08/12/2015,45.139,45.531,43.961,44.432,130266
09/12/2015,43.977,45.132,43.396,44.982,177984
10/12/2015,45.123,45.123,43.254,44.315,345552
11/12/2015,44.315,45.053,43.412,43.593,118602
14/12/2015,43.293,43.451,41.378,42.408,159257
15/12/2015,42.077,42.744,41.999,42.423,96478
16/12/2015,42.423,43.136,42.423,43.019,162180
17/12/2015,43.333,45.218,42.666,43.797,141493
18/12/2015,43.788,45.319,43.302,44.746,421934
21/12/2015,44.746,44.887,44.119,44.119,95021
22/12/2015,44.079,44.746,43.098,43.569,142383
23/12/2015,43.522,44.119,43.184,43.813,118952
28/12/2015,43.333,44.557,43.333,44.149,65679
29/12/2015,44.189,44.825,44.002,44.746,150602
30/12/2015,44.935,44.943,44.197,44.589,232818
04/01/2016,43.804,44.04,43.569,43.569,65930
05/01/2016,43.569,45.061,43.491,44.707,166064
07/01/2016,43.333,43.632,42.47,43.372,153678
08/01/2016,43.569,44.353,42.878,43.004,765270
11/01/2016,43.176,43.569,42.101,42.392,134762
12/01/2016,42.926,44.158,42.871,44.158,244410
13/01/2016,44.362,44.362,42.635,43.302,262574
14/01/2016,43.162,43.162,42.47,42.705,116690
15/01/2016,42.478,43.011,42.478,42.674,182836
18/01/2016,42.43,43.318,42.43,42.979,529197
19/01/2016,43.098,43.176,42.862,43.019,214115
20/01/2016,42.932,43.718,42.642,43.569,199149
21/01/2016,43.577,44.353,43.176,43.977,251204
22/01/2016,44.51,45.296,44.394,45.061,308278
25/01/2016,44.746,45.061,44.228,44.526,184234
26/01/2016,44.103,44.353,44.103,44.236,165770
27/01/2016,43.986,44.567,43.648,44.567,122445
28/01/2016,44.503,44.793,44.236,44.746,477379
29/01/2016,45.1,45.1,43.829,44.063,159635
01/02/2016,43.829,44.597,43.829,44.353,165833
02/02/2016,44.205,45.366,43.883,44.628,250289
03/02/2016,44.628,44.95,44.017,44.684,167657
04/02/2016,44.746,44.864,43.977,44.628,430886
05/02/2016,44.77,44.864,44.432,44.746,221525
08/02/2016,44.825,44.935,43.333,44.174,163213
09/02/2016,43.954,44.11,42.932,44.04,192407
10/02/2016,43.961,44.691,43.584,43.584,146043
11/02/2016,43.293,44.551,43.098,44.047,183589
12/02/2016,44.119,44.746,43.718,44.746,174761
15/02/2016,44.77,45.288,44.134,44.26,261315
16/02/2016,44.047,44.628,43.813,44.628,96951
17/02/2016,44.158,44.943,44.158,44.746,294336
18/02/2016,44.903,45.328,44.472,44.982,230072
19/02/2016,44.872,45.445,44.612,44.675,172974
22/02/2016,44.903,45.453,44.746,45.177,278164
23/02/2016,44.825,44.935,44.119,44.213,160515
24/02/2016,44.158,44.966,44.158,44.668,103005
25/02/2016,44.746,45.727,44.424,45.727,230577
26/02/2016,45.767,46.316,45.146,45.265,201236
29/02/2016,45.265,45.397,44.362,44.825,115361
01/03/2016,45.359,46.316,44.746,46.316,95387
02/03/2016,46.316,46.553,45.586,46.049,150513
03/03/2016,46.049,46.159,44.762,45.805,219636
04/03/2016,45.837,45.837,44.394,44.582,285350
07/03/2016,44.589,45.335,44.432,44.652,149946
08/03/2016,44.589,46.207,44.589,45.893,173709
09/03/2016,45.751,45.767,44.903,44.903,119638
10/03/2016,45.453,45.924,44.857,44.857,98898
11/03/2016,45.366,45.366,44.864,45.139,61670
14/03/2016,45.335,45.531,44.832,45.123,120781
15/03/2016,44.982,45.296,44.746,45.288,107588
16/03/2016,45.375,45.375,44.472,44.472,77803
17/03/2016,45.531,45.845,44.612,45.328,142567
18/03/2016,45.916,46.474,45.335,46.474,207286
21/03/2016,45.978,46.553,44.739,44.739,180320
22/03/2016,45.218,45.335,44.786,44.998,146794
23/03/2016,45.453,45.453,44.668,44.786,81025
24/03/2016,45.021,45.515,44.809,45.177,89245
29/03/2016,45.531,46.128,45.218,45.727,104709
30/03/2016,46.159,46.474,45.618,46.301,130943
31/03/2016,46.474,47.769,46.285,47.564,317652
01/04/2016,46.489,47.556,45.774,47.289,151282
04/04/2016,47.298,47.801,46.975,46.975,71044
05/04/2016,46.866,46.929,45.805,46.442,72196
06/04/2016,46.513,47.494,46.01,47.494,102136
07/04/2016,47.643,47.887,46.395,46.395,90687
08/04/2016,46.787,47.879,46.426,47.572,119192
11/04/2016,47.572,47.871,47.22,47.22,85564
12/04/2016,47.258,47.549,46.474,47.023,130170
13/04/2016,47.298,47.298,46.607,46.724,48739
14/04/2016,47.102,47.572,46.724,47.423,74004
15/04/2016,47.651,47.808,46.968,47.22,80153
18/04/2016,46.828,47.801,46.749,47.801,104729
19/04/2016,47.879,48.993,47.745,48.672,156759
20/04/2016,48.828,48.828,47.887,48.584,134829
21/04/2016,48.625,48.625,47.22,47.729,129352
22/04/2016,47.729,47.887,46.63,46.63,158399
25/04/2016,47.054,47.242,46.802,46.945,57132
26/04/2016,47.258,47.84,46.709,47.102,181053
27/04/2016,46.709,47.086,45.618,45.688,99819
28/04/2016,45.924,46.984,45.688,46.395,135496
29/04/2016,46.395,46.889,45.453,45.453,167755
02/05/2016,45.978,46.356,45.79,46.002,58574
04/05/2016,46.222,46.237,45.25,45.924,258925
05/05/2016,45.845,45.94,45.139,45.288,195655
06/05/2016,45.594,45.594,44.197,44.503,208289
09/05/2016,44.667,44.667,43.962,44.275,214724
10/05/2016,44.048,45.531,44.048,44.88,195568
11/05/2016,45.437,45.437,43.992,43.992,239893
12/05/2016,44.118,44.409,43.648,43.648,200484
13/05/2016,44.121,44.228,42.668,42.784,154427
16/05/2016,43.53,43.54,42.834,43.406,107904
17/05/2016,43.821,44.486,43.324,43.987,149960
18/05/2016,43.573,44.445,43.573,44.237,94348
19/05/2016,44.154,44.228,43.656,43.664,85922
20/05/2016,43.573,44.718,43.573,44.668,95609
23/05/2016,44.602,45.191,44.303,45.191,44769
24/05/2016,45.124,45.473,44.676,45.473,74682
25/05/2016,45.191,45.266,44.145,44.826,221328
27/05/2016,44.834,45.972,44.826,45.44,219430
30/05/2016,45.647,46.104,45.374,46.063,71701
31/05/2016,46.22,46.311,45.482,45.804,312098
01/06/2016,45.847,46.229,44.452,44.577,89031
02/06/2016,44.577,44.718,43.979,44.569,65017
03/06/2016,44.161,45.307,44.03,44.311,265810
06/06/2016,44.311,44.777,43.764,44.402,138957
07/06/2016,44.61,44.818,44.402,44.627,241196
08/06/2016,44.901,44.983,44.27,44.569,144262
09/06/2016,44.569,44.685,43.705,43.83,113117
10/06/2016,43.573,44.303,43.53,43.938,122288
13/06/2016,43.324,44.079,43.166,43.656,98789
14/06/2016,43.606,44.129,43.241,43.573,150411
15/06/2016,43.365,44.602,43.365,44.154,103614
16/06/2016,43.158,43.348,42.577,42.959,87964
17/06/2016,43.158,43.963,42.875,43.714,162730
20/06/2016,45.647,45.647,42.992,43.573,101678
21/06/2016,43.199,44.245,43.199,44.195,238093
22/06/2016,44.402,45.515,43.589,44.925,180624
23/06/2016,45.274,45.482,44.461,44.461,124875
24/06/2016,41.49,43.987,39.962,43.074,184787
27/06/2016,43.298,43.573,43.1,43.241,72586
28/06/2016,43.73,43.73,41.746,42.825,212523
29/06/2016,42.751,43.332,42.503,42.676,119932
30/06/2016,42.909,43.697,42.859,43.332,160029
01/07/2016,43.648,43.648,43.158,43.282,186124
04/07/2016,42.503,43.158,41.996,42.992,173526
05/07/2016,42.909,43.697,42.702,43.573,96910
06/07/2016,43.987,44.361,43.357,44.319,199627
07/07/2016,44.195,44.602,43.573,44.319,211472
08/07/2016,44.129,44.486,43.788,43.987,230447
11/07/2016,44.685,44.983,43.797,44.552,123195
12/07/2016,44.527,45.473,44.287,44.61,101151
13/07/2016,44.818,46.435,44.676,45.331,266174
14/07/2016,45.647,46.311,44.784,46.021,157907
15/07/2016,45.955,46.303,45.208,45.365,128729
18/07/2016,45.25,46.644,45.25,46.145,59886
19/07/2016,45.804,46.751,45.804,46.751,142965
20/07/2016,46.827,47.639,46.726,47.274,203435
21/07/2016,46.942,47.622,46.751,47.125,67202
22/07/2016,46.527,46.536,45.324,45.415,106943
25/07/2016,45.647,46.553,45.639,46.196,91920
26/07/2016,46.303,47.051,45.855,46.32,76280
27/07/2016,46.32,47.3,46.186,46.992,87403
28/07/2016,46.975,46.975,46.088,46.469,138025
29/07/2016,46.435,46.435,44.461,44.461,120720
01/08/2016,44.818,45.78,44.818,45.78,89587
02/08/2016,46.145,46.893,45.647,46.112,160641
03/08/2016,45.482,46.461,45.274,45.274,102167
04/08/2016,45.274,45.788,44.826,44.842,116667
05/08/2016,44.858,46.004,44.858,45.456,37800
08/08/2016,45.814,46.063,44.643,44.643,121975
09/08/2016,44.983,46.054,44.868,45.747,119922
10/08/2016,46.063,46.12,45.282,45.282,85430
11/08/2016,45.896,46.644,45.54,46.063,161360
12/08/2016,45.814,46.344,45.814,46.063,78021
16/08/2016,46.063,46.635,46.063,46.145,143009
17/08/2016,46.145,46.618,45.979,45.979,42162
18/08/2016,46.602,46.743,46.088,46.287,61941
19/08/2016,46.726,46.851,46.088,46.494,52483
22/08/2016,46.635,46.644,46.004,46.004,106610
23/08/2016,46.021,47.225,46.021,47.225,95071
24/08/2016,47.225,47.266,46.328,47.083,101493
25/08/2016,47.266,47.963,47.166,47.514,158204
26/08/2016,47.307,47.556,46.893,46.975,136674
29/08/2016,46.893,47.307,46.145,46.145,62458
30/08/2016,46.088,47.307,46.088,47.307,87684
31/08/2016,46.743,47.548,46.743,47.316,88108
01/09/2016,47.307,47.49,45.573,45.573,165803
02/09/2016,46.137,46.669,45.78,46.145,61546
05/09/2016,46.145,46.702,45.946,46.461,38257
06/09/2016,46.477,46.893,46.063,46.27,114099
07/09/2016,46.229,47.706,46.145,47.149,202582
08/09/2016,47.149,47.54,46.901,47.349,107094
09/09/2016,47.307,47.307,46.22,46.477,159183
12/09/2016,45.913,46.719,45.896,46.186,116595
13/09/2016,46.203,46.644,45.565,46.145,181062
14/09/2016,46.145,46.477,45.814,46.145,42102
15/09/2016,46.171,46.477,45.855,46.311,33230
16/09/2016,45.913,46.669,45.913,46.669,136989
19/09/2016,47.051,47.216,46.287,46.294,109024
20/09/2016,46.378,46.411,45.946,46.229,135560
21/09/2016,46.635,46.719,46.129,46.553,114597
22/09/2016,46.876,47.473,46.577,47.473,107882
23/09/2016,46.925,47.622,46.81,47.514,188262
26/09/2016,47.514,47.514,46.445,46.851,86843
27/09/2016,46.71,46.81,46.287,46.303,108931
28/09/2016,46.311,46.851,46.27,46.511,67730
29/09/2016,46.477,46.793,45.772,45.772,178295
30/09/2016,45.913,46.842,45.913,46.237,167389
03/10/2016,46.237,46.419,45.016,45.233,100949
04/10/2016,45.233,45.946,45.233,45.647,223283
05/10/2016,45.697,45.905,45.515,45.814,85550
06/10/2016,45.331,45.73,45.158,45.233,257101
07/10/2016,45.149,45.233,44.901,45.117,114196
10/10/2016,44.918,45.631,44.345,44.345,96322
11/10/2016,44.345,44.402,42.875,43.158,393109
12/10/2016,43.158,43.315,42.776,43.315,200148
13/10/2016,43.298,43.399,42.842,43.399,214756
14/10/2016,43.008,43.805,43.008,43.564,108193
17/10/2016,43.49,43.755,43.033,43.158,186500
18/10/2016,43.406,44.701,43.1,44.369,246567
19/10/2016,44.378,44.378,43.348,43.348,135672
20/10/2016,43.324,43.672,43.324,43.449,89357
21/10/2016,43.449,44.063,43.432,43.664,123924
24/10/2016,43.664,44.345,43.664,44.07,138737
25/10/2016,43.747,44.03,43.557,43.722,222259
26/10/2016,43.946,44.02,42.493,43.166,243884
27/10/2016,43.124,43.648,43.124,43.614,185540
28/10/2016,43.573,43.614,43.041,43.406,161695
31/10/2016,43.406,43.863,43.406,43.449,156843
02/11/2016,43.406,43.406,42.534,43.158,365431
03/11/2016,43.141,43.141,41.414,41.996,450966
04/11/2016,41.954,42.212,41.756,41.756,130016
07/11/2016,42.229,42.236,41.756,41.913,140506
08/11/2016,41.996,42.203,41.507,41.746,73321
09/11/2016,41.49,42.162,40.261,42.162,356927
10/11/2016,42.328,42.551,41.996,42.328,130003
14/11/2016,42.825,42.825,41.497,41.788,238915
15/11/2016,41.581,42.145,41.523,42.087,180156
16/11/2016,42.203,42.269,41.913,42.121,129317
17/11/2016,42.121,42.942,42.029,42.503,102245
18/11/2016,42.128,42.9,41.705,42.328,156726
21/11/2016,42.037,42.295,41.746,42.253,115737
22/11/2016,42.892,42.892,41.921,42.219,200676
23/11/2016,41.913,42.859,41.689,42.742,154015
24/11/2016,42.9,42.933,42.029,42.037,105451
25/11/2016,42.029,43.033,42.029,42.594,148100
28/11/2016,42.884,43.224,42.427,43.033,81742
29/11/2016,43.033,43.54,42.742,43.53,123285
30/11/2016,43.53,44.112,43.53,43.648,157204
01/12/2016,43.573,43.697,43.199,43.257,79262
02/12/2016,43.614,43.78,42.85,43.482,138857
05/12/2016,43.739,44.104,43.175,43.772,105793
06/12/2016,44.054,44.17,43.49,44.17,156474
07/12/2016,44.228,44.385,43.257,43.257,179027
08/12/2016,43.656,44.734,43.274,44.718,451018
09/12/2016,44.651,44.651,43.581,43.987,170237
12/12/2016,43.987,44.352,43.324,43.573,140878
13/12/2016,43.987,44.112,43.821,43.929,232020
14/12/2016,43.912,44.477,43.821,44.319,188442
15/12/2016,44.477,44.818,44.063,44.477,151022
16/12/2016,44.402,44.851,44.03,44.063,254272
19/12/2016,43.946,43.987,43.017,43.573,127217
20/12/2016,43.979,44.858,43.971,44.858,237677
21/12/2016,44.901,44.901,43.739,44.319,280744
22/12/2016,44.619,44.901,44.154,44.842,204448
23/12/2016,44.818,45.149,44.361,44.651,62185
27/12/2016,44.651,44.858,44.154,44.402,38549
28/12/2016,44.402,45.647,44.096,45.647,204979
29/12/2016,45.639,46.893,44.901,46.893,294331
30/12/2016,46.81,46.81,44.718,44.784,557490
02/01/2017,45.191,45.482,44.818,45.124,70981
03/01/2017,45.465,45.639,45.133,45.506,122341
04/01/2017,45.73,45.855,45.191,45.233,141812
05/01/2017,45.233,46.104,45.233,45.955,280910
09/01/2017,45.814,46.038,45.382,45.73,99734
10/01/2017,45.73,46.71,45.73,46.644,154317
11/01/2017,46.71,47.307,46.095,47.307,195163
12/01/2017,46.735,47.398,46.561,47.398,170145
13/01/2017,46.975,47.266,46.378,47.041,124494
16/01/2017,47.233,47.739,46.909,47.739,158898
17/01/2017,47.739,47.739,47.158,47.524,68502
18/01/2017,47.026,47.29,46.577,46.76,113557
19/01/2017,46.95,47.009,45.804,45.804,101602
20/01/2017,46.004,46.876,46.004,46.602,155390
23/01/2017,46.477,46.585,46.063,46.063,50039
24/01/2017,46.311,46.585,46.021,46.311,141657
25/01/2017,46.561,47.3,46.561,46.884,84023
26/01/2017,47.307,47.391,46.502,46.975,172599
27/01/2017,46.975,47.615,46.585,47.615,111525
30/01/2017,47.556,47.556,47.017,47.307,80099
31/01/2017,47.3,47.789,46.743,47.722,296199
01/02/2017,47.797,48.054,47.722,47.722,193371
02/02/2017,47.722,47.722,46.767,47.391,172892
03/02/2017,47.391,47.639,46.81,47.307,63362
06/02/2017,47.524,47.805,46.901,47.507,111153
07/02/2017,47.499,47.93,47.058,47.1,88830
08/02/2017,46.901,47.307,46.652,46.784,135355
09/02/2017,46.975,47.722,46.876,47.722,190799
10/02/2017,47.972,48.155,46.934,47.225,218670
13/02/2017,47.905,47.921,47.24,47.514,107284
14/02/2017,47.722,47.722,46.901,47.49,164915
15/02/2017,47.714,47.722,46.726,46.726,191799
16/02/2017,46.893,47.225,46.395,47.142,185434
17/02/2017,46.511,46.801,45.614,45.647,381302
20/02/2017,45.73,46.354,45.73,46.311,66892
21/02/2017,46.411,46.693,45.855,46.577,136098
22/02/2017,46.635,46.967,46.27,46.925,156033
23/02/2017,46.925,46.925,46.287,46.32,202877
24/02/2017,46.328,46.519,45.009,46.477,229145
27/02/2017,46.644,46.644,45.656,45.896,87941
28/02/2017,45.647,46.925,45.614,46.477,141852
01/03/2017,46.536,47.432,46.536,47.432,90740
02/03/2017,47.132,47.473,46.635,47.432,84522
03/03/2017,46.817,47.166,46.112,46.337,78350
06/03/2017,46.145,46.428,45.73,45.73,53461
07/03/2017,45.73,46.27,45.614,45.804,83195
08/03/2017,45.747,46.104,44.452,44.868,176347
09/03/2017,44.992,44.992,44.154,44.602,219696
10/03/2017,44.61,45.224,44.203,44.203,135052
13/03/2017,44.328,44.976,44.237,44.976,79837
14/03/2017,45.108,45.274,44.569,44.818,64073
15/03/2017,44.651,45.199,44.402,44.61,67926
16/03/2017,45.315,45.357,44.046,44.07,141370
17/03/2017,44.569,45.913,44.154,45.913,418355
20/03/2017,46.477,46.553,45.44,46.378,256063
21/03/2017,46.063,46.354,44.121,44.701,199955
22/03/2017,44.402,45.233,44.087,44.875,138832
23/03/2017,44.942,45.506,44.552,44.685,123127
24/03/2017,45.216,45.216,44.311,44.311,96091
27/03/2017,44.278,45,44.278,45,66370
28/03/2017,45.083,45.083,44.145,44.543,140541
29/03/2017,44.959,44.959,43.821,43.821,171079
30/03/2017,43.996,44.319,43.78,44.319,176088
31/03/2017,45.067,45.357,44.627,45.067,319470
03/04/2017,45.233,45.398,44.245,45.398,94079
04/04/2017,45.341,45.341,44.51,44.569,188957
05/04/2017,44.503,44.777,44.112,44.452,159497
06/04/2017,44.003,44.303,43.838,44.046,104195
07/04/2017,44.319,44.651,43.979,44.419,210422
10/04/2017,44.777,45.979,44.503,45.979,238612
11/04/2017,45.482,45.647,44.668,45.631,162681
12/04/2017,45.631,45.772,44.942,45.191,148137
13/04/2017,45.191,45.962,44.868,45.962,113164
18/04/2017,45.938,45.938,44.651,45.216,80864
19/04/2017,45.315,45.814,44.676,45.391,249658
20/04/2017,45.398,45.739,44.868,45.556,63054
21/04/2017,45.565,45.747,45.407,45.598,79459
24/04/2017,45.647,46.013,45.581,45.814,92035
25/04/2017,45.814,45.881,45.233,45.398,143112
26/04/2017,45.398,45.804,44.868,45.398,138781
27/04/2017,45.149,45.348,44.858,44.875,289036
28/04/2017,45.291,45.814,45.092,45.315,328856
02/05/2017,46.145,46.834,45.78,46.502,184901
04/05/2017,46.561,47.88,46.561,46.784,219366
05/05/2017,46.644,47.83,46.577,47.797,116706
08/05/2017,47.805,47.888,46.959,47.307,118057
09/05/2017,47.349,47.382,46.186,46.502,203849
10/05/2017,46.511,46.859,45.482,45.482,202772
11/05/2017,46.021,46.112,45.482,45.979,256548
12/05/2017,45.962,46.029,45.506,45.979,161268
15/05/2017,46.769,46.769,45.383,45.637,215359
16/05/2017,45.681,46.103,44.979,45.383,250090
17/05/2017,45.383,45.602,44.76,45.058,135192
18/05/2017,45.286,45.751,44.654,45.093,113647
19/05/2017,44.865,45.181,44.715,44.847,129315
22/05/2017,45.067,45.988,44.47,45.55,184612
23/05/2017,45.207,45.848,44.856,45.225,114331
24/05/2017,44.847,45.225,44.409,44.435,94373
25/05/2017,44.751,45.321,44.452,45.321,56314
26/05/2017,44.76,45.023,44.549,44.873,89912
29/05/2017,44.672,44.672,44.145,44.303,41281
30/05/2017,44.145,44.312,43.496,43.882,110046
31/05/2017,43.873,43.882,42.478,42.478,221307
01/06/2017,43.435,45.181,42.697,44.873,168675
02/06/2017,45.251,45.251,43.399,44.444,238245
05/06/2017,44.742,44.742,43.206,43.25,117380
06/06/2017,43.171,43.496,42.047,42.373,427060
07/06/2017,42.636,42.837,41.749,42.373,258587
08/06/2017,42.566,43.417,41.907,43.417,302990
09/06/2017,43.18,43.53,43.013,43.372,134877
12/06/2017,43.399,43.399,42.302,42.39,119529
13/06/2017,42.215,42.987,41.995,42.276,145268
14/06/2017,42.697,42.697,41.767,41.767,70995
16/06/2017,42.32,43.53,41.934,43.53,322289
19/06/2017,43.504,43.557,42.232,42.469,174929
20/06/2017,42.258,42.61,41.776,41.837,129597
21/06/2017,41.899,42.995,41.837,42.978,177861
22/06/2017,42.987,43.356,42.469,43.356,86768
23/06/2017,43.356,43.812,42.952,43.812,94596
26/06/2017,43.925,44.057,43.232,43.356,109752
27/06/2017,43.267,43.435,42.706,42.794,126729
28/06/2017,42.794,43.267,42.03,43.267,212960
29/06/2017,43.005,43.443,42.215,43.443,222409
30/06/2017,44.409,44.461,42.768,42.803,246674
03/07/2017,42.776,42.794,42.215,42.373,215216
04/07/2017,42.645,42.645,42.047,42.126,71757
05/07/2017,42.126,42.267,41.82,41.82,99864
06/07/2017,42.197,42.294,41.828,42.039,130112
07/07/2017,42.039,42.188,41.196,41.196,122410
10/07/2017,41.662,41.872,41.257,41.731,104387
11/07/2017,41.889,41.889,41.223,41.547,168640
12/07/2017,41.319,42.013,41.319,41.758,154282
13/07/2017,41.951,42.381,41.758,42.32,126179
14/07/2017,42.32,42.32,41.688,41.688,74854
17/07/2017,41.688,42.205,41.512,41.512,89532
18/07/2017,41.336,41.67,41.144,41.336,97152
19/07/2017,41.433,41.451,41.205,41.451,135105
20/07/2017,41.425,41.425,39.845,40.047,400042
21/07/2017,40.047,40.354,39.863,39.95,160296
24/07/2017,40.371,40.485,39.932,40.284,194393
25/07/2017,40.547,40.547,39.932,40.108,101579
26/07/2017,39.932,39.994,39.406,39.406,96550
27/07/2017,39.494,39.889,38.967,39.362,410822
28/07/2017,39.406,39.889,39.406,39.845,90712
31/07/2017,39.59,40.09,39.362,39.687,373392
01/08/2017,39.494,39.897,39.379,39.713,176290
02/08/2017,39.713,39.897,39.231,39.362,121147
03/08/2017,39.142,39.406,38.002,38.397,306260
04/08/2017,38.397,39.3,38.291,38.493,328993
07/08/2017,38.616,38.994,38.064,38.66,173022
08/08/2017,38.616,39.3,38.572,39.152,289387
09/08/2017,39.099,39.494,38.634,38.967,288003
10/08/2017,39.055,39.266,38.879,39.081,165525
11/08/2017,38.897,39.494,38.897,39.494,278663
14/08/2017,39.581,39.766,38.747,38.984,168479
16/08/2017,38.984,39.739,38.984,39.626,231292
17/08/2017,39.581,39.581,38.853,38.853,167919
18/08/2017,38.8,38.958,38.397,38.625,161876
21/08/2017,38.607,38.923,38.414,38.625,61408
22/08/2017,38.836,39.231,38.423,39.063,152755
23/08/2017,39.257,39.257,38.704,38.897,109862
24/08/2017,38.897,39.432,38.747,39.318,445960
25/08/2017,39.485,39.485,38.704,38.836,377630
28/08/2017,38.853,39.81,38.826,39.581,166721
29/08/2017,39.511,39.511,38.826,39.09,395719
30/08/2017,39.379,39.932,39.239,39.59,147594
31/08/2017,39.494,39.924,39.494,39.757,131069
01/09/2017,39.757,40.986,39.494,40.986,249417
04/09/2017,40.81,41.951,40.643,41.951,183801
05/09/2017,41.951,42.627,41.776,42.566,300488
06/09/2017,42.346,42.829,41.951,42.829,203386
07/09/2017,42.829,43.005,41.978,43.005,273578
08/09/2017,42.785,42.995,42.566,42.995,244825
11/09/2017,42.741,42.916,42.284,42.513,321557
12/09/2017,42.469,42.916,41.784,42.126,321538
13/09/2017,42.126,42.126,40.986,41.249,215367
14/09/2017,41.03,41.688,41.03,41.688,134085
15/09/2017,41.723,41.951,41.178,41.688,262773
18/09/2017,41.688,41.688,41.17,41.512,34751
19/09/2017,41.477,41.784,40.994,41.688,79720
20/09/2017,41.425,41.731,41.407,41.679,65836
21/09/2017,41.688,41.749,41.161,41.486,43288
22/09/2017,41.6,41.6,41.117,41.512,55944
25/09/2017,41.556,41.591,41.082,41.31,43374
26/09/2017,41.03,41.319,40.064,41.152,158941
27/09/2017,40.783,41.293,40.643,41.24,66853
28/09/2017,40.81,41.188,39.95,40.337,204537
29/09/2017,40.337,41.135,40.038,40.626,392911
02/10/2017,40.722,41.31,40.205,40.371,198801
03/10/2017,40.371,40.854,40.196,40.854,154093
04/10/2017,40.872,41.109,40.424,40.977,72939
05/10/2017,40.757,40.757,40.108,40.363,76318
06/10/2017,40.582,40.582,39.599,40.1,133586
09/10/2017,40.1,40.564,40.1,40.108,72443
10/10/2017,40.371,40.45,40.292,40.354,94997
11/10/2017,40.152,40.538,40.09,40.169,285133
12/10/2017,40.196,40.836,40.196,40.714,289982
13/10/2017,40.977,41.372,40.564,40.564,285513
16/10/2017,40.389,40.819,40.126,40.45,157193
17/10/2017,40.117,40.775,40.117,40.126,97726
18/10/2017,40.196,40.6,40.196,40.547,144679
19/10/2017,40.266,40.889,40.266,40.275,116819
20/10/2017,40.442,40.704,39.581,39.792,403557
23/10/2017,39.792,40.986,39.713,40.81,82523
24/10/2017,40.898,40.986,40.284,40.485,126921
25/10/2017,40.485,40.968,40.389,40.722,114973
26/10/2017,40.485,41.144,40.485,40.635,130500
27/10/2017,40.933,41.196,40.74,41.152,102340
30/10/2017,41.073,42.065,41.03,41.749,144136
31/10/2017,41.53,41.863,41.065,41.863,165730
02/11/2017,41.978,42.013,40.986,41.249,147205
03/11/2017,41.284,41.679,40.986,41.249,115821
06/11/2017,41.398,41.398,40.521,40.898,156189
07/11/2017,41.407,41.951,41.099,41.425,163050
08/11/2017,41.776,41.793,40.678,41.231,125455
09/11/2017,41.24,41.24,39.415,40.179,164689
10/11/2017,40.363,40.363,39.511,40.161,95925
13/11/2017,39.932,40.143,39.142,39.406,99331
14/11/2017,39.274,39.757,38.668,39.231,110861
15/11/2017,39.231,39.239,37.844,38.668,87001
16/11/2017,38.616,38.616,37.387,38.186,107738
17/11/2017,37.73,38.379,37.528,37.651,79271
20/11/2017,37.651,38.388,37.449,38.221,48611
21/11/2017,38.362,38.792,37.827,38.441,116741
22/11/2017,38.616,38.704,37.748,38.107,103946
23/11/2017,38.169,38.169,37.651,37.73,62308
24/11/2017,37.659,37.87,37.387,37.738,60162
27/11/2017,37.58,38.335,37.572,38.318,65267
28/11/2017,38.318,38.66,37.853,38.362,113465
29/11/2017,38.695,38.871,38.116,38.502,74360
30/11/2017,38.177,39.029,37.809,39.029,197192
01/12/2017,39.055,39.221,37.475,38.046,161197
04/12/2017,37.563,38.239,37.317,37.738,86549
05/12/2017,37.738,38.352,37.677,38.352,156396
06/12/2017,38.177,38.177,37.721,37.738,169965
07/12/2017,37.958,38.098,37.396,37.528,173963
08/12/2017,37.827,38.405,37.756,37.87,195287
11/12/2017,37.906,38.502,37.906,38.441,143946
12/12/2017,38.458,39.274,38.309,38.941,132900
13/12/2017,39.055,39.748,38.994,39.406,110718
14/12/2017,39.476,39.643,37.958,38.177,315262
15/12/2017,38.177,38.273,37.037,37.037,600066
18/12/2017,37.466,37.827,37.195,37.414,190195
19/12/2017,37.651,37.651,36.992,37.212,221845
20/12/2017,37.212,37.651,36.729,37.651,194570
21/12/2017,37.037,37.58,36.948,37.449,284485
22/12/2017,37.449,37.545,36.905,37.449,215935
27/12/2017,37.387,38.572,37.089,38.572,204253
28/12/2017,37.168,38.265,37.124,38.265,785144
29/12/2017,39.011,39.187,38.002,38.599,478096
03/01/2018,38.757,38.757,36.913,37.563,222286
04/01/2018,37.703,38.581,37.703,38.23,222298
05/01/2018,38.107,38.774,37.861,38.107,171345
08/01/2018,38.51,39.02,38.352,39.02,148598
09/01/2018,39.231,40.161,39.231,40.021,302913
10/01/2018,40.108,40.81,39.616,40.81,321960
11/01/2018,40.81,41.494,40.021,40.933,264281
12/01/2018,40.898,41.073,40.09,41.073,85414
15/01/2018,41.214,41.214,40.406,40.88,98434
16/01/2018,40.898,41.968,40.477,41.968,268961
17/01/2018,41.846,41.899,40.301,40.371,223895
18/01/2018,40.653,41.6,40.495,41.336,114666
19/01/2018,41.336,41.934,41.073,41.934,117778
22/01/2018,41.776,41.776,41.442,41.688,131891
23/01/2018,42.039,42.039,40.933,41.178,169805
24/01/2018,41.161,41.881,41.02,41.881,142231
25/01/2018,41.442,42.109,40.845,41.6,238212
26/01/2018,41.6,42.162,41.073,42.162,85142
29/01/2018,42.179,42.197,41.46,41.951,122905
30/01/2018,41.494,41.863,40.828,41.547,129457
31/01/2018,41.67,41.67,40.775,40.775,94832
01/02/2018,40.722,41.144,39.705,40.038,140146
02/02/2018,40.038,40.266,39.81,40.003,85398
05/02/2018,39.547,40.81,39.494,40.635,167432
06/02/2018,39.318,39.827,38.95,39.406,167324
07/02/2018,39.231,39.494,38.16,38.352,222390
08/02/2018,38.616,39.441,38.265,38.668,111157
09/02/2018,38.634,38.984,38.002,38.37,124459
12/02/2018,38.37,38.897,37.932,38.897,152394
13/02/2018,39.178,39.178,38.16,38.352,114439
14/02/2018,38.792,38.792,37.422,37.967,98745
15/02/2018,38.352,38.352,37.932,38.335,59438
16/02/2018,38.493,38.967,38.125,38.967,102273
19/02/2018,38.809,38.932,37.985,38.09,50626
20/02/2018,38.019,39.16,38.019,39.16,106907
21/02/2018,39.055,40.126,38.616,40.126,159576
22/02/2018,39.687,40.793,39.687,40.793,243907
23/02/2018,39.932,40.898,39.722,40.775,122104
26/02/2018,40.81,41.056,40.459,41.056,76116
27/02/2018,41.091,41.231,40.635,40.898,124780
28/02/2018,40.81,41.477,40.687,41.477,181069
01/03/2018,41.249,41.881,40.986,41.758,201535
02/03/2018,41.477,41.652,39.81,40.108,195518
05/03/2018,40.108,40.793,39.897,40.055,84913
06/03/2018,39.95,40.337,39.406,40.301,87769
07/03/2018,40.196,40.862,39.142,40.653,97237
08/03/2018,40.722,41.231,40.389,41.038,68629
09/03/2018,40.986,41.741,40.722,41.512,131381
12/03/2018,41.863,41.863,40.915,41.512,79091
13/03/2018,41.512,42.126,41.336,42.126,119492
14/03/2018,42.126,42.126,41.46,41.951,132190
15/03/2018,42.057,42.267,41.758,42.267,150892
16/03/2018,41.776,43.162,41.67,42.355,773373
19/03/2018,42.741,42.741,40.196,41.389,163242
20/03/2018,41.565,43.092,41.565,41.6,201796
21/03/2018,42.408,43.005,42.126,42.689,163207
22/03/2018,42.829,43.005,42.144,42.513,84968
23/03/2018,42.408,42.408,41.02,41.635,78043
26/03/2018,41.635,41.688,39.669,39.669,120651
27/03/2018,40.284,41.618,40.284,41.372,155257
28/03/2018,41.863,41.863,40.477,41.389,109264
29/03/2018,41.249,42.004,39.494,39.494,202612
03/04/2018,39.494,40.793,39.494,39.985,144167
04/04/2018,40.704,40.704,39.371,39.669,92010
05/04/2018,39.915,40.529,39.757,39.985,47941
06/04/2018,40.284,41.688,40.003,41.249,100637
09/04/2018,41.336,41.425,40.653,41.161,78212
10/04/2018,41.319,41.547,40.828,41.425,183304
11/04/2018,41.161,41.6,40.687,40.687,240554
12/04/2018,40.635,41.846,40.406,40.722,98269
13/04/2018,40.687,40.81,39.792,39.985,42287
16/04/2018,40.073,40.073,39.406,39.705,48994
17/04/2018,39.687,39.932,38.616,39.213,86476
18/04/2018,39.002,40.161,39.002,39.757,52944
19/04/2018,40.179,40.406,39.529,40.021,79973
20/04/2018,40.021,40.021,39.792,39.932,56288
23/04/2018,39.494,40.038,39.494,39.757,55170
24/04/2018,39.845,39.968,39.178,39.389,64946
25/04/2018,39.406,39.669,39.142,39.142,46066
26/04/2018,39.494,39.932,39.318,39.494,64445
27/04/2018,39.634,39.897,38.739,38.967,43491
30/04/2018,39.195,39.774,38.616,38.616,111959
02/05/2018,38.634,39.845,38.634,39.845,94179
04/05/2018,39.932,40.161,38.3,38.826,57303
07/05/2018,38.792,39.494,38.792,39.494,60466
08/05/2018,39.142,39.353,38.809,39.037,64967
09/05/2018,38.879,39.494,38.879,39.494,53794
10/05/2018,39.476,39.494,39.213,39.494,36439
11/05/2018,39.476,39.739,39.3,39.353,121048
14/05/2018,39.634,39.757,39.318,39.441,37690
15/05/2018,39.494,39.634,38.792,39.178,89238
16/05/2018,39.757,39.757,39.406,39.669,53476
17/05/2018,39.669,39.739,39.266,39.424,63055
18/05/2018,39.499,40.42,38.84,39.405,50681
21/05/2018,39.499,39.687,38.295,38.464,24483
22/05/2018,38.464,39.047,38.37,38.746,317839
23/05/2018,38.464,38.746,37.58,37.618,52745
24/05/2018,37.712,38.803,37.599,38.182,68193
25/05/2018,38.445,38.69,38.314,38.314,11096
28/05/2018,38.37,38.746,38.37,38.596,10072
29/05/2018,39.781,41.21,39.386,40.157,323142
30/05/2018,40.157,43.825,39.593,43.166,394078
01/06/2018,43.054,43.166,41.605,43.166,263233
04/06/2018,42.508,42.922,41.718,42.132,108686
05/06/2018,41.756,42.094,41.342,41.38,101986
06/06/2018,40.928,42.32,40.928,41.022,129708
07/06/2018,41.097,42.132,41.097,41.267,108748
08/06/2018,41.116,41.53,40.853,40.853,131255
11/06/2018,40.872,41.06,39.123,40.345,191990
12/06/2018,40.345,40.533,38.088,38.709,260580
13/06/2018,39.311,39.311,38.464,38.558,421805
14/06/2018,38.558,38.671,38.276,38.464,321484
15/06/2018,38.671,39.16,37.035,37.035,1726619
18/06/2018,37.524,38.069,37.26,37.938,168277
19/06/2018,37.919,37.938,37.524,37.618,116257
20/06/2018,37.637,38.257,37.637,38.088,105625
21/06/2018,38.088,38.107,36.922,36.922,178674
22/06/2018,37.129,37.129,35.586,36.376,459629
25/06/2018,36.565,37.449,36.395,36.978,117967
26/06/2018,37.242,37.411,36.96,37.242,194603
27/06/2018,37.054,37.9,37.054,37.543,81482
28/06/2018,37.43,37.505,36.508,37.072,81456
29/06/2018,37.166,38.069,37.166,37.655,163908
02/07/2018,37.9,38.483,37.75,38.126,150773
03/07/2018,38.201,39.461,38.201,39.066,141683
04/07/2018,39.066,39.593,38.934,39.348,134934
05/07/2018,39.029,40.326,38.953,39.141,255130
06/07/2018,39.029,39.95,38.897,39.687,210133
09/07/2018,39.63,39.894,39.141,39.217,275386
10/07/2018,39.442,40.42,39.066,39.311,207290
11/07/2018,39.499,39.988,38.934,39.63,444349
12/07/2018,39.63,40.834,39.63,40.439,302477
13/07/2018,40.721,41.85,39.706,41.38,202491
16/07/2018,41.756,41.812,40.872,41.323,69020
17/07/2018,41.135,41.417,40.74,41.342,148659
18/07/2018,41.116,42.038,41.116,41.756,208232
19/07/2018,41.756,41.944,41.304,41.587,144211
20/07/2018,41.756,42.734,41.681,42.339,169543
23/07/2018,42.339,42.884,42.057,42.226,152217
24/07/2018,42.132,42.847,42.132,42.471,144706
25/07/2018,42.32,43.129,42.32,42.79,208146
26/07/2018,42.546,42.866,41.605,42.339,343908
27/07/2018,41.982,42.96,41.869,42.508,145654
30/07/2018,42.508,42.866,42.038,42.282,138507
31/07/2018,42.753,43.373,42.151,43.373,228785
01/08/2018,43.261,43.806,42.508,43.355,68392
02/08/2018,43.261,43.731,42.941,43.204,147185
03/08/2018,43.261,43.543,43.166,43.543,121546
06/08/2018,43.505,43.505,42.64,43.166,444662
07/08/2018,43.261,43.355,42.79,42.884,107437
08/08/2018,43.166,43.449,42.866,43.298,148128
09/08/2018,43.355,43.355,42.978,43.261,97438
10/08/2018,43.355,43.355,40.853,40.891,138943
13/08/2018,40.909,41.097,40.251,40.533,86870
14/08/2018,40.552,40.947,40.176,40.345,118428
16/08/2018,40.345,40.703,40.101,40.703,263574
17/08/2018,40.703,41.286,40.703,41.286,115890
20/08/2018,41.342,41.342,40.646,41.304,77130
21/08/2018,41.38,41.662,41.192,41.662,240617
22/08/2018,41.38,42,41.361,41.361,150286
23/08/2018,41.662,42.057,41.568,41.85,109585
24/08/2018,42.076,42.282,41.756,42.094,111267
27/08/2018,42.038,43.298,41.982,43.148,153794
28/08/2018,45.141,45.612,43.166,44.126,336089
29/08/2018,44.22,44.483,43.449,43.467,424166
30/08/2018,44.069,44.201,43.449,43.543,116450
31/08/2018,43.449,43.919,42.696,43.166,216173
03/09/2018,43.261,43.975,42.583,42.583,443600
04/09/2018,42.527,42.978,42.094,42.565,329362
05/09/2018,42.79,43.242,42.113,42.715,502047
06/09/2018,42.696,43.091,42.339,42.753,706574
07/09/2018,42.508,42.715,41.568,42.32,209593
10/09/2018,42.508,42.508,41.492,41.85,141767
11/09/2018,42.038,42.452,40.872,41.097,737991
12/09/2018,41.361,41.38,40.439,41.192,363922
13/09/2018,41.192,41.38,40.458,41.248,160143
14/09/2018,41.568,43.242,41.455,42.79,383984
17/09/2018,42.734,42.734,39.95,39.95,385272
18/09/2018,40.157,40.891,40.025,40.703,285690
19/09/2018,40.797,41.568,40.251,40.439,376903
20/09/2018,41.003,42.395,40.759,42.207,345717
21/09/2018,41.718,43.392,41.587,42.696,1577306
24/09/2018,42.96,43.806,42.565,43.054,274173
25/09/2018,43.091,43.543,42.414,42.79,329446
26/09/2018,42.79,43.731,42.79,43.731,79572
27/09/2018,43.618,44.163,43.298,44.145,123163
28/09/2018,43.919,44.84,43.656,44.822,377685
01/10/2018,44.822,45.047,43.618,44.521,66353
02/10/2018,44.464,45.217,44.295,45.217,109398
03/10/2018,45.123,45.593,44.483,45.499,98374
04/10/2018,45.123,45.424,44.652,45.198,99459
05/10/2018,44.765,45.141,43.731,44.295,97635
08/10/2018,43.731,44.145,42.32,42.377,95376
09/10/2018,42.377,43.449,42.377,43.43,139671
10/10/2018,43.825,44.032,42.583,43.11,132276
11/10/2018,42.32,43.862,41.869,42.847,116231
12/10/2018,43.449,43.505,42.79,43.505,92579
15/10/2018,44.107,44.107,43.166,43.524,43611
16/10/2018,43.185,43.994,43.091,43.994,65222
17/10/2018,43.637,43.938,42.884,43.279,51920
18/10/2018,42.79,43.091,42.132,42.847,297172
19/10/2018,43.129,44.351,42.941,43.505,218894
22/10/2018,43.11,43.656,42.734,43.467,50530
23/10/2018,42.753,44.521,42.734,43.129,125832
24/10/2018,43.204,44.22,43.204,44.126,76457
25/10/2018,43.505,43.975,42.696,43.881,66168
26/10/2018,44.05,44.54,42.602,44.483,101137
29/10/2018,44.558,44.671,43.467,43.731,71887
30/10/2018,43.543,43.825,43.016,43.731,54062
31/10/2018,43.9,45.424,43.355,45.424,114833
02/11/2018,45.424,46.458,45.047,46.082,187700
05/11/2018,45.856,46.27,45.424,45.875,136064
06/11/2018,45.724,46.552,45.612,46.025,65639
07/11/2018,46.176,46.176,45.781,46.082,41857
08/11/2018,45.724,46.082,45.499,45.781,87930
09/11/2018,46.176,46.176,44.54,44.709,16775
13/11/2018,44.389,44.916,43.148,43.505,165305
14/11/2018,43.43,43.43,42.508,42.508,113845
15/11/2018,42.696,42.978,42.245,42.659,269691
16/11/2018,42.696,43.712,42.565,42.866,95865
19/11/2018,42.866,43.975,42.734,43.317,114460
20/11/2018,42.978,43.129,42.433,42.546,128539
21/11/2018,43.166,45.047,43.166,45.047,69594
22/11/2018,44.953,45.33,44.502,45.047,33955
23/11/2018,45.047,45.047,44.577,44.596,73611
26/11/2018,44.577,44.859,44.295,44.464,61151
27/11/2018,44.257,44.878,44.257,44.37,76571
28/11/2018,44.276,45.687,44.22,45.461,111908
29/11/2018,45.574,46.496,45.424,46.082,185769
30/11/2018,46.27,46.27,45.179,45.179,93388
03/12/2018,45.894,46.834,45.894,46.402,109320
04/12/2018,46.101,46.364,45.235,45.424,72547
05/12/2018,45.424,45.743,45.141,45.555,44819
06/12/2018,45.047,45.687,44.22,44.483,114558
07/12/2018,44.483,45.141,44.257,44.257,124981
10/12/2018,44.257,45.875,44.239,44.464,37057
11/12/2018,45.424,45.48,43.9,44.201,72646
12/12/2018,44.201,44.201,43.166,43.505,220980
13/12/2018,43.449,45.217,43.449,44.859,65451
14/12/2018,44.765,45.33,43.825,44.615,80617
17/12/2018,44.615,45.047,44.201,44.389,87871
18/12/2018,44.389,44.389,43.524,43.825,53929
19/12/2018,43.825,44.088,43.693,43.919,38007
20/12/2018,43.449,44.088,43.373,43.768,100973
21/12/2018,43.825,44.351,43.355,43.355,110970
27/12/2018,43.373,44.107,43.355,43.373,98536
28/12/2018,43.373,44.069,43.373,43.373,47951
02/01/2019,43.449,43.975,42.884,43.712,98057
03/01/2019,43.261,43.693,43.185,43.693,82999
04/01/2019,43.637,44.182,43.317,43.975,30960
07/01/2019,43.975,45.085,43.975,44.765,38707
08/01/2019,44.652,45.33,44.333,44.765,37211
09/01/2019,45.047,46.684,45.047,45.63,205925
10/01/2019,46.27,46.684,44.728,45.104,138604
11/01/2019,45.047,46.533,45.047,46.533,55743
14/01/2019,46.533,46.533,44.953,45.179,48980
15/01/2019,45.179,46.119,45.179,45.612,123236
16/01/2019,45.367,46.044,45.367,45.762,106675
17/01/2019,45.988,46.176,44.54,44.596,136861
18/01/2019,44.577,45.029,44.295,44.746,69714
21/01/2019,45.123,45.33,44.615,44.615,13881
22/01/2019,44.822,45.292,44.615,44.746,68790
23/01/2019,44.953,46.063,44.69,45.969,107065
24/01/2019,45.311,45.95,45.311,45.894,62759
25/01/2019,45.649,46.025,45.311,45.367,57558
28/01/2019,45.894,46.176,45.424,45.931,70534
29/01/2019,46.082,46.345,45.781,45.856,46882
30/01/2019,45.988,45.988,45.179,45.518,107542
31/01/2019,45.894,46.101,44.765,45.141,379724
01/02/2019,45.612,45.762,44.953,45.141,125166
04/02/2019,45.198,45.273,44.389,45.273,73950
05/02/2019,45.518,46.308,45.292,46.251,292541
06/02/2019,46.402,47.304,46.326,47.069,188890
07/02/2019,46.928,47.022,46.119,46.684,30442
08/02/2019,46.74,47.446,46.251,47.446,244918
11/02/2019,47.587,47.775,46.533,46.533,143246
12/02/2019,46.872,47.398,46.627,47.351,235145
13/02/2019,47.634,48.386,47.21,47.822,86734
14/02/2019,47.822,49.609,47.304,49.609,155462
15/02/2019,48.903,50.314,48.809,50.267,81302
18/02/2019,50.22,50.22,49.373,49.373,48615
19/02/2019,49.373,51.16,49.138,50.643,57879
20/02/2019,51.066,51.066,49.844,50.361,369854
21/02/2019,50.455,52.007,49.703,51.725,243363
22/02/2019,51.725,52.618,51.489,52.524,89531
25/02/2019,52.524,52.618,51.113,52.101,54270
26/02/2019,52.101,52.665,52.101,52.289,42789
27/02/2019,51.96,52.336,50.925,51.207,42705
28/02/2019,50.925,51.489,49.373,49.938,89718
01/03/2019,50.126,51.96,50.079,51.96,44764
04/03/2019,51.301,51.442,50.737,51.066,27472
05/03/2019,50.69,51.254,49.75,50.22,84954
06/03/2019,49.985,50.643,49.467,49.467,57314
07/03/2019,49.373,49.42,47.963,48.48,76673
08/03/2019,48.433,50.455,47.963,50.314,84152
11/03/2019,50.596,50.596,49.044,50.126,37802
12/03/2019,49.844,50.22,48.245,48.386,110162
13/03/2019,48.245,48.809,47.587,48.245,63747
14/03/2019,47.963,49.091,47.963,48.715,23594
15/03/2019,49.044,51.301,47.963,51.301,341116
18/03/2019,50.784,50.972,50.079,50.972,39062
19/03/2019,50.502,51.866,49.985,51.019,64381
20/03/2019,50.784,51.113,49.891,50.032,64544
21/03/2019,49.985,49.985,49.091,49.562,62485
22/03/2019,49.656,49.75,48.762,48.903,76375
25/03/2019,48.903,48.997,47.351,47.493,70945
26/03/2019,47.963,49.279,47.869,48.997,115106
27/03/2019,48.997,49.656,48.809,48.809,141698
28/03/2019,48.903,49.091,48.339,48.386,131462
29/03/2019,48.151,49.138,47.963,48.809,86664
01/04/2019,48.809,49.279,48.151,49.279,64315
02/04/2019,48.903,49.75,48.48,49.609,35218
03/04/2019,49.514,49.938,48.574,48.903,114906
04/04/2019,49.044,49.609,48.762,49.609,47099
05/04/2019,49.609,51.019,49.138,49.985,91105
08/04/2019,49.985,52.195,49.985,51.913,99754
09/04/2019,51.725,52.665,51.489,52.383,62108
10/04/2019,52.101,52.477,51.583,52.383,54019
11/04/2019,51.725,52.477,51.301,51.301,26578
12/04/2019,51.301,51.866,50.314,50.831,28766
15/04/2019,50.784,52.477,50.784,52.148,43441
16/04/2019,52.148,52.477,50.737,51.16,65726
17/04/2019,51.066,51.63,50.737,51.301,27702
18/04/2019,50.925,51.96,50.784,51.16,58093
23/04/2019,50.784,52.195,50.22,50.972,64117
24/04/2019,50.878,52.195,50.878,51.819,59338
25/04/2019,51.442,51.63,49.373,50.972,73821
26/04/2019,50.972,51.442,50.126,50.643,30454
29/04/2019,51.207,51.207,50.502,50.69,27151
30/04/2019,50.502,50.831,49.562,49.844,87391
02/05/2019,49.467,51.63,49.42,51.63,54935
06/05/2019,50.831,50.831,49.514,49.562,84420
07/05/2019,50.22,50.22,49.562,49.844,96166
08/05/2019,50.314,50.314,48.762,49.138,226990
09/05/2019,49.373,49.42,48.057,48.057,37580
10/05/2019,48.527,49.42,47.963,48.339,225851
13/05/2019,48.903,49.185,47.963,48.104,40723
14/05/2019,48.668,49.138,48.01,48.433,66609
15/05/2019,48.903,48.903,47.681,48.104,67089
16/05/2019,48.621,48.809,48.01,48.48,53152
17/05/2019,48.8,48.9,48.06,48.76,42227
20/05/2019,48.7,49.06,48.14,49.06,27939
21/05/2019,49.06,50.4,48.62,50,57161
22/05/2019,50.4,50.85,49.92,49.92,15136
23/05/2019,50,50,47.66,47.7,30621
24/05/2019,48.6,50.65,48.5,50.2,50164
27/05/2019,50.15,50.65,50.15,50.5,50310
28/05/2019,50,52.5,50,52.5,125295
29/05/2019,52.6,52.95,52.15,52.5,264488
30/05/2019,52.35,52.55,52.1,52.2,62061
31/05/2019,51.6,52.15,50.6,51.1,73693
03/06/2019,50.7,51.4,50.7,51.2,25497
04/06/2019,51.55,51.7,51,51.4,53706
05/06/2019,52,52.35,51.8,52.35,26824
06/06/2019,52.35,53.3,52.3,52.5,32294
07/06/2019,52.5,53.7,52.5,53.4,23053
10/06/2019,53.4,54.1,52.6,53.5,36456
11/06/2019,53.3,54,53,53.5,24721
12/06/2019,53.2,54,53.2,54,40071
13/06/2019,53.7,54.5,53.6,54,68245
14/06/2019,54.1,54.8,53.45,54,34770
17/06/2019,54,54,53.05,53.05,24537
18/06/2019,53,54.7,52.85,54.45,43007
19/06/2019,54.5,54.85,53.3,53.3,33610
21/06/2019,53.3,54.05,51.1,52.35,109748
24/06/2019,52.35,54.5,52.25,54.5,28591
25/06/2019,54.4,55.35,53.9,54.45,37683
26/06/2019,55,55,53.85,54.9,44543
27/06/2019,55,55.8,54.75,55.3,179617
28/06/2019,55.3,55.8,53.2,53.3,158629
01/07/2019,54,55.3,53.9,53.9,16996
02/07/2019,53.8,54.3,53,54.3,28860
03/07/2019,54.3,55,54.1,54.5,118527
04/07/2019,54.95,54.95,54.2,54.2,76706
05/07/2019,53.8,55.35,53.8,55.15,139992
08/07/2019,55.15,55.2,54.35,55,82932
09/07/2019,54.8,55.2,54,54.75,76989
10/07/2019,55,55.9,54.85,55.25,59884
11/07/2019,55.9,56.75,55.8,56.5,99134
12/07/2019,56.75,57.15,56.4,56.4,31200
15/07/2019,56.5,57.5,56,57.5,320795
16/07/2019,57.5,57.5,55.5,56.45,60961
17/07/2019,56.75,57.25,56.1,56.4,77210
18/07/2019,56.5,56.65,55.5,56.25,57259
19/07/2019,56,57.45,56,57.1,63088
22/07/2019,57.4,57.5,57.05,57.35,23043
23/07/2019,56,57.15,56,56.55,41510
24/07/2019,56.65,58,56.3,57.75,77506
25/07/2019,57.5,57.95,56.55,56.95,59548
26/07/2019,56.95,57.8,56.25,56.7,98104
29/07/2019,56.3,56.8,53.3,55.6,48291
30/07/2019,55.7,55.75,55.1,55.7,71308
31/07/2019,55.1,56.5,54.75,54.85,163461
01/08/2019,54.9,55.45,54.15,54.5,42450
02/08/2019,54.1,55.95,54.1,55.85,27356
05/08/2019,55.7,56,54.7,55.9,66750
06/08/2019,55.2,56.6,54.3,55.75,61191
07/08/2019,56.45,56.45,53.85,53.9,60935
08/08/2019,54.4,55.4,54,54,59258
09/08/2019,54,54.45,53.75,53.75,49331
12/08/2019,54.45,55.05,53.5,55.05,31800
13/08/2019,54.85,56.45,54.3,56,49129
14/08/2019,56.05,56.05,54.5,55.45,34040
16/08/2019,54.05,55.4,54.05,54.7,28211
19/08/2019,55.5,56.55,55,56.2,62576
20/08/2019,56,56.85,55.8,56.85,45144
21/08/2019,56.1,56.9,56.1,56.8,34979
22/08/2019,56.3,56.8,55.7,55.7,94329
23/08/2019,56,56.4,55.25,55.35,24048
26/08/2019,55.1,55.45,53.55,54.35,39273
27/08/2019,54.95,54.95,53.8,54.35,53262
28/08/2019,54.35,54.7,53.6,53.9,50619
29/08/2019,54.05,54.6,53.85,54.6,33541
30/08/2019,54.2,55.95,54.2,55.95,40974
02/09/2019,55.85,55.95,55.25,55.7,11208
03/09/2019,55.4,56.45,55.3,56.45,24846
04/09/2019,56,57,54.3,54.45,37673
05/09/2019,54.45,55.85,54.45,55.7,25948
06/09/2019,55.65,56,55.1,55.75,38399
09/09/2019,55.35,56.35,55.2,56.1,50116
10/09/2019,56.1,56.45,55,55.1,45272
11/09/2019,55.1,56.6,52.8,52.8,63978
12/09/2019,53,53.8,50.85,51.8,116420
13/09/2019,51.9,52.95,51.4,51.7,36713
16/09/2019,50.95,51.6,50.7,51,76360
17/09/2019,51.2,51.2,49.52,50.4,142839
18/09/2019,50.9,52.35,50.65,52.25,57505
19/09/2019,52.05,52.45,51.55,52,30948
20/09/2019,51.6,52,50.1,50.25,93805
23/09/2019,50.5,51.2,50.2,50.4,25881
24/09/2019,50.4,51.05,50.4,50.75,89220
25/09/2019,51.15,51.15,49.7,49.8,34791
26/09/2019,50,50.9,49.66,50.9,46780
27/09/2019,51.15,51.15,50.3,51,43199
30/09/2019,51,51.3,50.25,51.05,66788
01/10/2019,50.55,51.35,50.55,51.2,23406
02/10/2019,51.2,51.25,50.3,50.5,107125
03/10/2019,50.5,51.15,50.15,50.5,49530
04/10/2019,50.55,50.9,50.25,50.65,38054
07/10/2019,50.75,50.75,50.5,50.55,42833
08/10/2019,50.7,51.85,50.55,51.05,100375
09/10/2019,51.05,51.1,50.45,50.45,41075
10/10/2019,51,51,50.2,50.2,192890
11/10/2019,50.45,51.8,50.15,51.6,27073
14/10/2019,51.6,51.75,50.5,51.1,51253
15/10/2019,51.2,51.9,49.74,49.74,59981
16/10/2019,50,50.4,49.5,50.2,69888
17/10/2019,50.4,51.95,50.2,51.95,51278
18/10/2019,51.7,52.7,51.45,52.2,515296
21/10/2019,52.6,52.6,51.3,51.7,102794
22/10/2019,51.7,52.45,51.35,51.4,167803
23/10/2019,51.9,52.15,51.4,52,40186
24/10/2019,52.15,53,51.9,52.4,52584
25/10/2019,53,53.6,52.05,53.55,26011
28/10/2019,53.55,54,53.1,53.5,13640
29/10/2019,53.5,53.5,51.75,51.75,28618
30/10/2019,51.8,52.6,51.75,51.95,68977
31/10/2019,52.3,52.3,50.95,51.3,153275
04/11/2019,52,53.1,51.35,52.9,60061
05/11/2019,52.9,53.15,52.35,53.15,23311
06/11/2019,53.15,53.2,52.8,52.8,32183
07/11/2019,53,53.75,52.9,53.4,74698
08/11/2019,53.5,53.7,53.2,53.4,64984
12/11/2019,53.7,54.9,53.7,54.9,94917
13/11/2019,54.85,56,54.3,56,113829
14/11/2019,55.55,56.2,55.5,56,93697
15/11/2019,56.3,56.4,55.85,55.85,127115
18/11/2019,56,57,55.8,56.95,42624
19/11/2019,56.8,57.25,55.7,57.25,101993
20/11/2019,56.95,56.95,55,55.1,29662
21/11/2019,55.3,55.75,55.1,55.15,28725
22/11/2019,55.1,56.8,55.1,56.2,40074
25/11/2019,56.05,57,56.05,56.3,26867
26/11/2019,56.3,57.2,56.1,56.15,71350
27/11/2019,56.75,57.1,56.3,56.95,43983
28/11/2019,57,57.15,56.4,56.5,15868
29/11/2019,56.15,56.65,55.55,56.65,46259
02/12/2019,56.5,57.2,56.1,56.75,65406
03/12/2019,56.7,56.95,56.05,56.55,39194
04/12/2019,56.2,57.35,56.2,57.35,40687
05/12/2019,57.35,57.7,56.7,57.45,207706
06/12/2019,57.45,57.95,57.2,57.75,52900
09/12/2019,57.75,58.15,57.45,58,44883
10/12/2019,58,58.2,57.35,58,69501
11/12/2019,58,59.15,55.8,58.6,145185
12/12/2019,58.9,59.6,58.25,59.6,45371
13/12/2019,59.8,59.8,58.85,59.2,42772
16/12/2019,59.3,59.7,59,59,32821