Data,Otwarcie,Najwyzszy,Najnizszy,Zamkniecie,Wolumen
09/06/2005,26.676,26.676,25.013,25.013,1795647
10/06/2005,25.097,25.433,24.594,24.594,679054
13/06/2005,25.013,25.097,24.594,24.762,213950
14/06/2005,24.929,24.929,24.762,24.762,181415
15/06/2005,24.762,24.845,24.594,24.762,160359
16/06/2005,24.762,24.762,24.35,24.35,171475
17/06/2005,24.51,24.51,24.182,24.267,286286
20/06/2005,24.182,24.267,24.013,24.182,230027
21/06/2005,24.182,24.267,24.013,24.182,328050
22/06/2005,24.267,24.929,24.267,24.845,299635
23/06/2005,25.013,25.266,24.678,24.678,221598
24/06/2005,24.762,24.929,24.51,24.51,42660
27/06/2005,24.51,24.845,24.426,24.762,22542
28/06/2005,24.845,24.845,24.51,24.762,21546
29/06/2005,24.929,24.929,24.594,24.678,34953
30/06/2005,24.762,24.762,24.426,24.678,56049
01/07/2005,24.762,24.762,24.51,24.594,40169
04/07/2005,24.594,24.929,24.594,24.762,48311
05/07/2005,24.845,25.182,24.762,25.013,94613
06/07/2005,25.013,25.013,24.845,24.929,23239
07/07/2005,25.013,25.013,24.594,24.929,88585
08/07/2005,25.013,26.098,25.013,25.846,1137592
11/07/2005,26.181,26.518,25.761,25.93,684918
12/07/2005,26.014,26.014,25.846,25.93,245968
13/07/2005,25.93,26.266,25.93,26.266,477461
14/07/2005,26.349,26.434,26.181,26.266,383853
15/07/2005,26.181,26.181,26.014,26.098,233401
18/07/2005,26.014,26.098,25.518,25.594,225592
19/07/2005,25.518,25.678,25.266,25.594,198664
20/07/2005,25.594,25.846,25.266,25.349,197376
21/07/2005,25.433,25.594,25.013,25.013,280189
22/07/2005,24.929,25.013,24.678,24.762,257667
25/07/2005,24.929,25.678,24.929,25.678,290747
26/07/2005,25.678,26.098,25.678,26.098,604855
27/07/2005,26.098,26.181,25.93,26.181,388722
28/07/2005,26.181,26.349,26.098,26.349,801321
29/07/2005,26.349,26.349,26.098,26.181,280148
01/08/2005,26.098,26.181,25.846,26.014,213877
02/08/2005,26.098,26.434,26.098,26.266,1177048
03/08/2005,26.266,26.518,26.014,26.434,739937
04/08/2005,26.349,26.434,26.181,26.349,260880
05/08/2005,26.349,26.349,26.098,26.181,161756
08/08/2005,26.266,27.181,26.266,27.181,1327374
09/08/2005,27.181,27.601,27.181,27.433,947019
10/08/2005,27.517,28.516,27.517,28.265,1913703
11/08/2005,28.432,29.096,28.349,29.011,1946614
12/08/2005,28.937,28.937,28.349,28.432,1182137
16/08/2005,28.432,28.769,28.265,28.349,1246066
17/08/2005,28.432,28.432,28.181,28.349,523977
18/08/2005,28.265,28.349,27.685,27.769,464309
19/08/2005,27.601,28.012,27.181,27.929,445262
22/08/2005,28.096,28.432,28.096,28.265,431496
23/08/2005,28.265,28.265,28.096,28.181,157559
24/08/2005,28.181,28.349,28.096,28.265,466520
25/08/2005,28.181,28.265,28.012,28.012,115304
26/08/2005,27.929,28.181,27.845,28.181,196427
29/08/2005,28.181,28.601,28.012,28.516,367186
30/08/2005,28.601,29.011,28.601,28.684,761158
31/08/2005,28.684,29.096,28.684,29.011,847818
01/09/2005,29.347,30.431,29.347,30.18,2289395
02/09/2005,30.347,31.263,30.347,30.936,2639921
05/09/2005,30.767,30.767,30.347,30.516,527299
06/09/2005,30.431,30.767,30.18,30.767,410042
07/09/2005,30.852,30.936,30.263,30.347,380358
08/09/2005,30.263,30.347,29.936,30.263,373992
09/09/2005,30.431,30.852,30.431,30.767,297225
12/09/2005,30.936,31.431,30.936,31.263,428628
13/09/2005,31.767,32.599,31.431,31.431,1028344
14/09/2005,31.263,32.018,30.936,32.018,343894
15/09/2005,32.103,33.187,32.103,32.515,1311545
16/09/2005,32.935,33.187,32.683,33.103,670091
19/09/2005,33.103,34.271,32.767,34.271,897721
20/09/2005,34.607,35.438,33.187,34.103,1145588
21/09/2005,33.599,33.935,33.515,33.599,714454
22/09/2005,34.018,35.102,33.935,34.187,1018305
23/09/2005,34.439,34.607,33.271,33.935,1277650
26/09/2005,33.354,34.187,33.187,34.103,643194
27/09/2005,34.187,35.186,33.767,35.102,984543
28/09/2005,35.354,35.85,34.103,34.187,1108702
29/09/2005,34.187,34.766,33.85,34.607,500289
30/09/2005,35.018,35.523,34.934,35.438,1300367
03/10/2005,35.523,36.858,35.523,36.438,1740028
04/10/2005,36.858,37.689,36.858,37.689,899854
05/10/2005,37.185,37.436,36.689,36.689,1656680
06/10/2005,35.765,35.765,33.935,34.607,1962644
07/10/2005,33.85,35.102,33.354,34.934,976506
10/10/2005,35.186,35.85,34.354,34.766,500115
11/10/2005,34.85,35.605,34.85,35.523,370548
12/10/2005,35.438,35.523,34.766,35.354,441611
13/10/2005,35.018,35.018,33.438,33.515,636384
14/10/2005,33.271,33.682,32.187,33.354,1016570
17/10/2005,33.515,34.523,33.515,33.599,318019
18/10/2005,34.187,34.523,33.682,33.85,295543
19/10/2005,33.354,33.682,32.683,33.438,660557
20/10/2005,33.85,34.187,33.767,34.018,163651
21/10/2005,33.767,34.103,33.438,33.935,312850
24/10/2005,33.515,34.354,33.515,34.187,243999
25/10/2005,33.935,34.682,33.935,34.271,339769
26/10/2005,34.523,34.682,33.515,33.85,426224
27/10/2005,33.354,33.354,32.515,33.354,422305
28/10/2005,33.019,33.354,32.599,33.354,255107
31/10/2005,33.354,33.85,33.354,33.767,194560
02/11/2005,33.85,34.523,33.85,34.523,239499
03/11/2005,34.766,34.934,34.354,34.682,320118
04/11/2005,34.682,34.766,34.523,34.682,539887
07/11/2005,34.439,34.439,33.85,33.935,132795
08/11/2005,33.935,34.271,33.85,33.85,69948
09/11/2005,34.018,34.018,33.682,33.682,122043
10/11/2005,33.767,34.018,33.187,33.767,247564
14/11/2005,34.523,35.186,34.523,34.766,633489
15/11/2005,35.018,35.27,34.85,35.186,345533
16/11/2005,35.354,35.934,35.27,35.934,509746
17/11/2005,36.101,37.689,36.018,37.436,985679
18/11/2005,37.521,37.689,37.269,37.604,685991
21/11/2005,37.521,37.521,36.521,37.521,245166
22/11/2005,37.353,37.353,36.605,36.605,532534
23/11/2005,36.185,36.932,36.101,36.858,227286
24/11/2005,36.932,37.269,36.774,37.269,209587
25/11/2005,37.353,37.94,37.185,37.857,313487
28/11/2005,37.94,38.94,37.94,38.352,282000
29/11/2005,38.436,38.436,37.521,37.604,137801
30/11/2005,37.521,37.689,37.269,37.689,82822
01/12/2005,37.773,38.185,37.773,38.1,250232
02/12/2005,38.1,38.604,38.1,38.436,264340
05/12/2005,38.52,39.184,38.025,38.025,236273
06/12/2005,38.688,38.688,38.185,38.268,220477
07/12/2005,38.352,38.436,38.025,38.436,102547
08/12/2005,38.352,38.604,38.268,38.352,214274
09/12/2005,38.352,38.52,38.025,38.185,107581
12/12/2005,38.185,38.352,37.773,38.268,215648
13/12/2005,38.025,38.352,37.773,37.773,193736
14/12/2005,37.689,38.1,37.604,38.1,323999
15/12/2005,38.025,38.94,38.025,38.352,170945
16/12/2005,38.352,38.352,37.857,37.94,189518
19/12/2005,37.94,38.1,37.436,37.604,205175
20/12/2005,37.521,37.857,37.353,37.521,299451
21/12/2005,37.521,37.521,37.269,37.436,183563
22/12/2005,37.436,37.521,36.689,36.932,210593
23/12/2005,36.438,36.932,36.438,36.774,194931
27/12/2005,37.101,37.857,37.016,37.857,89428
28/12/2005,37.773,37.773,37.185,37.269,132068
29/12/2005,37.269,37.436,37.016,37.353,183849
30/12/2005,37.353,37.436,36.858,36.858,105879
02/01/2006,36.521,37.604,36.521,37.269,200596
03/01/2006,37.269,38.772,37.185,38.436,421260
04/01/2006,38.856,39.024,38.52,38.94,405717
05/01/2006,39.024,39.109,38.352,38.772,412598
06/01/2006,38.688,39.939,38.604,39.939,647007
09/01/2006,40.275,41.687,40.275,40.352,687301
10/01/2006,40.107,40.192,39.52,39.771,182136
11/01/2006,41.276,41.276,39.688,40.772,368367
12/01/2006,40.772,41.276,40.024,40.857,312757
13/01/2006,40.772,40.772,40.024,40.192,97218
16/01/2006,39.856,41.519,39.856,41.519,123800
17/01/2006,41.519,43.107,41.276,43.023,746903
18/01/2006,40.857,44.937,40.857,44.19,665406
19/01/2006,44.19,46.021,44.19,45.021,469966
20/01/2006,45.609,45.861,44.778,45.19,417260
23/01/2006,44.694,46.021,44.274,45.694,261307
24/01/2006,46.273,47.106,46.105,46.609,557089
25/01/2006,47.19,48.197,47.029,47.357,493126
26/01/2006,47.441,47.861,45.358,45.861,1300778
27/01/2006,45.861,45.861,43.938,44.358,712281
30/01/2006,44.358,45.105,44.358,44.443,187032
31/01/2006,44.609,44.694,41.855,42.108,256630
01/02/2006,42.023,44.609,41.435,43.274,566254
02/02/2006,44.106,44.526,42.938,42.938,337892
03/02/2006,42.938,42.938,41.519,41.687,373499
06/02/2006,41.939,42.602,41.519,41.603,265051
07/02/2006,42.023,42.023,40.939,41.603,214804
08/02/2006,41.276,41.603,40.688,41.603,234563
09/02/2006,42.023,42.602,42.023,42.443,296342
10/02/2006,42.443,42.443,41.855,41.855,224034
13/02/2006,41.519,42.108,41.276,41.519,152191
14/02/2006,41.855,42.443,41.519,41.603,135857
15/02/2006,41.687,42.687,41.023,42.687,464314
16/02/2006,42.602,42.687,42.023,42.108,72653
17/02/2006,42.192,44.854,41.939,44.19,431265
20/02/2006,44.526,45.778,44.526,45.609,457482
21/02/2006,45.861,45.861,45.021,45.861,276043
22/02/2006,45.694,45.694,45.273,45.358,166127
23/02/2006,45.021,45.526,45.021,45.358,155649
24/02/2006,45.694,46.693,45.273,46.693,259014
27/02/2006,46.273,46.525,46.105,46.273,260492
28/02/2006,45.021,45.021,42.359,42.77,630139
01/03/2006,44.358,44.443,42.687,42.855,614545
02/03/2006,42.938,43.694,42.855,42.938,349684
03/03/2006,43.274,43.443,42.108,42.855,104676
06/03/2006,43.023,43.358,42.108,42.192,136916
07/03/2006,42.192,42.192,40.107,41.192,408864
08/03/2006,41.023,41.192,39.437,40.857,529433
09/03/2006,40.772,40.939,39.184,40.857,431086
10/03/2006,40.939,41.023,39.688,40.857,115984
13/03/2006,40.857,41.519,40.107,40.857,119211
14/03/2006,40.857,44.609,40.436,44.609,339067
15/03/2006,42.938,43.443,41.519,43.358,380355
16/03/2006,43.358,43.358,42.687,43.274,227956
17/03/2006,43.358,44.609,43.358,44.443,749569
20/03/2006,43.77,44.443,43.274,43.854,200145
21/03/2006,44.022,44.19,43.358,43.443,167546
22/03/2006,42.938,43.023,42.687,42.687,183104
23/03/2006,42.687,43.191,42.687,42.938,62399
24/03/2006,43.358,43.854,43.191,43.77,128984
27/03/2006,43.77,43.77,43.023,43.023,74832
28/03/2006,43.023,43.358,42.192,42.192,142151
29/03/2006,42.023,42.687,41.276,42.108,217888
30/03/2006,42.443,42.855,42.192,42.528,632308
31/03/2006,42.528,42.602,42.108,42.274,79317
03/04/2006,42.359,42.77,41.687,42.602,103781
04/04/2006,42.443,42.687,42.274,42.443,108464
05/04/2006,42.602,43.107,42.443,43.023,159796
06/04/2006,43.023,43.938,42.938,43.61,354468
07/04/2006,43.694,45.526,43.694,45.441,625349
10/04/2006,45.609,46.021,44.274,45.778,352319
11/04/2006,45.441,46.105,44.694,45.273,177817
12/04/2006,45.021,45.609,45.021,45.441,93263
13/04/2006,45.526,46.861,45.526,46.273,399531
18/04/2006,46.273,48.777,46.273,48.692,436294
19/04/2006,49.196,49.943,47.693,48.197,442946
20/04/2006,48.524,49.943,48.272,49.943,367068
21/04/2006,48.777,49.692,47.609,49.028,327118
24/04/2006,49.196,49.441,48.777,49.441,138320
25/04/2006,49.028,49.028,48.357,48.86,252019
26/04/2006,48.777,49.523,48.272,49.523,207143
27/04/2006,49.196,49.196,46.609,46.861,455857
28/04/2006,46.945,48.03,46.945,47.945,397185
02/05/2006,47.945,47.945,47.19,47.526,160028
04/05/2006,47.609,48.441,47.526,48.272,224789
05/05/2006,48.357,48.86,47.861,48.524,204633
08/05/2006,48.441,48.441,47.357,47.609,126680
09/05/2006,47.609,47.777,46.273,46.861,153725
10/05/2006,46.356,46.525,45.021,45.861,290543
11/05/2006,45.945,47.106,45.861,46.525,168087
12/05/2006,46.189,46.441,45.441,46.356,124683
15/05/2006,45.609,45.609,43.854,44.609,385807
16/05/2006,44.106,45.021,43.107,44.609,159071
17/05/2006,44.694,44.854,43.191,43.61,393663
18/05/2006,42.938,43.77,42.359,43.527,223392
19/05/2006,43.527,43.938,42.274,42.528,244354
22/05/2006,42.023,42.108,38.604,38.688,1002260
23/05/2006,38.688,41.687,37.353,39.184,1020792
24/05/2006,39.52,40.857,37.773,39.184,629609
25/05/2006,39.184,40.772,37.94,40.024,298470
26/05/2006,41.108,42.602,40.603,41.855,356289
29/05/2006,42.528,42.528,41.435,41.687,151485
30/05/2006,41.36,41.36,40.107,41.023,81425
31/05/2006,39.52,41.108,39.52,40.436,294322
01/06/2006,40.52,40.52,39.771,40.024,94355
02/06/2006,40.436,41.36,40.192,40.688,143724
05/06/2006,40.688,41.687,40.603,40.857,119861
06/06/2006,40.352,40.352,39.52,39.856,285209
07/06/2006,40.275,40.275,39.352,39.604,198068
08/06/2006,39.024,39.024,37.94,38.772,254858
09/06/2006,39.184,39.688,38.856,38.856,124084
12/06/2006,38.436,38.52,35.438,35.934,378478
13/06/2006,32.935,35.934,32.935,35.438,486436
14/06/2006,35.102,35.438,33.019,34.682,1062795
16/06/2006,37.101,37.269,34.607,35.438,496475
19/06/2006,35.85,36.438,35.438,36.438,123927
20/06/2006,36.018,37.101,35.523,35.605,235249
21/06/2006,35.934,36.689,34.766,36.438,189036
22/06/2006,36.858,37.016,35.438,35.438,360031
23/06/2006,35.438,35.438,34.607,35.186,90941
26/06/2006,34.85,35.765,34.85,35.186,80844
27/06/2006,35.438,37.185,35.018,36.774,461000
28/06/2006,36.353,38.94,36.269,38.52,336408
29/06/2006,38.94,40.024,38.352,38.772,765597
30/06/2006,39.688,39.939,38.856,39.184,963954
03/07/2006,39.604,39.771,38.772,39.184,342786
04/07/2006,38.772,39.184,38.688,38.94,157494
05/07/2006,38.772,39.184,37.604,38.185,92740
06/07/2006,38.352,40.107,38.352,39.856,281733
07/07/2006,40.024,41.36,39.856,41.192,573818
10/07/2006,40.192,41.939,40.107,41.192,315830
11/07/2006,41.192,41.687,40.857,41.192,95749
12/07/2006,41.276,42.359,41.276,41.603,165578
13/07/2006,41.772,41.772,39.024,39.352,153921
14/07/2006,38.604,40.192,38.185,39.184,180945
17/07/2006,39.604,39.604,38.436,39.024,244802
18/07/2006,39.024,39.856,38.52,39.352,135432
19/07/2006,39.688,40.275,39.024,40.192,120784
20/07/2006,40.52,41.276,40.52,41.023,289948
21/07/2006,40.857,41.36,40.603,40.857,139359
24/07/2006,40.857,41.276,40.436,40.939,98099
25/07/2006,41.276,41.855,40.52,41.435,228308
26/07/2006,41.023,41.603,40.52,41.023,177431
27/07/2006,41.435,42.938,41.36,42.938,289560
28/07/2006,42.528,44.106,42.528,44.106,228077
31/07/2006,44.022,44.937,43.358,44.106,166831
01/08/2006,44.19,44.358,42.108,42.77,99938
02/08/2006,43.358,43.358,42.108,43.107,177486
03/08/2006,43.358,43.358,40.939,41.36,295471
04/08/2006,40.939,41.687,40.603,40.603,403375
07/08/2006,40.603,40.939,38.856,40.688,148779
08/08/2006,41.108,41.603,41.023,41.519,178704
09/08/2006,41.687,45.021,41.519,44.19,621753
10/08/2006,43.694,43.938,42.443,43.274,187945
11/08/2006,44.358,45.021,42.443,42.443,358918
14/08/2006,42.443,42.855,42.359,42.77,126180
16/08/2006,43.023,43.527,42.938,43.358,323279
17/08/2006,42.938,44.106,42.77,43.107,347410
18/08/2006,43.191,43.527,42.855,43.274,106313
21/08/2006,43.77,44.526,43.61,44.19,215095
22/08/2006,43.77,44.937,43.694,44.694,131137
23/08/2006,44.854,45.273,44.609,45.105,371807
24/08/2006,44.778,44.778,43.77,43.77,238577
25/08/2006,44.609,45.609,44.443,44.937,697414
28/08/2006,45.105,46.273,45.021,46.189,518089
29/08/2006,46.189,47.029,46.105,46.693,569606
30/08/2006,46.945,47.19,46.441,46.609,282390
31/08/2006,46.693,46.945,44.937,45.526,303556
01/09/2006,45.441,45.778,44.778,45.021,198530
04/09/2006,44.937,47.029,44.854,46.777,352311
05/09/2006,46.609,46.777,45.526,45.778,234141
06/09/2006,45.609,45.609,43.77,43.98,234217
07/09/2006,43.77,43.77,41.728,41.728,416089
08/09/2006,42.149,42.443,41.728,41.772,313351
11/09/2006,41.687,41.687,40.452,40.688,292141
12/09/2006,40.857,41.108,40.603,40.939,363965
13/09/2006,41.36,41.678,41.108,41.317,176253
14/09/2006,41.687,42.108,41.628,41.687,268425
15/09/2006,41.687,41.687,40.898,41.317,130505
18/09/2006,41.687,41.813,40.99,41.678,200105
19/09/2006,41.687,41.728,41.175,41.577,66532
20/09/2006,40.772,40.857,39.99,40.142,217292
21/09/2006,40.142,40.352,39.024,39.024,178800
22/09/2006,38.604,38.932,37.857,38.772,312027
25/09/2006,39.184,39.192,37.647,38.025,188469
26/09/2006,38.352,39.024,38.352,38.646,163978
27/09/2006,38.772,38.772,37.689,37.815,300527
28/09/2006,37.94,38.772,37.857,38.352,519824
29/09/2006,38.628,38.856,38.428,38.604,254016
02/10/2006,39.201,39.444,38.1,38.268,268453
03/10/2006,38.36,38.646,37.773,37.773,188180
04/10/2006,37.521,37.53,37.101,37.185,432761
05/10/2006,37.807,38.604,37.807,38.134,215095
06/10/2006,38.688,39.176,38.276,38.352,195088
09/10/2006,38.52,39.52,38.52,39.41,213724
10/10/2006,40.116,40.427,39.982,40.184,527334
11/10/2006,40.352,40.352,39.335,39.512,165651
12/10/2006,39.52,39.562,38.504,38.9,501312
13/10/2006,39.268,39.839,39.058,39.839,317002
16/10/2006,39.956,40.099,38.688,38.688,244638
17/10/2006,38.36,39.184,37.949,37.949,391542
18/10/2006,38.218,39.688,38.118,39.101,586062
19/10/2006,39.024,39.478,38.865,39.033,181577
20/10/2006,39.856,39.939,38.688,38.756,457943
23/10/2006,38.772,39.176,37.731,38.1,258427
24/10/2006,38.352,38.865,38.033,38.479,250325
25/10/2006,38.479,38.731,38.025,38.352,166662
26/10/2006,38.973,39.503,38.973,38.973,280457
27/10/2006,38.94,38.973,38.025,38.058,231872
30/10/2006,38.1,38.31,37.731,37.731,172824
31/10/2006,37.949,38.025,37.604,37.613,232027
02/11/2006,37.689,37.999,37.016,37.185,191825
03/11/2006,37.521,37.999,37.512,37.999,71001
06/11/2006,38.336,39.176,37.983,39.176,253046
07/11/2006,39.176,39.176,38.201,38.436,256538
08/11/2006,38.52,38.672,37.731,38.352,105777
09/11/2006,39.184,39.688,39.168,39.184,680076
10/11/2006,39.109,39.168,38.352,38.352,141105
13/11/2006,38.604,38.688,37.923,38.663,119415
14/11/2006,38.688,38.688,37.638,37.79,134690
15/11/2006,37.815,37.815,35.85,35.85,356869
16/11/2006,36.269,37.353,36.269,37.109,185729
17/11/2006,36.858,36.858,35.942,36.018,138262
20/11/2006,36.387,36.774,36.101,36.521,159551
21/11/2006,36.689,37.311,36.689,37.218,60635
22/11/2006,37.395,38.025,37.311,37.94,138802
23/11/2006,38.194,38.209,37.53,37.53,156422
24/11/2006,37.521,37.731,36.949,37.428,87644
27/11/2006,37.595,37.731,36.621,36.621,94118
28/11/2006,36.621,36.932,36.362,36.874,221348
29/11/2006,37.521,38.142,37.521,38.142,187336
30/11/2006,38.352,38.772,38.1,38.31,308124
01/12/2006,38.31,38.797,38.31,38.797,286600
04/12/2006,38.965,39.352,38.856,39.31,308804
05/12/2006,39.52,40.192,39.52,40.151,393586
06/12/2006,40.142,40.645,40.024,40.436,492341
07/12/2006,40.52,41.192,40.452,40.772,218071
08/12/2006,40.603,40.603,40.024,40.436,226425
11/12/2006,40.436,40.729,40.066,40.436,358685
12/12/2006,40.571,40.571,40.066,40.066,447280
13/12/2006,40.092,40.688,40.092,40.603,155903
14/12/2006,40.688,40.857,40.436,40.813,141973
15/12/2006,40.857,41.435,40.066,41.435,601474
18/12/2006,41.023,41.276,40.477,41.023,41866
19/12/2006,40.436,40.857,39.604,39.604,495748
20/12/2006,40.024,40.52,39.99,40.284,226629
21/12/2006,40.024,41.276,40.024,40.603,371832
22/12/2006,40.857,40.857,40.275,40.763,153028
27/12/2006,40.857,41.023,40.78,41.015,104653
28/12/2006,41.075,41.36,41.007,41.276,265817
29/12/2006,40.857,41.317,40.772,41.108,145982
02/01/2007,40.857,41.435,40.857,41.276,163931
03/01/2007,40.864,41.276,40.075,40.275,322537
04/01/2007,39.52,39.52,37.689,38.94,344943
05/01/2007,38.772,38.772,37.101,37.521,374246
08/01/2007,37.109,38.185,37.109,37.949,239760
09/01/2007,38.285,38.479,38.025,38.1,181877
10/01/2007,37.94,38.52,37.773,37.773,265863
11/01/2007,37.94,38.688,37.94,38.352,216487
12/01/2007,38.663,39.604,37.521,37.966,203061
15/01/2007,38.05,38.806,38.05,38.529,365037
16/01/2007,38.276,38.52,38.276,38.479,397394
17/01/2007,38.352,38.36,36.975,37.016,557662
18/01/2007,37.857,38.268,37.436,37.773,176913
19/01/2007,37.521,37.773,36.815,37.101,286337
22/01/2007,37.99,38.336,37.185,37.269,118024
23/01/2007,37.521,38.268,37.521,37.94,135570
24/01/2007,38.604,38.84,38.268,38.352,162911
25/01/2007,38.772,39.352,37.353,38.688,294406
26/01/2007,38.293,38.436,37.958,38.118,122171
29/01/2007,38.352,38.352,37.9,37.94,111911
30/01/2007,37.94,38.336,37.403,37.773,141735
31/01/2007,38.1,38.31,37.564,37.564,177074
01/02/2007,37.94,38.688,37.604,38.563,159470
02/02/2007,38.596,38.672,38.058,38.268,302104
05/02/2007,38.293,38.436,38.142,38.436,58666
06/02/2007,38.479,38.621,38.285,38.352,170988
07/02/2007,38.436,38.47,37.983,38.1,241479
08/02/2007,38.1,38.185,37.118,37.269,232331
09/02/2007,37.277,37.604,37.126,37.277,149976
12/02/2007,37.269,37.277,36.101,36.101,267585
13/02/2007,36.144,36.748,36.025,36.748,131589
14/02/2007,37.227,37.269,36.774,36.833,63245
15/02/2007,36.891,36.975,36.101,36.101,146548
16/02/2007,36.269,36.605,36.101,36.101,78142
19/02/2007,36.471,36.774,36.319,36.689,101835
20/02/2007,36.689,36.689,35.824,35.85,152368
21/02/2007,36.018,36.521,35.85,35.866,102811
22/02/2007,36.353,36.833,36.286,36.689,223333
23/02/2007,36.689,37.689,36.185,37.604,246258
26/02/2007,37.841,37.841,37.436,37.521,92933
27/02/2007,37.211,37.521,36.018,36.689,269269
28/02/2007,35.447,35.447,34.934,34.934,323659
01/03/2007,35.354,35.379,32.355,33.767,724568
02/03/2007,34.187,34.187,32.607,33.464,255432
05/03/2007,33.229,33.581,32.347,32.414,302798
06/03/2007,33.271,33.271,32.515,32.599,439576
07/03/2007,33.144,33.515,32.103,32.103,414249
08/03/2007,32.893,33.85,32.557,33.354,351771
09/03/2007,33.38,33.767,32.976,33.312,324606
12/03/2007,33.682,34.439,33.639,33.943,342687
13/03/2007,34.187,34.648,33.354,33.354,225962
14/03/2007,32.893,33.926,32.599,33.926,240957
15/03/2007,33.876,33.893,33.212,33.758,178949
16/03/2007,33.707,33.85,33.144,33.438,234612
19/03/2007,33.506,33.893,33.187,33.354,196915
20/03/2007,33.472,33.472,33.001,33.354,159664
21/03/2007,33.447,34.103,33.354,33.682,238691
22/03/2007,34.144,34.303,33.808,33.917,348225
23/03/2007,34.103,34.271,34.018,34.094,504279
26/03/2007,34.396,34.413,33.767,33.935,592421
27/03/2007,34.018,35.102,34.018,34.934,753550
28/03/2007,35.186,36.101,35.102,35.841,667612
29/03/2007,35.892,36.261,35.438,35.85,660949
30/03/2007,36.033,36.403,35.765,35.808,678011
02/04/2007,35.756,36.438,35.564,36.438,566722
03/04/2007,36.353,36.883,36.353,36.782,546627
04/04/2007,37.101,37.101,36.438,36.521,395236
05/04/2007,36.438,36.521,35.975,36.185,119431
10/04/2007,36.185,36.337,35.732,35.975,159339
11/04/2007,35.983,36.655,35.605,36.345,147247
12/04/2007,36.101,36.596,35.647,35.85,96738
13/04/2007,36.211,37.79,36.211,37.521,567458
16/04/2007,37.983,38.495,37.983,38.487,249706
17/04/2007,38.436,38.436,37.285,37.949,327342
18/04/2007,38.336,39.437,38.336,39.024,577141
19/04/2007,38.436,38.856,38.058,38.604,656650
20/04/2007,38.41,38.907,38.41,38.856,355151
23/04/2007,38.47,38.646,37.891,38.302,242057
24/04/2007,37.94,38.344,37.773,38.118,331157
25/04/2007,37.773,37.931,37.353,37.521,247983
26/04/2007,37.773,37.94,37.26,37.26,255761
27/04/2007,37.101,37.185,35.69,35.85,298943
30/04/2007,35.934,36.957,35.934,36.957,60625
02/05/2007,37.311,37.311,36.521,36.621,113015
04/05/2007,36.689,38.688,36.689,38.688,299754
07/05/2007,38.293,38.797,37.857,38.772,264868
08/05/2007,38.772,39.41,38.436,38.731,696912
09/05/2007,38.688,38.705,37.546,37.94,137619
10/05/2007,37.94,38.352,37.764,37.983,591438
11/05/2007,37.521,38.705,36.866,38.479,158055
14/05/2007,38.52,38.681,37.94,38.336,74924
15/05/2007,37.436,38.31,37.101,38.31,446459
16/05/2007,38.025,39.596,37.94,39.596,281085
17/05/2007,39.562,39.562,38.781,39.109,283660
18/05/2007,39.184,40.235,39.184,40.024,206401
21/05/2007,40.024,40.857,39.865,40.813,244567
22/05/2007,40.562,40.857,40.209,40.209,120839
23/05/2007,40.763,41.276,40.436,40.688,261540
24/05/2007,40.444,40.477,40.066,40.192,173934
25/05/2007,40.192,40.52,39.604,39.604,102431
28/05/2007,39.604,40.259,39.604,39.982,60190
29/05/2007,40.275,40.275,39.604,39.62,86196
30/05/2007,39.604,40.007,39.21,39.437,37763
31/05/2007,39.604,40.939,39.604,40.436,175279
01/06/2007,40.729,40.956,40.645,40.956,161111
04/06/2007,41.276,41.317,40.107,40.107,250236
05/06/2007,40.857,41.519,40.385,40.857,252303
06/06/2007,40.738,40.99,39.688,40.317,95339
08/06/2007,40.309,40.738,39.898,40.738,227098
11/06/2007,40.738,41.158,40.411,40.864,50788
12/06/2007,41.158,41.241,40.317,40.317,98508
13/06/2007,40.151,41.158,40.151,40.486,40673
14/06/2007,40.831,41.577,40.831,41.569,159064
15/06/2007,41.577,41.905,41.241,41.662,285053
18/06/2007,41.847,42.208,41.704,41.998,163619
19/06/2007,42.04,42.04,41.158,41.158,76213
20/06/2007,41.831,41.831,40.864,40.864,85003
21/06/2007,40.738,41.495,40.343,40.343,77429
22/06/2007,40.754,41.158,40.402,40.654,66826
25/06/2007,40.738,41.905,40.738,41.577,231601
26/06/2007,41.577,42.25,41.241,42.124,437530
27/06/2007,41.998,42.502,41.746,42.124,378329
28/06/2007,42.334,42.67,42.124,42.502,185243
29/06/2007,42.67,42.838,41.872,42.838,158615
02/07/2007,42.418,43.594,42.334,43.594,132823
03/07/2007,43.678,45.105,43.594,44.937,294677
04/07/2007,44.685,45.526,44.685,45.4,468117
05/07/2007,45.19,45.861,44.518,45.4,219313
06/07/2007,45.358,47.248,45.358,47.038,657625
09/07/2007,47.038,48.885,47.038,48.591,605912
10/07/2007,48.045,48.13,46.198,47.709,377540
11/07/2007,47.332,48.003,47.038,47.458,108431
12/07/2007,47.458,47.835,46.618,47.835,367800
13/07/2007,47.877,48.844,47.877,48.844,328493
16/07/2007,48.759,50.229,47.625,48.298,303261
17/07/2007,47.877,49.39,46.365,48.633,383576
18/07/2007,48.633,48.633,46.869,47.038,595300
19/07/2007,47.038,47.583,46.618,46.618,463465
20/07/2007,47.038,47.038,45.273,45.358,478766
23/07/2007,45.651,45.778,44.181,44.644,220737
24/07/2007,44.854,45.316,44.518,44.518,230124
25/07/2007,44.056,44.098,43.426,43.846,382551
26/07/2007,43.678,44.685,42.88,43.678,285920
27/07/2007,42.67,43.594,41.998,43.594,165212
30/07/2007,43.51,44.601,43.342,44.098,98398
31/07/2007,44.434,45.021,44.265,44.265,96878
01/08/2007,43.929,44.518,43.426,43.929,147544
02/08/2007,44.056,44.937,44.056,44.937,140685
03/08/2007,45.105,45.19,43.468,43.468,131923
06/08/2007,42.838,43.929,42.04,43.51,74103
07/08/2007,43.846,44.601,43.761,43.971,62691
08/08/2007,43.846,44.518,43.216,43.594,57332
09/08/2007,43.594,43.678,42.04,42.922,58247
10/08/2007,42.166,42.838,40.317,40.317,135905
13/08/2007,40.317,40.62,39.562,39.562,102177
14/08/2007,39.771,39.814,38.848,39.226,105110
16/08/2007,38.546,38.546,36.118,36.118,215125
17/08/2007,35.698,37.336,34.942,36.621,203507
20/08/2007,37.386,38.092,35.195,35.195,168395
21/08/2007,35.363,36.706,35.035,36.118,138084
22/08/2007,36.547,38.377,36.286,38.336,229581
23/08/2007,38.513,39.058,38.31,38.47,242152
24/08/2007,38.344,39.478,38.218,39.478,139747
27/08/2007,39.898,40.317,38.142,38.344,132017
28/08/2007,38.637,38.722,37.093,37.093,66048
29/08/2007,36.883,37.706,36.556,36.949,158771
30/08/2007,37.923,38.134,35.949,35.949,179326
31/08/2007,36.412,37.144,36.412,36.706,114684
03/09/2007,37.126,37.377,36.79,36.957,157047
04/09/2007,37,37.63,36.79,37.293,151354
05/09/2007,37.713,37.94,37.051,37.211,104736
06/09/2007,37.589,37.798,36.79,36.79,125771
07/09/2007,36.957,37.63,36.79,36.79,165056
10/09/2007,36.706,36.715,35.656,35.715,93900
11/09/2007,36.118,36.286,34.859,35.11,198542
12/09/2007,35.286,35.934,35.278,35.934,279114
13/09/2007,36.253,38.092,36.253,38.092,319071
14/09/2007,38.218,38.806,37.546,38.637,287467
17/09/2007,38.218,38.302,37.841,37.94,86064
18/09/2007,37.966,38.637,37.966,38.554,91781
19/09/2007,39.814,40.024,39.066,39.898,310322
20/09/2007,39.898,40.906,39.478,40.906,224148
21/09/2007,40.906,41.049,39.898,40.317,346332
24/09/2007,40.654,40.99,39.898,39.982,74713
25/09/2007,39.982,39.982,38.646,39.478,108539
26/09/2007,39.73,40.317,38.218,39.041,205749
27/09/2007,39.419,39.637,38.285,38.285,44457
28/09/2007,38.628,38.722,37.377,37.713,101903
01/10/2007,37.798,38.218,36.874,37.462,235074
02/10/2007,37.966,38.999,37.966,38.513,475750
03/10/2007,38.9,40.637,38.9,40.402,708917
04/10/2007,40.654,42.291,40.486,41.973,450713
05/10/2007,41.998,42.208,41.452,41.998,220257
08/10/2007,42.04,42.082,40.898,41.158,100950
09/10/2007,40.906,40.906,39.503,40.654,370650
10/10/2007,41.175,41.495,40.159,40.343,378132
11/10/2007,40.738,40.738,40.175,40.477,278545
12/10/2007,40.469,40.469,39.939,40.309,116800
15/10/2007,40.738,40.738,40.066,40.083,334717
16/10/2007,39.679,39.721,39.393,39.469,93958
17/10/2007,39.646,39.814,39.352,39.646,224548
18/10/2007,40.151,40.192,39.184,39.562,227930
19/10/2007,39.637,39.637,39.184,39.478,212214
22/10/2007,39.437,39.437,38.596,38.722,226717
23/10/2007,38.891,39.478,38.891,39.478,102097
24/10/2007,39.52,39.52,38.731,38.973,203737
25/10/2007,39.058,39.386,38.739,38.739,157272
26/10/2007,38.764,39.016,38.722,38.739,151445
29/10/2007,39.133,39.487,39.101,39.478,349881
30/10/2007,39.604,39.604,38.806,39.293,63522
31/10/2007,39.284,39.437,38.688,39.437,77995
02/11/2007,38.764,38.856,38.218,38.344,110006
05/11/2007,38.134,38.344,37.377,37.377,136926
06/11/2007,37.546,38.042,37.546,37.798,213677
07/11/2007,38.05,38.344,36.556,36.639,243882
08/11/2007,36.118,37.63,35.53,36.286,149528
09/11/2007,36.538,36.941,35.027,35.363,154579
12/11/2007,35.237,36.018,35.027,35.278,93763
13/11/2007,35.824,37.63,35.824,37.546,277285
14/11/2007,37.781,38.118,36.957,36.957,250026
15/11/2007,37.361,37.504,35.949,36.244,217917
16/11/2007,35.949,36.874,35.706,36.706,155590
19/11/2007,36.957,37.377,36.118,36.723,134725
20/11/2007,36.698,37.353,36.127,37.353,69308
21/11/2007,36.957,37.757,36.453,37.757,137067
22/11/2007,37.798,37.798,36.068,37.126,136993
23/11/2007,37.285,37.495,36.79,37.421,137895
26/11/2007,37.546,37.713,36.202,36.202,153991
27/11/2007,35.866,36.471,35.665,36.37,68516
28/11/2007,36.453,37.168,35.656,36.538,77767
29/11/2007,37.126,37.613,36.957,37.293,206302
30/11/2007,37.462,39.478,37.462,39.478,690918
03/12/2007,39.393,39.393,38.084,38.218,129232
04/12/2007,38.26,38.26,37.571,38.218,65620
05/12/2007,38.47,39.478,38.386,39.453,87126
06/12/2007,39.478,40.872,38.395,39.226,277737
07/12/2007,39.31,39.889,38.637,39.889,125997
10/12/2007,39.874,40.317,39.142,40.218,206384
11/12/2007,40.159,40.25,39.478,40.218,70267
12/12/2007,38.722,39.982,38.722,39.932,415243
13/12/2007,39.478,39.478,38.655,39.033,83070
14/12/2007,38.923,39.016,37.008,37.421,224190
17/12/2007,36.957,37.285,36.033,36.033,119109
18/12/2007,36.538,37.293,35.278,37.293,197223
19/12/2007,37.327,37.327,35.698,37.008,175535
20/12/2007,37.126,37.622,36.22,37.546,175501
21/12/2007,37.713,37.798,36.37,37.311,424359
27/12/2007,37.377,38.151,37.377,38.151,47256
28/12/2007,37.798,38.126,37.377,37.377,57935
02/01/2008,37.713,38.218,37.462,37.462,60253
03/01/2008,37.084,37.471,36.774,36.975,52944
04/01/2008,37.336,37.353,36.957,36.957,178419
07/01/2008,36.63,36.957,36.512,36.621,62087
08/01/2008,36.983,37.042,36.664,37.042,157921
09/01/2008,36.957,37.211,36.37,36.79,267394
10/01/2008,36.748,37.966,36.73,37.042,208592
11/01/2008,37.244,37.244,36.118,36.757,93594
14/01/2008,36.16,36.706,36.118,36.37,173428
15/01/2008,36.202,36.286,35.404,35.404,292748
16/01/2008,33.599,35.152,32.758,33.515,414249
17/01/2008,33.616,34.942,32.758,32.884,403583
18/01/2008,32.927,33.639,32.002,32.943,339256
21/01/2008,32.852,32.852,31.078,31.078,335212
22/01/2008,28.979,32.018,28.979,31.414,383759
23/01/2008,32.213,32.338,30.575,30.826,1924735
24/01/2008,31.902,32.919,31.583,32.506,280087
25/01/2008,32.927,32.927,31.919,32.591,111928
28/01/2008,31.464,32.506,31.464,31.499,92620
29/01/2008,32.338,33.565,31.843,32.825,253629
30/01/2008,33.179,33.179,32.018,32.018,153052
31/01/2008,32.329,32.8,31.75,32.329,150826
01/02/2008,32.775,32.993,31.959,32.591,292572
04/02/2008,32.919,33.699,32.289,32.414,155038
05/02/2008,32.347,33.531,31.499,32.052,994314
06/02/2008,31.33,32.313,31.087,31.936,188415
07/02/2008,32.255,32.255,30.617,31.078,390054
08/02/2008,31.313,31.414,29.827,30.306,303931
11/02/2008,30.691,30.977,30.239,30.33,226791
12/02/2008,30.994,31.389,30.365,31.07,386322
13/02/2008,31.154,31.75,30.968,30.968,200426
14/02/2008,31.583,31.583,30.667,31.078,329365
15/02/2008,31.07,31.163,30.322,30.365,92672
18/02/2008,30.649,31.397,30.649,31.187,490095
19/02/2008,31.464,31.473,30.625,30.641,304191
20/02/2008,30.592,31.07,30.339,30.994,317274
21/02/2008,31.297,31.809,31.078,31.75,359802
22/02/2008,31.414,32.49,31.103,31.801,234085
25/02/2008,32.17,32.834,32.17,32.591,220217
26/02/2008,32.843,33.263,31.666,31.919,135725
27/02/2008,32.238,32.238,31.103,31.346,215112
28/02/2008,31.499,31.641,29.895,29.895,558338
29/02/2008,30.104,30.104,28.432,28.533,496370
03/03/2008,28.138,28.525,27.719,28.525,187803
04/03/2008,28.559,28.642,27.458,27.509,181787
05/03/2008,27.795,28.113,27.349,28.113,208149
06/03/2008,28.105,28.105,27.382,27.382,149438
07/03/2008,27.215,27.273,26.88,26.912,122892
10/03/2008,26.88,27.609,26.88,27.458,172794
11/03/2008,27.509,28.306,27.467,28.206,260489
12/03/2008,28.474,28.626,28.206,28.483,234054
13/03/2008,28.021,28.021,27.551,27.802,119079
14/03/2008,27.719,28.206,27.282,27.357,216202
17/03/2008,27.215,27.215,26.064,26.466,132721
18/03/2008,26.501,27.795,26.501,27.644,216754
19/03/2008,28.004,28.659,27.467,28.138,300080
20/03/2008,27.81,28.659,27.568,27.568,354286
25/03/2008,28.726,29.314,28.65,29.314,287146
26/03/2008,29.23,29.601,29.061,29.314,146056
27/03/2008,29.609,29.734,29.146,29.499,171038
28/03/2008,29.491,29.499,28.912,29.061,98094
31/03/2008,29.079,29.398,28.642,29.398,155861
01/04/2008,29.114,29.819,29.114,29.734,211655
02/04/2008,30.07,30.204,29.525,29.566,185139
03/04/2008,29.566,29.985,29.155,29.398,152853
04/04/2008,29.289,29.978,29.256,29.819,132555
07/04/2008,29.985,30.23,29.819,29.895,101724
08/04/2008,29.819,29.819,29.223,29.239,234539
09/04/2008,29.382,29.734,29.23,29.734,88889
10/04/2008,29.717,29.734,29.239,29.398,64719
11/04/2008,29.398,29.65,28.222,28.222,301409
14/04/2008,28.147,28.222,27.777,27.904,148082
15/04/2008,27.904,28.138,27.425,28.054,104896
16/04/2008,28.072,28.072,27.551,28.054,116690
17/04/2008,28.306,28.382,27.81,28.054,127951
18/04/2008,28.265,28.979,28.054,28.559,172145
21/04/2008,28.642,28.81,27.895,28.147,55000
22/04/2008,28.222,28.222,26.88,27.517,130904
23/04/2008,27.635,27.635,26.585,26.627,224194
24/04/2008,26.711,26.98,26.174,26.357,201597
25/04/2008,26.668,27.122,26.668,26.895,207493
28/04/2008,27.3,27.592,27.215,27.3,191331
29/04/2008,27.021,27.441,26.886,27.441,91428
30/04/2008,27.433,27.945,26.904,27.945,131590
05/05/2008,28.265,28.39,27.987,28.222,153191
06/05/2008,28.559,28.642,28.399,28.516,206728
07/05/2008,28.559,29.273,28.559,28.979,489989
08/05/2008,28.937,28.937,28.315,28.315,172738
09/05/2008,28.39,28.39,27.635,27.635,227076
12/05/2008,27.971,28.265,27.971,28.138,125197
13/05/2008,28.147,28.306,28.054,28.222,342675
14/05/2008,28.474,29.189,28.449,29.07,389667
15/05/2008,29.223,29.223,28.138,28.138,350016
16/05/2008,28.432,28.726,28.222,28.39,85481
19/05/2008,28.559,28.635,28.138,28.323,75441
20/05/2008,28.416,28.979,27.929,27.929,155376
21/05/2008,28.181,28.197,27.719,28.054,210169
23/05/2008,27.971,28.138,27.777,28.037,86325
26/05/2008,28.138,28.298,27.878,27.878,101486
27/05/2008,27.971,28.096,27.467,27.878,151659
28/05/2008,27.971,28.39,27.551,27.719,698601
29/05/2008,28.122,28.122,26.895,27.054,181682
30/05/2008,27.399,28.131,27.34,28.131,711406
02/06/2008,28.087,28.087,27.551,27.719,36681
03/06/2008,27.719,27.987,27.635,27.987,76913
04/06/2008,27.971,28.037,27.635,27.795,147215
05/06/2008,27.886,27.886,27.592,27.676,60825
06/06/2008,27.81,28.138,27.215,27.5,85207
09/06/2008,27.215,27.3,26.594,26.618,130693
10/06/2008,26.459,26.534,25.224,25.669,433776
11/06/2008,25.433,25.644,25.207,25.308,242957
12/06/2008,25.291,26.442,25.291,26.442,251798
13/06/2008,26.207,26.777,26.046,26.475,110619
16/06/2008,26.845,26.845,25.702,25.912,190445
17/06/2008,26.123,26.207,25.283,25.283,213803
18/06/2008,25.283,25.366,24.039,24.309,339827
19/06/2008,24.064,24.527,23.686,23.729,256259
20/06/2008,23.93,24.064,23.393,23.518,423014
23/06/2008,23.518,23.855,22.511,22.511,244640
24/06/2008,22.679,22.679,20.94,21.167,623963
25/06/2008,21.328,21.629,20.958,20.999,484775
26/06/2008,21.082,22.032,20.923,21.68,723687
27/06/2008,21.57,21.838,21.124,21.838,487612
30/06/2008,22.174,22.334,21.596,22.259,430180
01/07/2008,22.326,22.326,21.729,22.174,475596
02/07/2008,22.007,22.209,22.007,22.158,199217
03/07/2008,21.838,22.25,21.68,21.965,325863
04/07/2008,22.091,22.174,21.754,21.965,128021
07/07/2008,22.091,22.1,21.754,22.1,367570
08/07/2008,21.838,23.309,21.72,23.098,245142
09/07/2008,23.426,23.939,23.309,23.813,432768
10/07/2008,23.443,23.762,22.872,23.183,191570
11/07/2008,23.351,23.351,22.267,22.663,236237
14/07/2008,22.847,23.183,22.352,23.023,110001
15/07/2008,22.856,23.074,22.485,23.074,224966
16/07/2008,22.847,23.804,22.847,23.426,238760
17/07/2008,23.846,23.846,23.098,23.712,227077
18/07/2008,23.594,23.703,23.208,23.686,188223
21/07/2008,23.51,24.485,23.435,24.317,191409
22/07/2008,24.166,24.527,24.022,24.527,73255
23/07/2008,24.527,24.653,24.208,24.561,113780
24/07/2008,24.561,24.561,23.443,23.518,276026
25/07/2008,23.351,23.628,22.897,23.435,220483
28/07/2008,23.645,23.645,23.183,23.518,192486
29/07/2008,23.183,23.351,23.016,23.107,132108
30/07/2008,23.535,23.923,23.267,23.603,347179
31/07/2008,23.839,23.93,23.435,23.569,232091
01/08/2008,23.518,23.93,23.51,23.846,240597
04/08/2008,23.603,23.846,23.393,23.729,245156
05/08/2008,23.494,24.022,23.426,24.022,420888
06/08/2008,24.276,24.276,23.562,23.562,76596
07/08/2008,23.686,23.754,23.016,23.016,134543
08/08/2008,22.999,23.158,22.94,23.031,120797
11/08/2008,23.183,23.183,22.679,22.931,55933
12/08/2008,22.762,23.855,22.511,23.855,147184
13/08/2008,24.232,24.267,23.351,23.351,229854
14/08/2008,23.586,23.939,23.226,23.367,104976
18/08/2008,23.435,23.503,22.906,23.016,72777
19/08/2008,22.973,22.973,22.174,22.343,107519
20/08/2008,22.494,22.612,21.754,22.612,149349
21/08/2008,22.511,22.679,22.174,22.679,81610
22/08/2008,22.638,23.267,22.638,23.149,124126
25/08/2008,23.158,23.343,22.847,23.258,38170
26/08/2008,22.999,22.999,22.603,22.679,54217
27/08/2008,22.679,22.806,21.889,22.056,71534
28/08/2008,22.056,22.679,21.856,22.679,134652
29/08/2008,22.762,22.906,22.418,22.906,185691
01/09/2008,22.847,22.906,22.452,22.528,44490
02/09/2008,22.679,22.889,22.352,22.812,116498
03/09/2008,22.679,22.965,22.427,22.663,60322
04/09/2008,22.889,23.426,22.864,23.217,96504
05/09/2008,22.948,22.948,22.259,22.645,153606
08/09/2008,22.922,23.686,22.52,23.343,142137
09/09/2008,23.267,23.351,22.78,22.78,62151
10/09/2008,22.721,22.721,21.856,22.494,107114
11/09/2008,22.502,22.502,21.856,22.494,88685
12/09/2008,22.302,22.587,22.259,22.385,62242
15/09/2008,22.016,22.048,21.167,21.385,128177
16/09/2008,21.057,21.167,20.907,20.999,142474
17/09/2008,21.251,21.319,20.839,21.133,244559
18/09/2008,20.78,21.57,20.704,21.418,210990
19/09/2008,21.646,21.838,21.082,21.469,329442
22/09/2008,21.838,21.915,21.024,21.024,198418
23/09/2008,20.991,21.218,20.713,21.008,120837
24/09/2008,21.133,21.873,21.133,21.873,139327
25/09/2008,21.923,22.234,21.763,22.234,143072
26/09/2008,22.115,22.427,21.923,22.427,364810
29/09/2008,22.469,22.511,21.847,22.04,165462
30/09/2008,21.502,22.579,21.335,22.579,180528
01/10/2008,22.485,22.922,22.083,22.452,163364
02/10/2008,22.663,22.663,21.502,21.502,102747
03/10/2008,21.502,21.587,20.789,21.2,488542
06/10/2008,20.823,20.823,20.158,20.158,130376
07/10/2008,20.209,20.512,19.739,19.739,224735
08/10/2008,18.747,20.663,18.564,20.158,392943
09/10/2008,20.562,20.746,19.781,19.781,159316
10/10/2008,19.092,19.739,17.228,17.975,613095
13/10/2008,18.815,19.05,18.018,18.067,294613
14/10/2008,19.226,19.698,18.395,18.395,273254
15/10/2008,18.564,18.68,18.059,18.219,336224
16/10/2008,17.731,18.891,17.572,17.723,502280
17/10/2008,18.512,18.512,16.883,17.304,501627
20/10/2008,17.74,18.05,17.152,17.647,247117
21/10/2008,18.261,18.656,17.723,18.479,242108
22/10/2008,17.975,18.134,16.64,16.64,416824
23/10/2008,16.48,16.968,15.539,15.875,506951
24/10/2008,15.624,16.371,15.287,16.371,373750
27/10/2008,15.657,16.79,15.657,16.177,269284
28/10/2008,16.698,16.883,15.497,15.791,720829
29/10/2008,16.799,16.799,16.312,16.581,721082
30/10/2008,17.21,17.21,16.295,16.631,542607
31/10/2008,16.504,16.572,16.06,16.38,573595
03/11/2008,16.622,16.968,16.295,16.389,497413
04/11/2008,16.548,16.589,16.135,16.539,562201
05/11/2008,16.589,16.589,15.791,15.791,438462
06/11/2008,15.716,15.716,15.052,15.119,741096
07/11/2008,15.119,15.464,14.54,15.093,547030
10/11/2008,15.429,15.556,14.657,14.708,482705
12/11/2008,14.531,14.7,13.868,14.7,465340
13/11/2008,13.607,14.07,13.221,13.431,723098
14/11/2008,13.859,13.859,12.692,12.977,870181
17/11/2008,12.894,12.894,12.365,12.373,321638
18/11/2008,12.347,12.347,11.592,11.592,447593
19/11/2008,11.76,11.927,11.172,11.608,294075
20/11/2008,11.046,11.382,11.02,11.188,291216
21/11/2008,11.348,11.702,11.256,11.456,283046
24/11/2008,11.44,11.465,9.2726,10.768,3118659
25/11/2008,11.079,11.088,10.214,10.248,1318698
26/11/2008,10.332,10.81,10.081,10.567,1376793
27/11/2008,10.928,11.382,10.71,10.727,1337387
28/11/2008,10.792,10.792,10.163,10.373,603636
01/12/2008,10.399,10.399,9.702,9.827,672666
02/12/2008,9.3576,10.081,9.2475,10.081,554862
03/12/2008,10.104,10.44,9.953,9.953,580903
04/12/2008,10.23,10.668,10.197,10.626,562743
05/12/2008,10.626,11.07,10.5,11.07,593525
08/12/2008,11.424,11.592,11.113,11.247,611855
09/12/2008,11.34,11.34,10.727,10.836,504935
10/12/2008,10.836,10.836,10.29,10.659,492097
11/12/2008,10.491,10.55,10.29,10.44,240138
12/12/2008,10.163,10.281,10.087,10.139,190533
15/12/2008,10.298,10.541,10.239,10.382,385546
16/12/2008,10.457,10.541,10.29,10.332,207700
17/12/2008,10.399,10.457,10.163,10.163,247347
18/12/2008,10.281,10.29,9.794,9.928,228936
19/12/2008,9.827,10.121,9.667,10.096,390445
22/12/2008,10.096,10.298,10.096,10.121,186784
23/12/2008,10.121,10.13,9.996,9.996,137085
29/12/2008,10.155,10.163,10.055,10.063,163823
30/12/2008,10.081,10.197,10.063,10.081,479356
31/12/2008,10.087,10.121,10.037,10.037,117925
05/01/2009,10.399,10.449,10.146,10.449,237993
06/01/2009,10.457,10.97,10.416,10.701,422766
07/01/2009,10.785,10.785,10.29,10.29,275265
08/01/2009,10.23,10.482,10.18,10.424,133576
09/01/2009,10.433,10.457,10.13,10.205,156399
12/01/2009,10.205,10.248,10.113,10.13,181040
13/01/2009,10.121,10.121,9.869,10.046,163666
14/01/2009,10.121,10.205,9.827,9.827,280134
15/01/2009,9.827,9.827,9.4329,9.651,260583
16/01/2009,9.752,9.903,9.541,9.727,181521
19/01/2009,9.744,9.81,9.3074,9.3151,229128
20/01/2009,9.4078,9.4908,9.2562,9.4406,139752
21/01/2009,9.2813,9.3151,8.576,8.8364,748377
22/01/2009,8.9371,8.9371,8.1643,8.324,615879
23/01/2009,8.2736,8.2736,7.7276,7.8788,331606
26/01/2009,7.8957,8.0804,7.8032,8.0637,418013
27/01/2009,8.1392,8.2736,7.8284,7.8284,229022
28/01/2009,7.9459,7.9712,7.4001,7.4001,413251
29/01/2009,7.4674,7.4674,6.8708,6.8708,567406
30/01/2009,6.7197,6.7701,6.5349,6.5517,703071
02/02/2009,6.4677,6.4677,6.056,6.0897,696043
03/02/2009,6.1233,6.3418,6.0897,6.0897,704228
04/02/2009,6.2409,7.3076,6.1653,7.2236,978090
05/02/2009,7.3412,8.1056,6.9381,7.6855,1598664
06/02/2009,8.0552,8.3912,7.8032,7.9544,1263357
09/02/2009,8.0637,8.2736,7.5679,8.1476,652430
10/02/2009,7.988,8.6095,7.988,8.5171,645106
11/02/2009,8.2316,8.5424,8.1643,8.324,568165
12/02/2009,8.408,8.4331,8.0719,8.2821,613245
13/02/2009,8.4331,8.5256,8.3659,8.5256,374681
16/02/2009,8.408,8.6516,8.3576,8.4415,339144
17/02/2009,8.3827,8.3995,8.0217,8.2821,644044
18/02/2009,8.0804,8.6095,7.8703,8.324,500539
19/02/2009,8.4836,8.7607,8.4163,8.7524,370312
20/02/2009,8.5256,8.6516,8.2316,8.6516,225833
23/02/2009,8.954,8.9877,8.5844,8.6095,231934
24/02/2009,8.5592,8.7271,8.3491,8.6431,153797
25/02/2009,8.8364,9.147,8.7355,9.0717,375728
26/02/2009,8.9877,9.533,8.9371,9.4165,574265
27/02/2009,9.4078,9.576,8.9877,9.013,545220
02/03/2009,8.9034,9.2726,8.7776,8.954,323046
03/03/2009,8.9792,9.1555,8.8615,9.0717,309561
04/03/2009,9.1555,9.4995,9.0298,9.4908,712836
05/03/2009,9.651,9.651,9.3489,9.508,398092
06/03/2009,9.3238,9.643,9.2813,9.609,375376
09/03/2009,9.66,9.66,9.3238,9.4908,208323
10/03/2009,9.4908,9.827,9.375,9.635,220040
11/03/2009,9.937,10.155,9.76,10.072,466575
12/03/2009,9.912,10.5,9.853,10.416,617469
13/03/2009,10.911,10.911,10.416,10.457,582936
16/03/2009,10.735,10.735,10.29,10.298,418658
17/03/2009,10.298,10.416,9.996,10.189,362881
18/03/2009,10.248,10.332,9.727,9.818,404968
19/03/2009,9.81,10.189,9.635,10.096,408489
20/03/2009,10.163,10.248,10.013,10.081,459676
23/03/2009,10.306,10.541,10.306,10.507,811722
24/03/2009,10.836,10.868,10.197,10.248,888136
25/03/2009,10.491,11.76,10.264,11.76,1916579
26/03/2009,11.97,14.489,11.97,13.439,2914322
27/03/2009,13.96,14.11,12.775,13.355,1594512
30/03/2009,12.692,13.65,12.557,13.254,943025
31/03/2009,13.573,13.986,13.523,13.892,947178
01/04/2009,14.02,14.02,13.364,13.775,514945
02/04/2009,14.027,14.355,13.859,14.128,1260382
03/04/2009,13.859,14.304,13.817,13.951,1146418
06/04/2009,13.951,14.279,13.573,13.775,697690
07/04/2009,13.691,13.775,13.154,13.355,1096103
08/04/2009,12.935,14.027,12.894,14.027,1200612
09/04/2009,14.11,14.7,13.741,14.7,1166234
14/04/2009,14.7,15.219,14.288,14.598,980885
15/04/2009,14.615,14.665,14.347,14.665,579830
16/04/2009,14.665,14.7,14.271,14.313,705320
17/04/2009,14.446,14.446,13.741,13.775,690559
20/04/2009,13.691,13.734,13.28,13.355,321987
21/04/2009,13.103,13.523,12.953,13.212,316951
22/04/2009,13.373,13.607,13.145,13.23,283716
23/04/2009,13.314,13.734,13.23,13.49,207408
24/04/2009,13.557,13.817,13.523,13.792,409641
27/04/2009,13.775,13.775,13.439,13.548,277070
28/04/2009,13.49,13.49,13.154,13.314,362234
29/04/2009,13.33,14.036,13.33,13.859,452079
30/04/2009,14.11,14.204,13.986,14.195,499801
04/05/2009,14.322,14.598,14.195,14.446,742603
05/05/2009,14.279,14.446,14.086,14.169,543546
06/05/2009,14.07,14.263,13.783,13.859,624974
07/05/2009,14.11,14.397,14.027,14.027,1350123
08/05/2009,14.237,14.245,13.909,14.11,512581
11/05/2009,14.169,14.195,13.859,14.195,249244
12/05/2009,14.279,15.01,14.195,14.783,852819
13/05/2009,15.093,15.093,14.237,14.279,422701
14/05/2009,13.851,13.901,13.531,13.758,839256
15/05/2009,13.734,13.825,13.607,13.691,268676
18/05/2009,13.591,14.145,13.591,14.145,208847
19/05/2009,14.279,14.472,14.154,14.279,621286
20/05/2009,14.288,14.7,14.279,14.279,648736
21/05/2009,14.279,14.446,13.944,13.951,211564
22/05/2009,13.951,14.322,13.951,14.187,216179
25/05/2009,14.364,14.438,14.254,14.438,238029
26/05/2009,14.322,14.7,14.304,14.65,233038
27/05/2009,14.783,15.338,14.783,15.33,881123
28/05/2009,15.362,16.363,15.287,15.791,728858
29/05/2009,16.084,16.522,15.791,15.875,1931264
01/06/2009,16.42,17.051,16.211,17.051,684925
02/06/2009,17.135,18.303,17.093,17.891,887815
03/06/2009,18.228,18.639,17.479,17.563,692321
04/06/2009,17.681,18.143,17.513,17.891,569531
05/06/2009,18.395,18.479,18.059,18.151,853520
08/06/2009,18.228,18.228,17.471,17.581,385295
09/06/2009,17.64,18.689,17.64,18.689,724457
10/06/2009,18.975,20.074,18.975,20.074,926386
12/06/2009,20.327,20.469,19.781,20.368,539469
15/06/2009,20.025,20.512,19.823,19.907,610933
16/06/2009,19.32,20.074,18.648,19.488,937908
17/06/2009,19.488,19.488,17.975,18.656,999455
18/06/2009,18.664,18.941,17.479,18.428,965893
19/06/2009,18.411,19.025,18.059,18.899,593645
22/06/2009,18.891,18.891,17.009,17.009,409029
23/06/2009,16.799,17.555,16.053,17.135,758194
24/06/2009,17.354,17.967,17.219,17.883,299234
25/06/2009,18.084,18.311,17.009,17.546,271042
26/06/2009,18.018,18.018,17.219,17.219,342228
29/06/2009,16.968,17.647,16.968,17.64,203166
30/06/2009,17.951,18.126,16.968,16.968,311948
01/07/2009,17.135,17.555,17.059,17.388,236137
02/07/2009,17.597,17.622,16.716,16.724,333106
03/07/2009,16.757,16.959,16.548,16.799,269024
06/07/2009,16.631,16.631,16.304,16.389,146587
07/07/2009,16.389,16.698,16.253,16.253,326968
08/07/2009,16.135,16.135,15.38,16.053,683918
09/07/2009,16.195,16.531,15.925,16.38,497448
10/07/2009,16.463,16.463,15.799,15.917,314543
13/07/2009,15.539,16.001,15.539,15.666,232987
14/07/2009,16.084,16.716,15.976,16.614,697000
15/07/2009,17.009,17.975,16.9,17.975,872104
16/07/2009,18.059,18.538,17.975,18.219,889588
17/07/2009,18.311,18.353,17.958,18.151,235512
20/07/2009,18.437,19.1,18.437,19.016,427702
21/07/2009,19.016,19.37,17.69,18.984,633649
22/07/2009,18.966,19.067,18.228,18.479,348514
23/07/2009,18.756,19.083,18.73,19.083,316208
24/07/2009,19.152,19.73,19.152,19.461,784477
27/07/2009,19.907,19.991,19.109,19.152,486424
28/07/2009,19.152,19.529,18.689,18.73,200056
29/07/2009,18.639,19.009,18.479,18.707,445406
30/07/2009,18.857,19.739,18.815,19.739,442728
31/07/2009,19.949,19.949,19.159,19.47,381840
03/08/2009,19.739,19.781,19.488,19.689,291155
04/08/2009,19.73,19.781,19.277,19.529,234837
05/08/2009,19.529,19.739,19.152,19.152,201885
06/08/2009,19.311,19.311,18.648,18.984,183865
07/08/2009,18.984,19.488,18.73,19.488,218851
10/08/2009,19.73,19.73,19.327,19.713,274148
11/08/2009,19.789,20.158,18.848,18.933,700937
12/08/2009,18.73,18.899,18.311,18.664,374927
13/08/2009,18.933,19.739,18.933,19.739,613292
14/08/2009,19.907,20.074,19.32,19.32,417030
17/08/2009,18.984,19.067,18.614,18.639,180561
18/08/2009,18.984,19.152,18.639,18.975,193717
19/08/2009,18.689,19.739,18.596,19.739,194659
20/08/2009,20.074,20.117,19.84,20.117,424127
21/08/2009,20.074,20.873,20.066,20.814,694833
24/08/2009,20.958,21.319,20.746,20.966,346014
25/08/2009,20.864,20.914,20.158,20.907,244119
26/08/2009,20.907,20.907,20.353,20.418,176710
27/08/2009,20.411,21.418,20.368,21.124,642318
28/08/2009,21.335,22.115,21.335,21.418,623154
31/08/2009,21.646,21.83,21.041,21.83,554426
01/09/2009,21.814,21.838,20.914,21.335,276283
02/09/2009,20.327,20.704,19.823,20.226,490763
03/09/2009,20.226,20.578,20.226,20.31,175637
04/09/2009,20.336,20.613,20.074,20.469,114547
07/09/2009,20.704,20.873,20.578,20.823,92645
08/09/2009,21.243,21.243,20.368,20.637,165090
09/09/2009,20.831,20.907,20.327,20.746,101435
10/09/2009,20.999,21.082,20.418,20.831,250498
11/09/2009,20.814,20.873,20.578,20.578,97325
14/09/2009,20.368,20.368,19.503,19.739,376968
15/09/2009,19.991,19.991,19.311,19.311,222763
16/09/2009,19.655,19.823,19.311,19.823,422982
17/09/2009,20.243,20.327,20.083,20.327,428697
18/09/2009,20.117,20.571,20.041,20.562,348470
21/09/2009,20.578,20.578,20.167,20.201,62867
22/09/2009,20.478,20.999,20.201,20.966,362852
23/09/2009,20.914,21.418,20.839,20.914,261125
24/09/2009,20.418,20.914,20.201,20.209,212772
25/09/2009,20.243,20.739,20.217,20.587,177090
28/09/2009,20.554,21.041,20.209,21.016,171387
29/09/2009,21.041,21.057,20.596,20.873,208322
30/09/2009,20.999,20.999,20.252,20.571,112987
01/10/2009,20.411,21.082,20.345,21.082,178585
02/10/2009,20.327,20.562,19.907,19.907,213812
05/10/2009,20.142,20.31,19.991,19.991,54360
06/10/2009,20.158,20.704,20.158,20.704,103432
07/10/2009,20.746,20.864,20.302,20.469,88521
08/10/2009,20.578,20.704,20.327,20.512,70225
09/10/2009,20.494,20.746,20.319,20.562,67412
12/10/2009,20.562,20.746,20.327,20.411,143070
13/10/2009,20.345,20.578,19.823,20.411,178205
14/10/2009,20.411,20.789,20.294,20.704,370551
15/10/2009,20.914,21.082,20.578,21.082,951133
16/10/2009,21.167,21.713,21.124,21.713,552911
19/10/2009,21.754,22.847,21.754,22.595,592858
20/10/2009,22.847,23.267,22.847,23.267,612895
21/10/2009,23.343,23.518,22.856,23.233,401728
22/10/2009,23.107,23.351,23.107,23.351,129466
23/10/2009,23.686,24.343,23.686,24.317,153743
26/10/2009,23.981,24.191,23.359,23.62,343437
27/10/2009,23.267,23.267,22.948,23.016,293425
28/10/2009,22.856,23.057,22.435,22.654,605837
29/10/2009,22.174,23.25,22.133,22.948,148491
30/10/2009,23.258,23.335,22.31,22.343,198610
02/11/2009,22.343,22.687,21.847,22.687,201889
03/11/2009,22.679,22.679,22.091,22.427,306195
04/11/2009,22.511,23.183,22.427,23.031,265409
05/11/2009,23.309,23.729,23.226,23.451,790797
06/11/2009,23.518,23.518,23.107,23.51,219196
09/11/2009,23.518,24.291,23.435,24.098,342071
10/11/2009,24.276,24.493,23.939,23.939,183149
12/11/2009,24.022,24.191,23.023,23.703,326511
13/11/2009,23.703,24.148,23.451,23.518,188376
16/11/2009,24.148,24.283,23.771,23.78,396214
17/11/2009,23.939,24.4,23.771,23.889,153640
18/11/2009,24.276,24.434,23.771,24.022,443244
19/11/2009,24.022,24.527,23.939,24.107,345960
20/11/2009,24.232,24.259,23.535,24.098,129649
23/11/2009,24.3,24.905,24.191,24.905,239502
24/11/2009,24.863,25.408,24.704,25.207,250273
25/11/2009,25.433,25.787,25.241,25.619,297989
26/11/2009,25.635,25.753,24.905,25.619,199052
27/11/2009,24.568,26.249,24.442,26.207,367241
30/11/2009,26.375,27.266,26.299,26.828,251019
01/12/2009,26.963,27.375,26.518,27.3,339714
02/12/2009,27.458,27.509,26.98,27.047,279922
03/12/2009,27.467,27.551,27.047,27.3,296299
04/12/2009,27.382,27.509,26.475,27.3,261951
07/12/2009,27.215,27.467,27.004,27.172,102402
08/12/2009,26.854,27.131,26.039,26.291,364548
09/12/2009,26.039,26.534,25.451,25.719,390930
10/12/2009,25.702,26.332,25.619,26.039,391085
11/12/2009,26.055,26.518,25.753,26.291,379550
14/12/2009,26.459,26.795,26.072,26.61,130680
15/12/2009,26.795,26.795,26.291,26.459,125386
16/12/2009,26.459,26.786,26.274,26.274,104662
17/12/2009,26.308,26.45,26.039,26.08,650686
18/12/2009,26.274,26.585,26.139,26.341,340295
21/12/2009,26.291,26.661,26.207,26.484,72759
22/12/2009,26.534,26.777,26.459,26.627,115761
23/12/2009,26.795,26.795,26.407,26.711,113824
28/12/2009,26.795,27.122,26.736,27.122,380954
29/12/2009,27.131,27.551,26.88,27.509,244647
30/12/2009,26.93,27.215,26.77,26.836,337015
31/12/2009,27.038,27.038,26.711,26.711,203752
04/01/2010,26.719,27.701,26.719,27.676,337922
05/01/2010,27.676,28.138,27.676,27.971,352645
06/01/2010,28.138,28.138,27.76,28.138,224072
07/01/2010,27.971,28.012,27.592,27.635,132696
08/01/2010,27.963,27.963,27.3,27.3,168827
11/01/2010,27.886,28.054,27.551,27.719,142646
12/01/2010,27.878,27.878,26.711,26.786,254287
13/01/2010,26.693,26.88,26.299,26.668,298406
14/01/2010,26.88,27.063,26.702,26.786,116706
15/01/2010,27.004,27.534,26.743,26.743,257632
18/01/2010,26.82,27.131,26.752,26.895,145626
19/01/2010,26.895,27.029,26.375,27.029,249688
20/01/2010,26.752,27.215,26.752,26.938,111779
21/01/2010,26.88,26.88,26.123,26.123,532740
22/01/2010,25.442,25.442,24.358,24.695,2223915
25/01/2010,24.552,24.686,24.25,24.25,452047
26/01/2010,24.098,24.098,23.098,23.562,516265
27/01/2010,23.603,24.013,23.409,23.409,707095
28/01/2010,24.064,24.064,23.518,23.518,249061
29/01/2010,23.72,23.72,23.477,23.562,317551
01/02/2010,23.518,23.762,23.166,23.233,169342
02/02/2010,23.359,23.72,23.359,23.603,288554
03/02/2010,23.939,24.132,23.518,23.518,507179
04/02/2010,23.686,23.686,22.302,22.427,387426
05/02/2010,21.83,22.133,21.209,21.805,582448
08/02/2010,22.025,22.57,21.587,21.797,279996
09/02/2010,21.923,22.183,21.838,21.923,216586
10/02/2010,22.217,22.343,21.763,21.797,231043
11/02/2010,22.032,22.107,21.436,21.436,329948
12/02/2010,21.83,22.107,21.611,21.923,248157
15/02/2010,21.94,22.065,21.763,21.897,157277
16/02/2010,22.007,22.2,21.805,21.814,219032
17/02/2010,22.174,23.016,22.091,22.973,458703
18/02/2010,22.889,23.183,22.687,22.94,182253
19/02/2010,22.712,23.048,22.435,22.696,309082
22/02/2010,23.226,23.267,22.762,22.847,215603
23/02/2010,23.335,23.343,22.259,22.679,350298
24/02/2010,22.502,22.638,22.284,22.302,146340
25/02/2010,22.302,22.629,21.041,21.486,327431
26/02/2010,21.671,22.931,21.671,22.931,605526
01/03/2010,23.098,23.267,22.78,23.107,253060
02/03/2010,23.686,23.771,23.115,23.771,342067
03/03/2010,23.896,23.939,23.544,23.813,226556
04/03/2010,23.72,24.148,23.518,23.518,215657
05/03/2010,23.603,23.939,23.518,23.914,180376
08/03/2010,24.081,24.123,23.896,24.09,283734
09/03/2010,23.939,23.981,22.931,23.771,407028
10/03/2010,23.468,24.174,23.468,23.939,331528
11/03/2010,24.191,24.191,23.813,24.107,245979
12/03/2010,24.157,24.71,23.948,24.098,474589
15/03/2010,24.191,24.358,23.695,23.754,230275
16/03/2010,23.771,24.4,23.771,24.267,218505
17/03/2010,24.611,24.988,24.434,24.568,473781
18/03/2010,24.628,25.055,24.628,24.813,495153
19/03/2010,25.072,25.182,24.241,24.988,1375050
22/03/2010,24.988,25.14,24.611,24.778,138401
23/03/2010,25.182,25.207,24.778,24.787,157997
24/03/2010,24.947,25.131,22.931,24.2,449184
25/03/2010,24.518,25.182,24.4,25.182,264749
26/03/2010,25.182,25.325,24.778,25.325,385276
29/03/2010,25.334,25.702,24.988,25.072,246697
30/03/2010,25.156,25.334,24.947,25.199,84793
31/03/2010,25.174,25.241,24.778,24.778,227300
01/04/2010,25.191,25.451,25.031,25.442,276928
06/04/2010,25.619,26.777,25.492,26.375,462983
07/04/2010,26.501,26.752,26.233,26.501,362169
08/04/2010,26.291,26.45,26.139,26.45,179199
09/04/2010,26.543,27.266,26.543,27.131,318924
12/04/2010,27.131,28.054,27.131,27.929,520415
13/04/2010,27.845,27.929,27.467,27.719,1136040
14/04/2010,27.929,27.929,27.525,27.719,208053
15/04/2010,27.845,27.845,26.88,27.509,202071
16/04/2010,27.148,27.886,27.089,27.719,397112
19/04/2010,27.139,27.139,26.308,26.752,308937
20/04/2010,26.88,27.004,26.501,26.954,254881
21/04/2010,26.963,27.3,26.752,26.795,155273
22/04/2010,26.459,26.661,25.535,25.744,241607
23/04/2010,26.123,26.283,26.039,26.249,125017
26/04/2010,26.886,27.534,26.886,27.509,247095
27/04/2010,27.063,27.802,27.063,27.676,553559
28/04/2010,26.921,27.34,26.88,26.88,222773
29/04/2010,26.88,27.3,26.88,27.223,637310
30/04/2010,27.886,28.113,27.3,27.719,536588
04/05/2010,28.012,28.096,26.459,26.711,545649
05/05/2010,26.375,27.122,26.046,26.123,705741
06/05/2010,25.619,26.021,25.031,25.366,904339
07/05/2010,24.358,25.031,24.358,24.552,554850
10/05/2010,24.787,26.299,24.787,26.249,429965
11/05/2010,26.661,26.693,26.064,26.383,310911
12/05/2010,26.459,27.635,26.375,27.038,319645
13/05/2010,27.3,27.467,26.459,26.668,271326
14/05/2010,26.777,26.862,25.702,25.702,287755
17/05/2010,25.602,25.778,25.072,25.619,290303
18/05/2010,26.332,26.332,25.661,26.039,651222
19/05/2010,25.787,25.787,24.527,24.804,514797
20/05/2010,25.115,25.199,23.518,23.562,282492
21/05/2010,23.562,24.358,23.518,24.276,548322
24/05/2010,24.51,24.804,24.031,24.434,234657
25/05/2010,23.603,24.013,23.527,23.703,576117
26/05/2010,24.064,24.947,23.981,24.947,376735
27/05/2010,24.947,25.912,24.947,25.912,199613
28/05/2010,26.039,26.752,26.039,26.668,378944
31/05/2010,26.594,26.752,26.039,26.752,94885
01/06/2010,26.416,26.442,25.956,26.055,144503
02/06/2010,26.039,27.047,25.888,26.871,205342
04/06/2010,26.921,27.3,25.719,26.375,154005
07/06/2010,25.702,26.375,25.56,26.332,201399
08/06/2010,26.425,26.459,25.543,26.425,91511
09/06/2010,26.702,26.702,26.039,26.459,144180
10/06/2010,26.459,26.786,26.046,26.752,87291
11/06/2010,26.88,27.047,26.13,26.13,157573
14/06/2010,26.627,26.627,26.207,26.207,120244
15/06/2010,26.249,26.366,25.871,26.039,88752
16/06/2010,26.627,26.627,25.787,26.283,66055
17/06/2010,26.046,26.752,25.971,25.971,160245
18/06/2010,26.039,26.459,25.619,25.619,381628
21/06/2010,26.08,26.332,25.997,26.249,66407
22/06/2010,26.207,26.416,26.046,26.291,90639
23/06/2010,26.123,26.257,25.611,25.862,73632
24/06/2010,25.912,25.921,24.947,25.619,130768
25/06/2010,25.862,25.912,25.3,25.619,74423
28/06/2010,25.619,25.787,24.964,25.081,163270
29/06/2010,25.115,25.115,24.35,24.695,168385
30/06/2010,24.778,24.879,24.232,24.232,110852
01/07/2010,24.191,24.343,23.813,23.813,355315
02/07/2010,24.174,24.358,23.981,24.241,69086
05/07/2010,24.426,24.442,24.191,24.276,44914
06/07/2010,24.536,24.863,24.527,24.695,98662
07/07/2010,24.358,24.358,24.039,24.267,163643
08/07/2010,24.704,24.863,24.568,24.653,106562
09/07/2010,24.863,25.031,24.745,24.778,82029
12/07/2010,24.82,25.737,24.778,25.199,154009
13/07/2010,25.433,26.039,24.897,24.897,150151
14/07/2010,25.871,25.871,25.334,25.535,228548
15/07/2010,25.744,26.207,25.661,26.039,203346
16/07/2010,26.123,26.233,25.787,25.956,202787
19/07/2010,25.702,26.039,25.594,25.997,56231
20/07/2010,25.787,26.021,25.366,25.787,191884
21/07/2010,25.871,26.543,25.795,26.543,342639
22/07/2010,26.442,27.047,26.224,27.047,342497
23/07/2010,27.047,27.172,26.88,27.172,223979
26/07/2010,27.3,27.3,26.727,27.013,103776
27/07/2010,27.266,27.34,27.054,27.3,229005
28/07/2010,27.3,27.34,26.88,26.88,91491
29/07/2010,26.963,27.331,26.803,26.963,88129
30/07/2010,26.963,27.207,26.668,27.157,329620
02/08/2010,27.291,27.886,27.157,27.845,351689
03/08/2010,27.845,28.054,26.921,27.845,359686
04/08/2010,27.795,28.81,27.475,28.642,353070
05/08/2010,28.39,29.314,28.39,28.39,443670
06/08/2010,28.592,28.769,27.92,27.987,104749
09/08/2010,28.323,28.39,27.719,27.719,121002
10/08/2010,27.719,27.719,26.375,26.375,391752
11/08/2010,26.375,26.61,25.956,26.13,356742
12/08/2010,26.249,26.661,25.956,26.039,232554
13/08/2010,26.45,26.492,26.123,26.123,164200
16/08/2010,26.123,26.375,26.08,26.375,53202
17/08/2010,26.366,26.752,26.123,26.711,55766
18/08/2010,26.963,26.963,26.215,26.215,95284
19/08/2010,26.459,26.618,25.956,26.383,251282
20/08/2010,25.938,26.123,25.921,26.03,96747
23/08/2010,26.014,26.407,25.912,26.03,168827
24/08/2010,25.619,25.846,24.905,24.922,218919
25/08/2010,25.199,25.349,24.922,25.031,207451
26/08/2010,25.191,25.191,24.863,25.005,184630
27/08/2010,24.997,25.274,24.973,25.005,191492
30/08/2010,25.224,25.468,24.778,25.072,119617
31/08/2010,24.485,25.039,24.259,25.039,334738
01/09/2010,25.115,25.451,24.872,25.451,208442
02/09/2010,25.787,25.787,25.233,25.233,186518
03/09/2010,25.241,25.619,25.215,25.619,156493
06/09/2010,25.879,25.879,25.535,25.535,112136
07/09/2010,25.619,25.769,25.375,25.577,63322
08/09/2010,25.526,26.407,25.476,26.291,300811
09/09/2010,26.45,26.644,26.098,26.459,276394
10/09/2010,26.459,26.585,26.299,26.585,228230
13/09/2010,26.761,26.93,26.627,26.795,217912
14/09/2010,26.88,26.88,26.299,26.627,111176
15/09/2010,26.618,26.88,26.165,26.88,138378
16/09/2010,26.551,26.736,26.308,26.736,75915
17/09/2010,26.836,26.845,26.055,26.123,425165
20/09/2010,26.189,26.702,26.189,26.702,114434
21/09/2010,26.711,26.88,26.543,26.812,126006
22/09/2010,26.711,26.836,26.249,26.492,108006
23/09/2010,26.332,26.375,25.669,26.207,118365
24/09/2010,26.123,26.509,25.753,26.509,113755
27/09/2010,26.543,26.627,26.207,26.332,136817
28/09/2010,26.139,26.274,25.702,25.702,78795
29/09/2010,25.611,26.123,25.611,25.971,193349
30/09/2010,25.997,26.207,25.702,26.207,205590
01/10/2010,26.207,26.459,25.619,25.619,163822
04/10/2010,25.871,25.938,25.215,25.693,219983
05/10/2010,25.661,26.291,25.366,26.291,147288
06/10/2010,26.332,26.459,26.123,26.123,151136
07/10/2010,26.375,26.375,25.619,25.619,110820
08/10/2010,25.871,26.014,25.644,25.956,93112
11/10/2010,26.207,26.207,25.846,26.039,58962
12/10/2010,25.795,25.871,25.577,25.837,196873
13/10/2010,25.879,26.156,25.837,26.106,440299
14/10/2010,26.198,26.366,25.98,26.039,480317
15/10/2010,26.039,26.24,25.366,25.366,164130
18/10/2010,25.501,25.905,25.468,25.737,80029
19/10/2010,25.577,25.702,25.459,25.619,222549
20/10/2010,25.51,25.594,25.3,25.543,122845
21/10/2010,25.492,25.912,25.408,25.408,128628
22/10/2010,25.451,25.737,25.325,25.619,115813
25/10/2010,25.778,26.03,25.744,26.03,95276
26/10/2010,25.871,25.871,25.476,25.526,157733
27/10/2010,25.526,25.787,25.526,25.702,290880
28/10/2010,25.803,25.821,25.577,25.577,39160
29/10/2010,25.577,25.761,25.383,25.433,93088
02/11/2010,25.653,25.997,25.433,25.761,202480
03/11/2010,25.719,25.947,25.719,25.769,267421
04/11/2010,26.215,27.592,26.215,27.34,1274257
05/11/2010,27.635,27.92,27.467,27.76,668823
08/11/2010,27.802,27.963,27.39,27.509,139614
09/11/2010,27.525,27.71,27.399,27.618,239867
10/11/2010,27.719,27.719,26.963,27.172,177339
12/11/2010,26.88,27.291,26.627,27.215,280543
15/11/2010,27.215,27.592,27.122,27.592,123731
16/11/2010,27.3,27.34,26.727,26.88,425393
17/11/2010,26.543,26.862,26.459,26.743,118320
18/11/2010,26.88,26.954,26.761,26.88,115645
19/11/2010,26.954,27.08,26.207,26.627,250611
22/11/2010,26.644,27.131,26.375,26.594,270440
23/11/2010,26.207,26.711,26.207,26.711,121684
24/11/2010,26.711,26.886,26.375,26.375,95061
25/11/2010,26.543,26.693,26.383,26.585,64856
26/11/2010,26.668,26.82,26.123,26.291,167274
29/11/2010,26.308,26.459,25.956,26.442,94788
30/11/2010,26.501,27.047,26.249,26.249,223730
01/12/2010,26.711,26.77,26.466,26.627,193225
02/12/2010,26.921,27.029,26.459,26.459,158264
03/12/2010,26.585,26.93,26.543,26.661,88457
06/12/2010,26.88,26.88,26.484,26.627,356751
07/12/2010,27.215,27.971,27.207,27.382,1148378
08/12/2010,27.592,27.862,27.34,27.836,289392
09/12/2010,27.854,29.516,27.854,28.769,1520829
10/12/2010,29.189,29.516,29.114,29.298,443411
13/12/2010,29.475,30.658,29.475,30.154,390345
14/12/2010,30.239,30.239,29.273,29.819,331209
15/12/2010,29.811,30.372,29.407,30.372,494512
16/12/2010,30.415,30.994,30.415,30.743,508241
17/12/2010,30.927,31.792,30.767,31.792,621136
20/12/2010,31.499,31.583,30.743,31.33,203880
21/12/2010,31.414,31.792,31.078,31.246,259322
22/12/2010,31.137,31.499,31.137,31.405,193690
23/12/2010,31.163,31.49,31.163,31.456,181584
27/12/2010,31.583,31.75,31.213,31.246,109937
28/12/2010,31.414,31.499,30.994,30.994,188701
29/12/2010,31.33,31.373,31.011,31.187,469008
30/12/2010,31.289,31.289,30.869,30.869,524778
31/12/2010,30.954,30.954,30.372,30.533,222921
03/01/2011,30.406,31.321,30.406,31.321,420130
04/01/2011,31.33,31.414,31.103,31.163,395350
05/01/2011,31.07,31.07,29.776,30.566,1201595
07/01/2011,30.743,30.743,29.811,29.861,181722
10/01/2011,29.575,30.239,29.407,30.239,150775
11/01/2011,30.322,30.649,30.322,30.397,188986
12/01/2011,30.649,31.583,30.406,31.583,281236
13/01/2011,31.625,31.75,31.112,31.625,273025
14/01/2011,31.541,32.205,31.078,32.146,259958
17/01/2011,32.086,32.758,31.959,32.329,297636
18/01/2011,32.506,33.137,32.506,32.985,441304
19/01/2011,33.179,33.573,33.094,33.229,455792
20/01/2011,32.927,33.17,32.095,32.17,375981
21/01/2011,32.338,33.254,32.086,33.044,261603
24/01/2011,33.179,33.354,32.355,32.355,273335
25/01/2011,32.715,32.927,32.018,32.018,140758
26/01/2011,32.406,33.263,32.255,33.085,193524
27/01/2011,33.179,33.179,32.767,32.993,80186
28/01/2011,32.976,35.858,32.952,35.11,2047709
31/01/2011,34.607,34.859,34.228,34.648,429243
01/02/2011,34.85,35.53,34.782,35.195,734752
02/02/2011,35.698,35.782,35.211,35.328,301007
03/02/2011,35.656,36.244,35.278,35.278,331277
04/02/2011,35.656,36.076,34.622,34.69,572237
07/02/2011,34.859,34.859,34.035,34.59,213765
08/02/2011,34.607,34.85,34.446,34.455,383366
09/02/2011,34.439,34.514,34.119,34.203,548467
10/02/2011,34.127,34.136,33.893,34.009,366221
11/02/2011,34.06,34.582,33.85,34.396,132106
14/02/2011,35.27,35.27,34.396,34.564,144240
15/02/2011,34.959,35.447,34.026,34.026,161557
16/02/2011,34.026,34.421,34.026,34.144,338429
17/02/2011,34.144,34.354,33.85,34.018,269545
18/02/2011,34.018,34.018,33.01,33.724,552790
21/02/2011,33.724,33.724,32.884,33.43,417449
22/02/2011,33.204,33.522,32.859,33.263,236323
23/02/2011,33.179,34.421,33.17,34.421,221589
24/02/2011,34.052,35.085,33.901,33.901,588727
25/02/2011,34.396,34.841,33.699,33.885,111824
28/02/2011,34.018,34.312,33.271,33.826,610609
01/03/2011,33.808,34.312,33.699,33.808,285475
02/03/2011,33.767,34.95,33.674,34.95,247971
03/03/2011,34.8,35.22,34.345,35.11,878839
04/03/2011,35.27,35.614,34.9,35.429,501668
07/03/2011,35.447,36.429,35.278,36.286,481657
08/03/2011,36.462,36.497,36.076,36.37,948055
09/03/2011,35.74,36.362,35.74,36.11,385547
10/03/2011,35.782,35.782,35.027,35.027,234126
11/03/2011,34.69,34.817,34.162,34.439,346527
14/03/2011,34.439,35.523,34.33,35.261,430518
15/03/2011,35.102,35.102,34.187,34.564,677467
16/03/2011,34.564,34.917,34.354,34.455,157617
17/03/2011,34.582,35.429,34.582,35.246,223748
18/03/2011,35.573,36.118,35.447,36.118,632028
21/03/2011,36.286,36.286,35.782,36.025,201323
22/03/2011,36.025,36.286,35.656,35.966,128667
23/03/2011,35.966,36.261,35.949,36.135,115372
24/03/2011,36.194,36.202,35.992,36.033,444801
25/03/2011,36.37,36.782,36.177,36.639,200950
28/03/2011,36.706,36.949,36.706,36.874,225919
29/03/2011,36.874,37.185,36.706,36.807,211874
30/03/2011,37.211,37.211,36.833,36.992,225303
31/03/2011,37.126,37.126,36.319,37.084,404879
01/04/2011,37.084,38.092,36.957,37.798,492127
04/04/2011,38.05,38.882,37.798,38.637,255267
05/04/2011,38.806,39.058,38.404,38.965,202850
06/04/2011,39.058,40.822,38.973,40.738,491107
07/04/2011,40.654,40.864,40.107,40.275,336667
08/04/2011,40.317,40.738,40.317,40.528,627672
11/04/2011,40.729,41.108,40.099,40.571,588403
12/04/2011,40.402,40.486,39.31,39.771,614148
13/04/2011,40.235,40.444,39.898,40.275,1202359
14/04/2011,40.486,40.486,40.066,40.235,201489
15/04/2011,40.553,40.571,40.159,40.309,198249
18/04/2011,40.528,40.688,39.898,40.579,413501
19/04/2011,40.528,40.571,40.151,40.402,100348
20/04/2011,40.571,41.326,40.444,41.326,364933
21/04/2011,41.158,41.577,40.906,41.51,72570
26/04/2011,41.158,41.158,40.738,41.149,193576
27/04/2011,41.158,41.158,40.611,40.822,365706
28/04/2011,40.99,40.99,40.235,40.309,102121
29/04/2011,40.309,40.317,39.771,39.907,312281
02/05/2011,40.066,40.317,36.202,39.478,121867
04/05/2011,39.469,39.469,37.882,38.218,1088545
05/05/2011,37.79,38.168,36.917,37.722,751307
06/05/2011,37.713,38.285,37.126,37.949,431788
09/05/2011,38.218,38.538,38.142,38.47,594985
10/05/2011,38.47,39.101,38.47,39.008,845437
11/05/2011,39.646,39.771,38.815,38.891,638124
12/05/2011,38.008,38.513,37.798,38.126,630795
13/05/2011,38.637,39.058,38.31,39.041,406216
16/05/2011,39.058,39.058,38.655,38.806,460331
17/05/2011,38.806,38.806,38.134,38.218,214507
18/05/2011,38.637,39.083,38.386,38.604,896399
19/05/2011,38.554,39.226,38.268,38.454,142741
20/05/2011,38.923,39.101,38.637,38.637,253944
23/05/2011,37.722,38.05,37.722,37.966,694364
24/05/2011,37.841,38.41,37.798,38.075,785145
25/05/2011,37.757,37.882,37.672,37.757,1448860
26/05/2011,38.268,38.546,38.05,38.327,362930
27/05/2011,38.587,38.973,38.352,38.973,216817
30/05/2011,38.973,39.184,38.713,39.058,66857
31/05/2011,39.142,39.293,38.982,39.226,555122
01/06/2011,39.251,39.369,39.142,39.268,292523
02/06/2011,39.151,39.268,38.731,39.058,134373
03/06/2011,39.058,39.058,38.764,39.058,359218
06/06/2011,39.058,39.058,38.47,38.722,149252
07/06/2011,39.101,39.226,38.907,39.184,122592
08/06/2011,39.142,39.176,39.033,39.176,638596
09/06/2011,39.226,40.151,39.058,39.487,130326
10/06/2011,39.478,39.73,39.058,39.562,204237
13/06/2011,39.814,39.814,39.31,39.546,111428
14/06/2011,39.814,39.814,39.478,39.73,59743
15/06/2011,39.235,39.553,39.142,39.142,87126
16/06/2011,38.973,39.243,38.386,39.117,74356
17/06/2011,39.117,39.898,38.891,39.882,321861
20/06/2011,39.882,39.898,38.739,38.874,128425
21/06/2011,39.453,39.453,38.386,38.395,60431
22/06/2011,38.428,38.513,37.713,37.966,397012
24/06/2011,37.966,38.621,37.698,38.185,199541
27/06/2011,37.764,38.025,36.596,37.109,252896
28/06/2011,37.546,37.63,37.042,37.293,237585
29/06/2011,37.377,37.841,37.377,37.539,189428
30/06/2011,37.908,38.008,37.051,37.923,282986
01/07/2011,38.092,38.218,37.923,38.033,90925
04/07/2011,38.637,38.637,38.209,38.209,50652
05/07/2011,38.513,38.604,38.218,38.47,73530
06/07/2011,38.513,38.572,37.571,37.798,54193
07/07/2011,37.823,38.563,37.63,38.487,70846
08/07/2011,38.554,38.554,37.595,38.218,107804
11/07/2011,37.882,38.999,37.327,37.327,104362
12/07/2011,36.957,37.093,36.22,36.621,254009
13/07/2011,36.621,36.874,35.631,36.118,352299
14/07/2011,36.092,36.092,34.909,34.909,248992
15/07/2011,34.859,34.909,33.699,34.044,534606
18/07/2011,33.682,33.724,32.338,32.423,495510
19/07/2011,32.758,33.347,32.018,32.347,537054
20/07/2011,32.758,32.893,31.078,31.625,821803
21/07/2011,31.919,33.263,31.834,33.094,1053793
22/07/2011,33.472,33.497,32.767,33.388,458911
25/07/2011,33.347,34.237,32.843,33.549,192704
26/07/2011,33.758,34.001,33.052,33.179,219490
27/07/2011,33.01,33.179,32.103,32.591,222505
28/07/2011,31.919,32.852,31.919,32.758,441885
29/07/2011,32.582,32.582,32.018,32.111,475713
01/08/2011,32.843,33.17,32.246,32.246,337619
02/08/2011,32.17,32.406,31.583,32.036,205708
03/08/2011,31.205,31.499,29.911,30.313,693671
04/08/2011,30.767,30.785,27.996,29.011,770342
05/08/2011,26.88,29.146,26.88,29.146,1334094
08/08/2011,28.222,29.23,27.467,28.138,614641
09/08/2011,27.886,28.726,26.635,27.719,777689
10/08/2011,28.559,28.559,25.031,25.199,688371
11/08/2011,26.039,26.61,23.518,26.249,968449
12/08/2011,26.416,27.719,25.728,27.5,688298
16/08/2011,28.559,28.642,27.979,28.474,404655
17/08/2011,28.466,29.214,28.164,28.979,371113
18/08/2011,28.533,28.559,25.997,27.105,451246
19/08/2011,26.005,27.719,25.879,27.198,286462
22/08/2011,26.963,28.474,26.963,28.147,298651
23/08/2011,28.274,28.81,26.93,27.685,595762
24/08/2011,27.886,27.886,26.711,26.88,372134
25/08/2011,27.291,27.291,25.408,25.744,705217
26/08/2011,25.787,25.871,24.863,25.476,305429
29/08/2011,25.93,26.039,25.375,25.686,384270
30/08/2011,26.123,26.266,25.199,25.669,568249
31/08/2011,25.828,26.459,25.635,25.905,706953
01/09/2011,26.039,26.039,25.039,25.366,565237
02/09/2011,24.863,24.947,23.78,23.939,826062
05/09/2011,23.477,23.477,22.174,22.174,731395
06/09/2011,22.007,22.847,21.251,22.679,974652
07/09/2011,23.242,23.393,22.856,23.343,502765
08/09/2011,23.535,23.562,23.141,23.351,312875
09/09/2011,23.226,23.435,22.385,22.612,339706
12/09/2011,21.991,22.091,21.1,21.596,249934
13/09/2011,22.2,22.2,21.082,21.68,288621
14/09/2011,21.41,21.838,21.15,21.838,275026
15/09/2011,21.797,22.679,21.671,22.107,170988
16/09/2011,22.511,23.082,22.368,22.973,552849
19/09/2011,22.638,22.847,22.007,22.847,314499
20/09/2011,22.679,23.544,22.469,23.544,436187
21/09/2011,23.686,23.771,23.226,23.518,205026
22/09/2011,22.679,22.838,21.923,22.007,513994
23/09/2011,21.797,21.838,19.907,21.074,1312883
26/09/2011,20.327,22.007,20.074,20.914,382132
27/09/2011,21.461,21.664,21.091,21.401,498380
28/09/2011,21.251,21.335,20.243,20.789,829447
29/09/2011,20.746,21.864,20.537,21.671,891476
30/09/2011,21.671,21.695,20.746,21.2,417493
03/10/2011,20.411,20.537,20.074,20.126,319434
04/10/2011,19.73,19.781,18.747,19.067,755903
05/10/2011,19.327,19.529,19.092,19.32,616907
06/10/2011,19.647,20.034,19.152,19.243,439991
07/10/2011,19.721,19.991,19.362,19.572,749829
10/10/2011,19.865,20.613,19.588,20.578,1264739
11/10/2011,20.823,20.873,19.999,20.302,1380545
12/10/2011,20.494,21.671,20.26,21.664,863496
13/10/2011,21.502,22.762,21.502,22.427,1271069
14/10/2011,22.721,23.007,22.1,22.679,501825
17/10/2011,23.016,23.217,21.72,21.932,1014350
18/10/2011,21.664,22.25,21.133,22.183,462728
19/10/2011,22.511,23.007,22.225,22.973,451746
20/10/2011,22.192,22.931,22.1,22.1,449476
21/10/2011,22.302,22.847,22.302,22.595,259255
24/10/2011,22.948,23.855,22.948,23.855,399078
25/10/2011,23.939,24.442,23.098,23.603,608779
26/10/2011,23.25,23.754,23.25,23.586,383268
27/10/2011,24.191,24.988,24.022,24.728,519085
28/10/2011,25.199,25.199,23.855,24.459,365461
31/10/2011,24.166,24.182,23.686,24.09,231408
02/11/2011,22.762,24.057,22.762,23.586,487111
03/11/2011,23.518,24.064,23.351,24.064,248758
04/11/2011,24.191,24.468,23.594,23.686,316927
07/11/2011,23.686,24.224,23.359,23.804,193068
08/11/2011,23.99,24.527,23.981,24.141,202493
09/11/2011,24.358,24.561,23.351,23.518,405138
10/11/2011,23.293,23.518,23.016,23.459,264446
14/11/2011,24.35,24.358,23.821,24.358,516090
15/11/2011,24.107,24.409,23.518,23.518,291444
16/11/2011,23.518,24.013,23.133,23.99,271002
17/11/2011,23.686,24.35,23.435,24.3,454414
18/11/2011,24.216,24.317,23.804,23.804,432541
21/11/2011,23.813,23.855,22.427,22.679,1125940
22/11/2011,22.762,23.016,22.056,22.183,420814
23/11/2011,22.056,22.167,21.502,21.729,293567
24/11/2011,21.838,21.923,20.562,21.008,630437
25/11/2011,20.746,21.008,20.411,21.008,576294
28/11/2011,21.091,21.738,21.091,21.41,454973
29/11/2011,21.418,21.418,19.739,20.074,986992
30/11/2011,19.823,21.041,19.226,20.999,754954
01/12/2011,21.159,21.401,20.839,21.124,453828
02/12/2011,21.385,21.671,20.512,20.899,557499
05/12/2011,21.159,22.217,21.082,21.629,1226234
06/12/2011,21.587,21.822,20.704,20.999,608181
07/12/2011,21.167,21.243,20.704,20.999,660195
08/12/2011,21.016,21.335,20.411,20.663,1047001
09/12/2011,20.319,20.873,20.066,20.663,570367
12/12/2011,20.571,20.663,19.789,19.991,678621
13/12/2011,19.975,20.772,19.789,20.074,654836
14/12/2011,20.319,20.571,19.815,19.966,565535
15/12/2011,19.849,20.226,19.797,20.041,542883
16/12/2011,20.074,20.243,19.32,20.243,1112099
19/12/2011,19.739,20.243,19.403,19.403,282818
20/12/2011,19.444,19.698,19.327,19.529,338623
21/12/2011,19.327,19.488,18.698,18.941,883752
22/12/2011,18.899,19.21,18.823,18.984,415701
23/12/2011,18.899,19.32,18.899,19.32,300958
27/12/2011,19.32,19.529,19.143,19.32,295059
28/12/2011,19.444,19.529,19.252,19.345,179895
29/12/2011,19.503,19.707,19.32,19.707,136971
30/12/2011,19.707,19.823,19.345,19.572,188722
02/01/2012,19.63,20.158,19.403,20.158,158517
03/01/2012,20.31,20.453,19.403,19.94,779313
04/01/2012,20.074,20.074,19.42,19.479,376094
05/01/2012,19.42,19.613,18.664,18.73,588876
09/01/2012,18.899,18.941,17.891,18.018,659890
10/01/2012,18.109,18.512,18.076,18.076,367337
11/01/2012,18.378,18.386,17.899,17.916,183188
12/01/2012,18.118,18.479,18.076,18.311,321665
13/01/2012,18.605,18.806,18.001,18.311,367138
16/01/2012,18.1,18.479,18.1,18.47,199379
17/01/2012,18.648,19.235,18.648,18.907,744772
18/01/2012,19.21,19.663,18.992,19.663,536337
19/01/2012,19.823,20.285,19.739,20.276,479878
20/01/2012,20.243,20.418,19.907,20.418,254529
23/01/2012,20.285,21.343,20.285,21.167,456935
24/01/2012,21.368,21.772,20.999,21.352,509540
25/01/2012,21.477,21.882,21.268,21.537,390110
26/01/2012,21.671,21.873,21.537,21.873,457715
27/01/2012,21.822,21.965,21.561,21.561,372764
30/01/2012,21.57,21.57,19.655,21.328,492449
31/01/2012,21.418,22.15,21.234,21.923,789819
01/02/2012,21.923,22.259,21.68,22.259,691566
02/02/2012,22.343,22.401,21.882,22.007,307440
03/02/2012,22.234,22.259,21.882,22.007,222109
06/02/2012,21.991,22.368,21.605,22.368,349419
07/02/2012,22.385,23.435,22.259,23.435,547566
08/02/2012,23.435,24.343,23.183,23.695,641665
09/02/2012,24.098,24.174,22.259,23.141,940656
10/02/2012,22.654,22.753,21.965,22.477,809606
13/02/2012,22.427,22.679,22.174,22.302,483332
14/02/2012,22.343,22.511,21.882,22.259,365610
15/02/2012,22.36,22.679,22.302,22.46,628138
16/02/2012,22.267,22.872,22.174,22.595,575170
17/02/2012,22.915,23.016,22.679,22.847,360366
20/02/2012,22.973,23.51,22.679,22.679,516691
21/02/2012,22.931,23.057,22.679,23.057,384513
22/02/2012,23.048,23.048,22.603,22.687,512664
23/02/2012,22.679,23.082,22.654,22.679,398906
24/02/2012,22.762,23.183,22.762,23.183,315686
27/02/2012,23.158,23.375,22.806,23.115,229852
28/02/2012,23.384,23.384,22.931,23.343,147670
29/02/2012,23.343,23.518,23.007,23.518,500055
01/03/2012,23.098,23.518,23.031,23.435,234377
02/03/2012,23.435,23.435,22.544,22.544,348749
05/03/2012,22.595,22.595,21.671,21.838,457572
06/03/2012,21.83,21.83,20.764,20.789,254122
07/03/2012,20.831,21.159,20.772,20.999,257655
08/03/2012,21.082,21.452,20.982,20.982,405859
09/03/2012,21.251,21.377,20.999,21.032,377039
12/03/2012,21.008,21.234,20.494,20.52,275990
13/03/2012,20.823,20.982,20.462,20.494,442062
14/03/2012,20.823,21.52,20.704,21.251,442535
15/03/2012,21.511,22.141,21.343,22.141,424427
16/03/2012,22.048,22.638,21.906,21.906,847353
19/03/2012,22.2,22.746,21.83,22.679,377132
20/03/2012,22.511,23.309,22.511,23.158,1175643
21/03/2012,23.016,23.267,22.553,22.797,243632
22/03/2012,22.746,23.082,22.174,22.392,662873
23/03/2012,22.469,22.762,22.36,22.679,309845
26/03/2012,22.856,23.082,22.729,22.847,322898
27/03/2012,22.999,23.678,22.948,23.351,559949
28/03/2012,23.351,23.535,22.973,23.016,221580
29/03/2012,22.762,22.78,22.392,22.679,662957
30/03/2012,22.897,23.098,22.729,22.872,342585
02/04/2012,22.956,23.594,22.956,23.594,308786
03/04/2012,23.686,25.106,23.686,24.922,680368
04/04/2012,24.653,25.031,24.064,24.267,443415
05/04/2012,24.191,24.442,23.375,23.762,238327
10/04/2012,23.098,24.191,22.973,23.503,751390
11/04/2012,23.141,24.098,23.098,24.022,331041
12/04/2012,23.923,24.778,23.78,24.653,217894
13/04/2012,24.653,24.695,24.098,24.276,337934
16/04/2012,24.191,24.4,23.83,24.191,476680
17/04/2012,24.141,25.619,23.871,25.56,711847
18/04/2012,25.862,26.795,25.702,26.046,890302
19/04/2012,26.039,26.332,25.25,25.25,228360
20/04/2012,25.148,25.787,24.863,25.174,338478
23/04/2012,25.031,25.148,23.367,23.889,346588
24/04/2012,24.022,24.224,23.459,24.224,255323
25/04/2012,24.276,24.611,23.686,23.939,474895
26/04/2012,24.191,24.358,23.863,24.191,204200
27/04/2012,23.999,24.148,23.518,24.107,244889
30/04/2012,23.981,24.107,23.459,23.813,169498
02/05/2012,23.695,24.141,23.569,24.141,125288
04/05/2012,24.141,24.291,23.518,23.939,380667
07/05/2012,23.518,23.939,23.409,23.855,224906
08/05/2012,24.107,24.182,22.771,22.889,512081
09/05/2012,22.847,23.089,21.502,21.882,620258
10/05/2012,22.091,22.234,21.838,22.158,285522
11/05/2012,22.007,22.007,21.629,21.838,328327
14/05/2012,21.838,21.838,20.923,21.328,273241
15/05/2012,21.2,21.276,20.681,20.831,560590
16/05/2012,20.73,21.159,20.091,20.949,428892
17/05/2012,20.914,21.041,20.418,20.418,316085
18/05/2012,19.663,20.789,19.663,20.478,259923
21/05/2012,20.831,21.159,20.578,20.932,189030
22/05/2012,20.966,21.159,20.882,20.914,380949
23/05/2012,20.613,20.697,20.201,20.269,286915
24/05/2012,20.276,20.562,19.881,20.546,146303
25/05/2012,20.562,21.124,20.243,20.982,253976
28/05/2012,21.082,21.159,21.05,21.159,73465
29/05/2012,21.218,21.418,20.873,21.251,586721
30/05/2012,21.15,21.251,19.916,19.916,370447
31/05/2012,20.074,20.353,19.572,19.572,431372
01/06/2012,19.572,19.94,19.193,19.572,196738
04/06/2012,19.655,19.907,19.403,19.698,100649
05/06/2012,19.907,19.966,19.034,19.034,206646
06/06/2012,19.083,19.613,19.042,19.403,172558
08/06/2012,19.302,19.444,19.235,19.32,182270
11/06/2012,19.747,20.285,19.739,20.158,274435
12/06/2012,20.158,21.209,20.158,21.117,505501
13/06/2012,21.117,21.629,21.108,21.545,427851
14/06/2012,21.561,21.923,21.335,21.646,475968
15/06/2012,21.713,23.141,21.587,23.074,1149470
18/06/2012,23.51,23.51,22.762,23.367,852675
19/06/2012,23.393,24.838,22.99,24.552,755014
20/06/2012,24.276,24.434,23.242,23.653,407718
21/06/2012,23.293,23.468,22.553,23.089,486953
22/06/2012,22.762,22.948,22.343,22.654,184818
25/06/2012,22.838,22.838,22.056,22.259,297421
26/06/2012,22.259,22.762,22.259,22.553,297832
27/06/2012,22.838,23.057,22.401,22.679,156273
28/06/2012,22.806,22.847,22.343,22.847,290322
29/06/2012,23.089,23.569,23.016,23.435,225448
02/07/2012,23.603,23.846,23.435,23.846,83769
03/07/2012,23.612,24.022,23.612,23.939,115480
04/07/2012,23.771,24.141,23.267,24.141,117421
05/07/2012,24.141,24.719,23.771,24.704,322539
06/07/2012,24.62,24.77,24.148,24.4,263486
09/07/2012,23.981,24.527,23.048,23.166,243933
10/07/2012,23.191,23.435,22.696,22.696,280617
11/07/2012,22.931,22.931,21.401,21.923,578509
12/07/2012,21.838,21.991,21.268,21.838,242120
13/07/2012,22.124,22.46,21.838,22.41,203935
16/07/2012,22.46,22.511,22.016,22.477,132508
17/07/2012,22.259,22.46,21.838,21.906,155981
18/07/2012,22.209,22.209,21.629,21.923,128931
19/07/2012,22.007,22.174,21.68,22.124,205826
20/07/2012,21.856,22.174,21.856,22.174,106272
23/07/2012,21.671,21.754,20.462,20.704,474316
24/07/2012,20.663,20.746,20.217,20.345,259682
25/07/2012,20.176,20.746,20.176,20.546,229320
26/07/2012,20.546,21.209,20.546,20.755,302257
27/07/2012,21.008,21.293,21.008,21.167,125169
30/07/2012,21.377,21.41,20.839,21.184,192783
31/07/2012,21.293,21.999,21.251,21.999,524547
01/08/2012,21.754,22.679,21.72,22.595,416180
02/08/2012,22.579,22.812,22.007,22.469,247108
03/08/2012,22.174,22.821,22.174,22.821,202933
06/08/2012,22.931,23.174,22.259,22.915,179697
07/08/2012,22.931,23.048,22.511,22.838,127527
08/08/2012,22.679,22.679,22.392,22.638,90281
09/08/2012,22.762,23.226,22.721,23.226,437282
10/08/2012,23.217,23.217,22.679,22.703,186898
13/08/2012,22.753,22.88,22.679,22.696,80792
14/08/2012,22.679,22.847,22.385,22.502,83901
16/08/2012,22.502,23.016,22.427,22.965,197222
17/08/2012,22.965,23.016,22.52,22.579,84632
20/08/2012,22.553,22.847,22.385,22.385,61145
21/08/2012,22.243,22.334,21.68,21.873,358443
22/08/2012,21.713,21.915,21.461,21.587,103727
23/08/2012,21.671,21.973,21.52,21.664,100581
24/08/2012,21.754,22.091,21.502,22.083,107681
27/08/2012,22.091,22.158,21.822,22.007,52267
28/08/2012,21.772,22.04,21.729,21.729,130786
29/08/2012,21.763,21.991,21.629,21.906,100492
30/08/2012,21.83,21.838,21.553,21.587,162301
31/08/2012,21.797,22.243,21.754,22.243,170072
03/09/2012,22.385,22.956,22.343,22.679,269982
04/09/2012,22.679,22.78,22.477,22.553,160050
05/09/2012,22.679,22.679,22.469,22.511,164420
06/09/2012,22.553,23.057,22.444,22.973,306318
07/09/2012,22.889,23.544,22.889,23.544,505200
10/09/2012,23.544,24.09,23.477,23.981,318210
11/09/2012,23.435,23.981,23.293,23.981,161183
12/09/2012,24.022,24.081,23.662,23.83,129017
13/09/2012,23.821,23.846,23.351,23.518,208491
14/09/2012,24.276,25.081,24.191,25.081,633130
17/09/2012,25.115,25.744,25.106,25.702,394730
18/09/2012,25.619,26.719,25.619,26.317,468695
19/09/2012,26.425,26.88,26.332,26.88,440229
20/09/2012,26.039,26.501,25.526,26.501,409089
21/09/2012,26.114,26.366,25.787,25.871,358330
24/09/2012,25.846,26.416,25.535,26.357,109718
25/09/2012,26.349,26.459,25.728,25.997,234605
26/09/2012,25.468,25.535,25.106,25.25,322892
27/09/2012,25.619,26.014,25.535,26.014,245761
28/09/2012,26.039,26.375,25.669,26.375,163578
01/10/2012,25.921,26.88,25.921,26.88,149166
02/10/2012,26.88,27.819,26.88,27.509,422308
03/10/2012,27.701,27.701,27.047,27.467,134609
04/10/2012,27.525,27.719,27.063,27.492,151206
05/10/2012,27.157,27.719,26.904,27.719,159440
08/10/2012,27.719,27.719,27.097,27.097,97901
09/10/2012,27.3,27.667,26.736,26.795,115633
10/10/2012,26.668,27.047,26.207,27.029,287663
11/10/2012,27.029,27.542,27.029,27.131,83411
12/10/2012,27.131,27.266,26.466,26.466,176857
15/10/2012,26.475,26.812,26.021,26.743,127691
16/10/2012,26.711,27.004,26.383,26.627,219617
17/10/2012,26.618,26.618,26.416,26.459,160264
18/10/2012,26.627,27.097,25.611,25.611,262249
19/10/2012,25.778,26.021,24.982,25.115,212124
22/10/2012,25.199,25.56,24.982,25.072,82051
23/10/2012,25.199,25.291,24.778,24.938,151126
24/10/2012,25.031,25.56,24.988,25.408,114540
25/10/2012,25.669,26.357,25.669,26.283,188796
26/10/2012,26.375,27.172,25.702,26.383,174959
29/10/2012,26.836,26.921,26.551,26.551,38407
30/10/2012,26.971,27.971,26.971,27.945,544155
31/10/2012,28.138,28.542,27.659,28.265,285934
02/11/2012,28.265,28.306,27.719,28.054,1061395
05/11/2012,27.71,27.971,27.659,27.76,110656
06/11/2012,27.551,27.886,27.551,27.802,81289
07/11/2012,27.81,28.122,27.105,27.719,151523
08/11/2012,27.215,27.795,27.215,27.719,321131
09/11/2012,27.693,27.836,27.232,27.39,139384
12/11/2012,27.382,28.122,27.382,27.76,380532
13/11/2012,27.76,27.954,27.652,27.886,662157
14/11/2012,27.971,28.684,27.886,28.432,489411
15/11/2012,28.559,28.953,28.416,28.769,360336
16/11/2012,28.726,29.423,28.726,29.356,208908
19/11/2012,29.398,30.767,29.365,30.322,313261
20/11/2012,30.322,30.743,29.398,29.734,212699
21/11/2012,29.65,30.7,29.65,29.985,216505
22/11/2012,29.819,30.197,29.7,29.971,155730
23/11/2012,30.146,30.146,28.895,29.314,219545
26/11/2012,29.423,29.903,29.39,29.903,113038
27/11/2012,30.12,30.734,29.793,30.02,323490
28/11/2012,29.903,31.053,29.734,31.053,199997
29/11/2012,31.163,31.741,31.163,31.708,253015
30/11/2012,31.75,32.379,31.708,31.708,685495
03/12/2012,31.759,32.715,31.759,32.715,230745
04/12/2012,32.758,32.758,32.255,32.674,271874
05/12/2012,32.993,33.179,32.616,33.01,426946
06/12/2012,33.061,33.935,33.061,33.758,606768
07/12/2012,33.935,34.917,33.774,34.859,456139
10/12/2012,34.439,35.152,34.354,34.859,412661
11/12/2012,34.859,36.118,34.657,36.118,455047
12/12/2012,35.966,36.774,35.37,35.438,388347
13/12/2012,34.9,35.363,33.85,33.85,494198
14/12/2012,33.935,35.27,33.858,35.11,454803
17/12/2012,35.237,35.429,34.582,35.11,237627
18/12/2012,34.859,35.363,34.859,35.195,302869
19/12/2012,35.278,35.732,34.867,35.278,376600
20/12/2012,34.876,35.69,34.715,35.605,308415
21/12/2012,35.363,35.69,34.867,35.53,509544
27/12/2012,35.11,35.774,35.11,35.69,127773
28/12/2012,35.69,35.69,34.607,34.607,217191
02/01/2013,35.875,36.101,35.455,35.573,162742
03/01/2013,35.53,35.866,35.195,35.413,174698
04/01/2013,35.614,35.614,33.85,34.103,390693
07/01/2013,34.103,34.43,32.338,32.49,542651
08/01/2013,31.919,33.254,31.919,32.086,767380
09/01/2013,32.338,32.859,32.255,32.498,334203
10/01/2013,32.968,33.263,32.876,32.927,421483
11/01/2013,33.094,33.129,32.238,32.295,211922
14/01/2013,32.506,33.094,32.473,33.094,262295
15/01/2013,32.968,33.263,32.607,32.843,190886
16/01/2013,32.338,33.497,32.322,33.406,327126
17/01/2013,33.406,34.153,33.287,33.354,416656
18/01/2013,33.489,33.707,32.919,33.599,353939
21/01/2013,33.531,33.557,32.674,33.557,91747
22/01/2013,33.557,33.557,33.22,33.43,159516
23/01/2013,33.371,33.951,32.952,33.767,161444
24/01/2013,33.413,33.85,33.187,33.767,179124
25/01/2013,33.599,33.901,33.263,33.59,229642
28/01/2013,33.59,33.59,32.935,33.263,148389
29/01/2013,33.263,33.54,32.927,32.927,229994
30/01/2013,33.179,33.91,32.859,33.01,375510
31/01/2013,33.724,33.724,33.187,33.59,326926
01/02/2013,33.599,33.749,33.303,33.472,239256
04/02/2013,33.515,33.648,31.994,31.994,219089
05/02/2013,32.061,33.179,32.018,33.179,428477
06/02/2013,33.179,33.263,31.414,31.414,222652
07/02/2013,31.499,31.959,30.954,30.994,370862
08/02/2013,31.246,31.549,30.835,31.33,355185
11/02/2013,31.666,31.834,31.423,31.733,75428
12/02/2013,31.75,32.07,31.154,31.163,173762
13/02/2013,31.632,31.834,31.246,31.784,239804
14/02/2013,31.75,31.893,31.213,31.893,156367
15/02/2013,31.583,32.473,31.583,32.379,214738
18/02/2013,32.548,33.094,32.548,33.094,204787
19/02/2013,33.01,33.85,33.01,33.85,590911
20/02/2013,33.724,34.246,33.724,33.858,294831
21/02/2013,33.347,33.599,32.859,33.599,257764
22/02/2013,33.187,34.009,33.179,33.935,97927
25/02/2013,33.674,35.472,33.674,34.859,402632
26/02/2013,34.439,34.85,34.312,34.38,194603
27/02/2013,34.514,35.018,34.018,35.018,208142
28/02/2013,35.11,35.11,34.723,35.085,132894
01/03/2013,35.068,35.195,34.682,34.682,224412
04/03/2013,34.682,34.707,34.044,34.607,292375
05/03/2013,34.85,35.597,34.607,35.488,230716
06/03/2013,35.85,36.538,35.698,36.144,408812
07/03/2013,36.118,36.453,35.883,35.883,184720
08/03/2013,36.37,37.773,36.286,37.757,431734
11/03/2013,37.377,37.739,36.957,36.966,191988
12/03/2013,36.983,37.79,36.614,37.118,227676
13/03/2013,37.042,37.042,35.698,36.387,313936
14/03/2013,36.118,38.177,36.118,37.311,478475
15/03/2013,37.672,38.033,36.302,36.538,842900
18/03/2013,36.11,36.118,35.363,36.11,221792
19/03/2013,35.698,36.033,35.22,35.942,206391
20/03/2013,35.983,36.453,35.942,36.244,106457
21/03/2013,36.453,36.53,35.404,35.404,273482
22/03/2013,34.867,35.363,34.715,34.867,157328
25/03/2013,35.564,35.589,34.103,34.345,125245
26/03/2013,34.439,35.195,34.321,34.439,111265
27/03/2013,34.698,35.059,34.111,34.774,112836
28/03/2013,34.774,34.808,33.682,34.354,175182
02/04/2013,34.018,34.817,34.018,34.817,85084
03/04/2013,34.523,34.934,33.094,33.246,378666
04/04/2013,33.246,34.732,33.246,34.336,427113
05/04/2013,34.631,34.757,33.371,33.531,215851
08/04/2013,34.153,34.336,33.01,33.01,208804
09/04/2013,33.406,34.077,32.379,34.077,178437
10/04/2013,33.616,34.648,33.599,34.018,417910
11/04/2013,34.354,34.859,34.018,34.354,465883
12/04/2013,34.439,34.439,34.077,34.439,105707
15/04/2013,34.514,34.817,33.472,34.38,351576
17/04/2013,34.757,34.817,33.639,34.312,579969
18/04/2013,34.439,34.439,33.263,33.263,888428
19/04/2013,33.263,33.826,32.758,33.279,942638
22/04/2013,33.413,34.077,32.843,32.884,552653
23/04/2013,32.884,33.052,32.018,32.388,564234
24/04/2013,32.683,32.852,32.264,32.758,431854
25/04/2013,32.758,33.464,32.196,32.591,769240
26/04/2013,32.632,32.691,32.036,32.548,111741
29/04/2013,32.715,32.758,32.255,32.548,150051
30/04/2013,32.632,32.632,31.541,31.893,479731
02/05/2013,31.919,33.001,31.792,32.338,153562
06/05/2013,32.423,33.161,31.959,32.758,206878
07/05/2013,32.255,34.009,31.919,33.515,471617
08/05/2013,33.767,33.842,33.22,33.506,269148
09/05/2013,33.599,33.682,32.843,33.522,156772
10/05/2013,33.599,33.599,32.414,32.591,257015
13/05/2013,32.338,32.843,32.213,32.843,327528
14/05/2013,32.927,33.682,32.591,33.179,281116
15/05/2013,33.581,33.976,33.01,33.976,185829
16/05/2013,34.094,35.059,33.826,34.523,346297
17/05/2013,34.439,34.859,34.103,34.455,151375
20/05/2013,34.455,34.85,34.018,34.018,68193
21/05/2013,34.103,34.119,32.927,33.263,206460
22/05/2013,33.682,33.682,33.052,33.347,153699
23/05/2013,32.657,32.927,31.919,32.674,363106
24/05/2013,32.355,33.497,32.355,33.489,159179
27/05/2013,33.599,34.396,33.515,34.303,270282
28/05/2013,34.439,35.656,34.439,35.488,253221
29/05/2013,35.286,35.639,35.027,35.639,289089
31/05/2013,35.278,36.092,35.195,36.092,513301
03/06/2013,35.304,35.782,35.304,35.505,182854
04/06/2013,35.614,35.698,35.286,35.698,159870
05/06/2013,35.631,35.949,35.278,35.514,230212
06/06/2013,35.447,35.815,34.959,35.278,142140
07/06/2013,35.261,35.824,34.648,35.782,568551
10/06/2013,35.698,36.538,35.622,36.538,305724
11/06/2013,36.169,36.497,35.447,36.033,340402
12/06/2013,36.076,36.194,35.472,35.782,230281
13/06/2013,34.859,35.253,34.732,35.001,264922
14/06/2013,35.278,35.395,34.362,34.439,257216
17/06/2013,34.439,34.808,33.481,33.935,262846
18/06/2013,33.935,34.103,33.624,33.624,136270
19/06/2013,33.699,34.077,33.347,33.639,359180
20/06/2013,33.01,33.515,31.33,31.339,241579
21/06/2013,31.583,31.86,29.827,29.827,533752
24/06/2013,29.566,30.306,29.398,29.819,253475
25/06/2013,30.658,30.994,30.113,30.248,478608
26/06/2013,30.154,30.658,29.483,30.129,574596
27/06/2013,30.239,30.499,28.357,28.39,353786
28/06/2013,28.987,30.154,28.769,30.154,561721
01/07/2013,29.44,30.869,29.44,30.869,175396
02/07/2013,30.869,32.137,30.466,31.834,223559
03/07/2013,31.784,31.876,31.205,31.339,206149
04/07/2013,31.792,31.792,30.7,31.708,86594
05/07/2013,31.826,31.826,30.919,31.313,117295
08/07/2013,31.482,31.482,30.248,30.877,197113
09/07/2013,30.877,31.128,30.02,31.078,151354
10/07/2013,30.961,32.665,30.75,32.338,255342
11/07/2013,32.464,33.238,32.464,32.75,284892
12/07/2013,32.927,33.406,32.027,32.927,330837
15/07/2013,33.17,33.296,32.657,32.927,297471
16/07/2013,33.094,33.094,31.373,31.38,565222
17/07/2013,31.339,32.07,31.112,31.112,570823
18/07/2013,31.121,31.397,30.826,30.869,243098
19/07/2013,30.91,31.725,30.793,31.523,255823
22/07/2013,31.289,31.515,31.003,31.036,114560
23/07/2013,31.373,31.373,30.07,30.07,456090
24/07/2013,30.07,30.985,30.07,30.743,238072
25/07/2013,30.81,30.81,29.861,30.322,95985
26/07/2013,30.146,30.197,28.726,28.726,436652
29/07/2013,28.979,29.055,27.971,28.197,401917
30/07/2013,28.559,28.81,27.693,27.862,333503
31/07/2013,27.895,28.895,27.845,27.845,426122
01/08/2013,28.332,28.971,28.323,28.852,328528
02/08/2013,28.979,31.062,28.979,30.113,585803
05/08/2013,30.533,30.658,30.113,30.658,195681
06/08/2013,30.649,30.902,30.372,30.826,191727
07/08/2013,30.658,31.919,30.281,31.919,482611
08/08/2013,31.741,32.548,31.741,32.338,683015
09/08/2013,32.322,32.758,31.44,31.541,774461
12/08/2013,31.919,31.919,31.087,31.792,250027
13/08/2013,31.919,32.078,30.91,31.49,352404
14/08/2013,31.482,31.919,30.954,31.733,360523
16/08/2013,31.608,31.7,31.078,31.397,109356
19/08/2013,31.373,31.919,30.658,31.919,207549
20/08/2013,31.246,32.146,31.246,31.33,272462
21/08/2013,31.566,31.91,30.852,30.852,302628
22/08/2013,31.078,31.994,30.869,31.893,500559
23/08/2013,31.919,32.322,31.179,31.179,269101
26/08/2013,31.75,32.187,31.592,31.834,214961
27/08/2013,31.499,31.893,30.708,31.036,191487
28/08/2013,31.078,32.086,30.415,31.666,624934
29/08/2013,31.708,32.17,31.691,31.809,290180
30/08/2013,31.919,31.994,31.163,31.994,239157
02/09/2013,32.103,32.246,31.682,31.818,105026
03/09/2013,31.843,32.052,31.095,31.146,302517
04/09/2013,31.095,31.784,30.575,30.658,223155
05/09/2013,30.415,30.793,28.408,30.39,622527
06/09/2013,29.483,30.985,29.483,30.239,362115
09/09/2013,30.7,30.994,30.239,30.994,157333
10/09/2013,30.994,31.91,30.676,31.91,309049
11/09/2013,31.826,31.826,30.886,31.566,178612
12/09/2013,31.549,31.741,31.078,31.078,132683
13/09/2013,31.003,31.003,30.658,30.658,99376
16/09/2013,31.078,31.222,30.322,30.558,83775
17/09/2013,30.49,31.078,30.239,31.078,135689
18/09/2013,30.894,31.078,30.575,30.658,63868
19/09/2013,31.49,31.49,30.801,31.154,108530
20/09/2013,31.238,31.33,30.667,31.087,219673
23/09/2013,31.163,31.364,30.708,31.078,152495
24/09/2013,31.078,31.222,30.658,30.683,104576
25/09/2013,30.826,30.936,30.54,30.549,170077
26/09/2013,30.81,31.321,30.54,31.205,144289
27/09/2013,30.743,31.339,30.743,31.163,266198
30/09/2013,31.154,31.339,30.835,30.91,120474
01/10/2013,30.7,31.231,30.49,31.087,148904
02/10/2013,30.826,31.078,30.676,30.743,80929
03/10/2013,30.743,30.961,30.617,30.961,48531
04/10/2013,30.954,30.954,30.322,30.423,115607
07/10/2013,30.6,30.767,30.239,30.767,53828
08/10/2013,30.743,30.91,30.281,30.33,91739
09/10/2013,30.33,30.634,29.911,29.92,114881
10/10/2013,30.239,30.826,29.928,30.575,126661
11/10/2013,30.81,31.246,30.508,31.187,145572
14/10/2013,31.163,31.405,30.785,31.263,74103
15/10/2013,31.499,31.986,30.954,30.954,229854
16/10/2013,30.954,31.91,30.954,31.456,132796
17/10/2013,31.583,31.666,30.994,30.994,95629
18/10/2013,31.33,31.33,30.743,31.289,134398
21/10/2013,31.431,32.12,31.423,32.12,235852
22/10/2013,32.17,32.423,31.986,32.011,218733
23/10/2013,31.91,32.506,31.507,32.338,146767
24/10/2013,32.423,32.893,32.423,32.758,155200
25/10/2013,32.767,32.884,32.011,32.086,201170
28/10/2013,32.657,32.657,32.103,32.338,477730
29/10/2013,32.968,34.187,32.927,33.515,1455078
30/10/2013,33.581,33.581,32.591,32.968,241260
31/10/2013,32.657,32.968,31.666,31.666,461554
04/11/2013,31.708,32.506,31.499,32.506,224897
05/11/2013,33.179,34.103,32.867,33.515,782107
06/11/2013,33.557,33.599,32.859,33.094,82630
07/11/2013,32.927,33.085,32.295,32.648,273890
08/11/2013,32.154,32.758,31.876,32.295,216787
12/11/2013,32.715,32.733,32.304,32.548,140176
13/11/2013,32.338,32.456,31.928,32.011,161454
14/11/2013,32.724,32.724,32.036,32.086,75155
15/11/2013,32.506,33.035,32.17,33.01,152860
18/11/2013,32.674,33.263,32.506,33.263,292073
19/11/2013,33.421,33.724,32.809,33.573,422656
20/11/2013,33.179,34.018,33.179,34.018,238816
21/11/2013,33.69,33.767,33.472,33.472,286759
22/11/2013,33.599,33.767,33.347,33.347,82149
25/11/2013,33.724,34.06,33.682,34.06,182792
26/11/2013,33.724,33.741,32.817,32.968,522240
27/11/2013,32.968,33.338,32.715,32.843,119294
28/11/2013,33.001,33.338,32.388,32.843,67470
29/11/2013,32.927,33.489,32.624,33.464,81949
02/12/2013,33.303,33.464,32.515,32.758,308122
03/12/2013,32.548,33.17,32.264,32.758,297484
04/12/2013,32.758,32.758,31.977,32.002,227382
05/12/2013,32.002,32.161,31.431,31.583,181427
06/12/2013,31.583,31.994,31.38,31.38,143203
09/12/2013,31.499,32.264,31.499,31.91,64286
10/12/2013,31.583,32.137,31.179,31.928,171838
11/12/2013,31.885,31.994,31.321,31.321,69274
12/12/2013,31.078,31.238,30.54,30.608,166148
13/12/2013,30.575,30.91,30.347,30.81,160585
16/12/2013,30.826,30.91,30.33,30.826,193467
17/12/2013,30.481,30.734,29.407,29.525,161107
18/12/2013,29.525,29.985,28.979,29.398,192184
19/12/2013,29.693,29.903,28.559,29.079,186094
20/12/2013,29.079,29.776,28.483,29.767,548591
23/12/2013,29.398,30.649,29.398,30.213,93332
27/12/2013,30.248,30.406,29.407,29.491,76727
30/12/2013,29.793,30.18,29.642,29.776,127105