26/06/2013,99.218,103.3,96.736,100.89,1757843
27/06/2013,102.13,104.13,98.396,98.653,2176682
28/06/2013,99.64,101.22,97.57,100.48,2599054
01/07/2013,102.55,104.79,100.97,104.45,1215562
02/07/2013,104.83,106.22,103.92,105.45,1748736
03/07/2013,104.63,106.22,102.46,105.05,1515634
04/07/2013,105.45,107.95,105.2,107.95,1310600
05/07/2013,107.87,108.32,103.72,103.8,1193356
08/07/2013,104.63,106.08,103.38,103.38,814017
09/07/2013,105.05,105.33,101.3,101.3,1250356
10/07/2013,103.75,103.97,102.02,102.47,1446035
11/07/2013,105.18,106.9,104.74,105.82,1547599
12/07/2013,106.53,107.9,104.55,107.9,922876
15/07/2013,107.43,109.07,107.36,108.8,845145
16/07/2013,108.8,109.16,105.73,105.73,696779
17/07/2013,105.55,105.55,102.47,102.92,1158104
18/07/2013,103.38,103.79,96.516,102.02,1963640
19/07/2013,101.67,103.75,100,103.75,801368
22/07/2013,104.19,105.4,104.01,104.45,475116
23/07/2013,104.74,106.09,104.33,106.09,611004
24/07/2013,106,107.63,105.01,106.09,980075
25/07/2013,105.6,105.73,102.97,103.75,932761
26/07/2013,103.25,103.75,100.85,101.12,584100
29/07/2013,101.94,102.57,98.861,102.52,528843
30/07/2013,103.1,103.1,100.12,101.02,558084
31/07/2013,101.57,102.57,100.22,100.22,975913
01/08/2013,101.12,103.33,100.94,102.75,817033
02/08/2013,102.75,106.5,102.75,105.95,1071161
05/08/2013,106.76,106.95,105.4,106.72,667401
06/08/2013,106.72,106.72,104.1,104.45,816044
07/08/2013,103.65,104.65,102.92,103.75,449355
08/08/2013,105.01,109.11,105.01,107.43,1705065
09/08/2013,108.39,114.13,108.39,113.72,1926193
12/08/2013,112.86,116.92,112.27,115.69,1658179
13/08/2013,116.12,117.73,113.81,115.07,1088536
14/08/2013,113.81,115.03,111.74,112.86,2156355
16/08/2013,113.13,114.04,111.95,111.95,663248
19/08/2013,112.41,112.77,110.38,111.05,860292
20/08/2013,109.97,113.27,108.88,110.96,984429
21/08/2013,111.05,112.95,111.05,111.05,676758
22/08/2013,111.42,115.89,111.42,115.84,1285317
23/08/2013,116.47,117.92,115.25,116.56,1037054
26/08/2013,117.38,119.04,116.64,116.69,814230
27/08/2013,116.24,116.29,112.45,112.95,1192762
28/08/2013,113.13,113.49,111.05,112.41,950911
29/08/2013,113.31,114.53,111.59,111.59,554630
30/08/2013,111.74,112.86,110.15,110.69,1144889
02/09/2013,113.13,116.02,113,115.93,769365
03/09/2013,116.47,116.87,113.22,113.31,617958
04/09/2013,112.95,114.89,109.93,111.33,1112464
05/09/2013,110.61,112.13,104.96,105.14,1804052
06/09/2013,106.09,111.28,105.4,108.35,1549822
09/09/2013,110.88,113.77,109.74,113.22,1252328
10/09/2013,114.39,114.84,112,112,1364214
11/09/2013,112.69,113.67,110.69,113.31,772194
12/09/2013,112.41,114.62,111.64,114.62,1289467
13/09/2013,113.77,114.34,111.95,111.95,741419
16/09/2013,113.67,114.34,110.61,110.61,1005834
17/09/2013,110.56,112.32,109.93,111.79,531916
18/09/2013,112.27,113.08,111.05,111.79,459508
19/09/2013,116.56,117.24,115.12,115.12,2192299
20/09/2013,115.29,115.38,112.95,114.17,1112477
23/09/2013,113.31,114.09,111.95,111.95,698667
24/09/2013,112.04,112.09,110.69,111.79,898905
25/09/2013,111.95,113.13,110.88,112.04,474373
26/09/2013,112.72,114.67,112.59,114.21,1670634
27/09/2013,114.76,114.76,111.69,111.95,951857
30/09/2013,111.05,112.49,110.78,111.33,589532
01/10/2013,111.23,111.42,109.11,109.34,1719780
02/10/2013,109.78,110.1,106.99,107.9,2418789
03/10/2013,108.35,109.34,107.43,108.35,873456
04/10/2013,108.26,109.16,107.09,109.07,1296025
07/10/2013,108.16,108.35,105.68,106.81,1305976
08/10/2013,106.72,107.99,106.35,107.7,574259
09/10/2013,106.81,108.88,106.35,108.35,629070
10/10/2013,108.8,112.32,108.39,112.32,1101421
11/10/2013,112.64,113.22,109.52,111.05,1523298
14/10/2013,110.24,111.55,109.7,110.15,744237
15/10/2013,111.55,112.86,110.74,111.23,1185149
16/10/2013,111.05,112.69,109.83,111.87,870119
17/10/2013,110.78,111.87,110.02,110.1,677896
18/10/2013,110.92,110.92,108.98,109.56,1011339
21/10/2013,110.15,111.69,109.97,111.69,1227227
22/10/2013,111.95,112.27,110.24,111.74,1495024
23/10/2013,110.96,111.37,109.48,109.61,1181413
24/10/2013,110.56,111.23,109.74,111.23,730845
25/10/2013,110.69,110.69,109.44,109.97,621976
28/10/2013,110.61,111.28,110.24,111.14,623714
29/10/2013,110.78,112.37,110.78,112.04,806840
30/10/2013,112.49,112.77,110.96,112.27,1161241
31/10/2013,111.51,112.49,111.28,112.45,1707646
04/11/2013,112.59,113.03,111.79,112.82,957099
05/11/2013,113.03,113.59,111.1,111.42,1021047
06/11/2013,111.59,112.86,111.19,112.86,570460
07/11/2013,112.69,113.13,111.37,112.23,1099254
08/11/2013,111.37,111.79,110.38,111.51,629802
12/11/2013,111.95,111.95,108.35,108.35,1215692
13/11/2013,106.45,107.18,102.11,103.06,1973562
14/11/2013,104.96,105.82,104.28,104.65,1328065
15/11/2013,105.28,107.9,105.28,107.9,748181
18/11/2013,108.8,110.15,107.75,110.05,1068371
19/11/2013,109.65,109.65,107.99,108.8,724024
20/11/2013,108.35,109.97,108.35,109.88,497966
21/11/2013,108.8,109.25,108.58,108.75,387596
22/11/2013,109.83,110.05,108.65,109.61,472644
25/11/2013,110.15,110.92,109.74,110.92,885854
26/11/2013,110.19,110.51,108.98,110.05,1206278
27/11/2013,109.97,110.43,108.39,109.25,841638
28/11/2013,109.7,109.97,103.87,105.63,1704745
29/11/2013,106,106.95,104.78,106.95,1019074
02/12/2013,106.9,106.9,104.33,104.74,995637
03/12/2013,104.74,104.92,100.76,102.47,1145136
04/12/2013,101.97,103.47,99.59,102.66,1602049
05/12/2013,103.06,103.6,101.12,101.12,930542
06/12/2013,101.49,102.66,100.66,101.84,1086206
09/12/2013,102.97,103.97,101.97,103.84,760706
10/12/2013,104.55,105.45,103.06,105.45,673916
11/12/2013,104.74,106.58,103.84,104.74,1168231
12/12/2013,104.05,104.45,102.75,102.8,920851
13/12/2013,103.1,104.05,102.8,103.79,830533
16/12/2013,102.92,103.84,102.8,103.6,924834
17/12/2013,103.6,104.15,103.06,103.2,881379
18/12/2013,103.2,105.91,102.66,104.28,1365119
19/12/2013,105.36,105.77,102.8,103.84,1093816
20/12/2013,103.38,103.97,101.57,102.92,2293984
23/12/2013,103.84,104.28,103.38,103.52,338453
27/12/2013,104.23,105.45,103.47,105.45,382470
30/12/2013,105.45,106.53,104.78,106.53,481092
02/01/2014,107.26,107.8,106.45,107.09,365317
03/01/2014,106.9,107.7,106.05,106.72,593642
07/01/2014,106,106.05,103.87,104.45,925723
08/01/2014,103.92,105.63,103.65,104.6,718682
09/01/2014,104.6,104.82,100.63,101.3,1382154
10/01/2014,101.4,101.57,100.4,100.76,1135176
13/01/2014,101.4,103.33,100.9,103.01,1064177
14/01/2014,102.02,103.38,101.49,103.38,574104
15/01/2014,103.38,103.38,102.2,102.7,845341
16/01/2014,102.92,104.01,101.84,102.75,626705
17/01/2014,103.33,103.75,102.16,102.75,909054
20/01/2014,103.38,103.38,101.71,102.47,599847
21/01/2014,103.06,103.6,102.3,102.66,513417
22/01/2014,102.66,103.6,102.3,103.1,458771
23/01/2014,102.66,104.37,102.35,102.47,649809
24/01/2014,102.47,103.01,99.317,99.317,1316063
27/01/2014,98.589,100.22,97.24,99.317,1085144
28/01/2014,100.17,100.4,98.143,99.95,1081841
29/01/2014,101.12,101.12,97.736,98.682,1024637
30/01/2014,97.512,98.415,94.439,98.415,1501884
31/01/2014,98.318,98.96,95.708,98.861,1294716
03/02/2014,98.415,100.17,97.648,98.415,794116
04/02/2014,95.887,96.969,95.032,95.482,1433372
05/02/2014,95.341,96.92,94.533,95.435,1578594
06/02/2014,96.291,97.463,94.664,96.881,946188
07/02/2014,97.512,97.687,96.018,96.431,879995
10/02/2014,96.609,96.793,93.81,93.904,1100908
11/02/2014,94.758,94.758,91.552,93.904,1034278
12/02/2014,94.805,98.095,94.618,98.095,1904390
13/02/2014,98.24,99.446,97.463,99.446,1006754
14/02/2014,99.76,102.11,98.772,101.62,1126202
17/02/2014,102.2,105.14,102.07,104.45,1440637
18/02/2014,105.1,105.28,102.62,102.92,1068129
19/02/2014,102.92,104.23,102.66,104.19,744058
20/02/2014,102.57,103.84,102.3,103.84,1368947
21/02/2014,103.97,105.01,103.56,103.84,609396
24/02/2014,103.79,103.84,102.8,103.56,604426
25/02/2014,103.56,103.65,102.62,103.1,502723
26/02/2014,102.92,105.01,102.52,103.15,979320
27/02/2014,103.33,104.15,101.52,102.3,1162101
28/02/2014,102.62,106.05,102.47,105.55,1409424
03/03/2014,102.3,103.15,99.495,101.57,2253720
04/03/2014,102.11,104.82,102.11,104.82,1050220
05/03/2014,104.82,108.88,104.65,108.88,2844185
06/03/2014,109.16,110.43,108.16,109.65,1169095
07/03/2014,109.25,109.29,104.55,104.74,2525645
10/03/2014,103.06,103.06,98.722,98.96,2298811
11/03/2014,100.22,100.55,94.355,94.355,2257806
12/03/2014,94.805,95.435,91.237,92.907,2716700
13/03/2014,93.493,93.988,92.139,92.139,1326104
14/03/2014,91.281,91.642,89.115,91.642,1539276
17/03/2014,91.914,94.664,91.416,94.664,1007121
18/03/2014,95.032,96.244,94.439,94.712,1214198
19/03/2014,94.082,94.439,89.205,90.738,1876816
20/03/2014,91.237,92.545,89.98,90.198,1447236
21/03/2014,91.552,92.139,90.215,90.693,1611211
24/03/2014,91.914,92.545,90.738,91.596,454954
25/03/2014,92.817,96.291,92.725,95.163,1109532
26/03/2014,96.609,97.599,95.21,96.16,1227216
27/03/2014,96.16,96.697,94.712,94.712,744396
28/03/2014,95.708,97.104,95.614,96.609,889420
31/03/2014,97.337,98.318,97.337,98.318,680640
01/04/2014,98.415,98.502,97.376,98.269,522823
02/04/2014,98.415,98.589,97.337,98.463,1143115
03/04/2014,98.415,98.415,94.355,95.07,1062370
04/04/2014,95.708,96.969,94.439,96.609,1521660
07/04/2014,95.66,98.143,95.032,97.376,2042040
08/04/2014,97.512,100.63,97.512,100.63,1352161
09/04/2014,100.8,105.45,100.63,104.05,4868791
10/04/2014,104.45,105.86,103.06,103.06,2750388
11/04/2014,102.4,104.05,101.71,104.01,1100103
14/04/2014,103.01,103.33,102.2,102.97,683479
15/04/2014,103.2,103.47,101.17,101.17,997239
16/04/2014,101.67,102.43,100.04,100.5,987698
17/04/2014,100.71,101.52,99.416,101.52,592144
22/04/2014,101.52,103.1,101.3,102.92,301576
23/04/2014,103.38,103.7,102.11,102.92,298651
24/04/2014,103.06,103.84,101.49,103.1,674141
25/04/2014,103.1,103.1,100.22,100.22,509343
28/04/2014,100.76,101.52,100.32,100.66,355962
29/04/2014,100.94,101.84,100,100.99,501158
30/04/2014,101.45,101.89,98.821,98.821,869548
02/05/2014,99.72,100.58,98.861,99.95,339206
05/05/2014,99.76,100.5,99.267,100.12,213428
06/05/2014,100.76,100.76,99.366,100.08,355571
07/05/2014,99.63,100.55,99.416,100.04,686944
08/05/2014,100.22,101.21,100.22,100.66,534410
09/05/2014,101.02,101.52,99.416,99.9,222211
12/05/2014,100.9,105.55,100.9,105.45,1605528
13/05/2014,105.45,106.81,104.28,105.45,1464131
14/05/2014,105.18,106.09,104.42,106.09,1095164
15/05/2014,102.11,105.32,102.11,104.82,1187686
16/05/2014,104.28,104.82,102.11,102.85,771806
19/05/2014,103.2,104.65,103.06,104.19,427092
20/05/2014,104.55,105.14,103.47,105.14,820255
21/05/2014,104.37,105.14,103.25,103.97,571716
22/05/2014,105.36,105.6,104.15,105.36,1389065
23/05/2014,105.63,106.76,105.18,105.45,975179
26/05/2014,106.19,107.18,106.09,106.53,587965
27/05/2014,106.45,106.45,105.6,105.63,729116
28/05/2014,106.05,106.19,104.6,104.82,956762
29/05/2014,104.82,106.53,103.87,106.09,1643130
30/05/2014,105.68,106,104.65,104.65,1115655
02/06/2014,105.36,106.19,104.5,105.86,658093
03/06/2014,106.63,109.83,106.58,109.2,2505525
04/06/2014,108.8,109.61,107.53,109.61,976614
05/06/2014,109.74,111.05,109.2,109.7,1161877
06/06/2014,109.65,109.97,106.9,106.9,964150
09/06/2014,107.67,108.65,107.09,107.09,559215
10/06/2014,107.9,108.75,106.72,107.43,940199
11/06/2014,108.39,108.88,107.58,108.08,1414806
12/06/2014,108.26,108.35,106.95,107.21,617639
13/06/2014,107.43,108.21,107.36,107.8,380156
16/06/2014,107.36,108.98,106.81,108.44,519280
17/06/2014,109.16,110.74,109.07,110.15,623343
18/06/2014,110.83,113.4,110.65,113.4,1318254
20/06/2014,113.31,114.57,112.86,113.67,1270112
23/06/2014,113.49,115.03,113.08,113.4,893755
24/06/2014,113.31,113.89,112.41,112.69,775212
25/06/2014,112.77,112.86,110.51,111.05,770419
26/06/2014,111.95,112.72,110.56,112.32,788473
27/06/2014,111.79,113.67,111.64,112.23,390348
30/06/2014,112.82,113.17,111.87,112.37,659059
01/07/2014,112.86,113.35,111.14,111.14,740286
02/07/2014,111.33,114.04,111.33,113.77,1195520
03/07/2014,114.21,114.94,113.81,114.67,1425716
04/07/2014,115.61,118.01,115.61,117.67,947560
07/07/2014,117.4,118.29,116.26,116.54,607677
08/07/2014,117.2,117.67,116.36,116.54,510558
09/07/2014,116.36,116.92,115.23,115.61,450252
10/07/2014,115.51,116.54,112.93,114.67,892907
11/07/2014,115.14,119.08,115.14,118.89,1080905
14/07/2014,118.89,121.15,118.65,119.27,511683
15/07/2014,119.03,120.02,118.05,119.37,462867
16/07/2014,119.83,120.95,119.08,120.95,1032817
17/07/2014,120.26,120.95,119.08,120.95,589452
18/07/2014,120.11,120.59,118.94,119.32,654526
21/07/2014,119.37,120.91,118.53,120.91,490625
22/07/2014,120.83,122.09,120.36,121.34,776196
23/07/2014,121.25,121.72,120.36,121.48,637974
24/07/2014,122.09,122.09,121.15,121.34,540187
25/07/2014,121.38,123.03,121.34,123.03,895563
28/07/2014,122.84,124.53,122.09,122.09,754987
29/07/2014,122.18,123.74,121.85,122.13,540186
30/07/2014,122.13,122.23,120.02,120.36,938149
31/07/2014,120.31,121.62,120.21,120.64,627441
01/08/2014,121.25,121.9,118.53,121.9,844858
04/08/2014,122.18,124.34,121.82,123.69,809832
05/08/2014,124.21,125.38,123.13,123.88,828348
06/08/2014,123.03,123.35,121.43,123.13,901459
07/08/2014,123.6,123.6,120.64,122,794734
08/08/2014,120.95,121.29,119.6,120.11,760993
11/08/2014,122,122.56,120.59,122.56,476260
12/08/2014,122.99,123.6,120.68,120.95,504814
13/08/2014,121.53,122.46,120.68,122.23,618777
14/08/2014,122.23,124.29,122.23,123.3,880631
18/08/2014,124.17,127.31,123.69,126.37,1239497
19/08/2014,126.42,128.99,126.42,127.77,1428091
20/08/2014,127.63,128.3,125.75,128.3,676225
21/08/2014,127.82,128.15,126.23,127.12,550986
22/08/2014,127.45,128.01,126.47,127.07,520928
25/08/2014,127.07,127.77,126.42,126.47,206772
26/08/2014,127.36,129.14,126.93,129.14,560724
27/08/2014,128.94,131.16,128.58,129.71,804351
28/08/2014,129.51,129.51,124.25,124.49,1007612
29/08/2014,124.17,126.59,123.88,123.88,888497
01/09/2014,125.34,126.04,124.63,126.04,334068
02/09/2014,126.51,127.26,125.01,125.42,430316
03/09/2014,125.95,128.76,125.38,128.25,748298
04/09/2014,127.54,129.04,126.42,127.45,880461
05/09/2014,127.36,128.3,127.12,127.82,562965
08/09/2014,128.48,129.23,127.77,128.58,431771
09/09/2014,128.53,129.66,125.9,125.99,558767
10/09/2014,125.95,128.2,125.47,128.2,681584
11/09/2014,127.82,128.76,123.6,123.6,2303208
12/09/2014,124.07,124.53,119.88,119.88,1668436
15/09/2014,117.96,122.89,117.67,122.71,871137
16/09/2014,122.71,125.29,121.48,125.06,842577
17/09/2014,125.99,127.36,125.99,127.26,650620
18/09/2014,126.88,126.88,123.6,125.15,1090475
19/09/2014,124.58,125.34,122.51,123.69,1312922
22/09/2014,121.95,121.95,118.43,118.43,1583694
23/09/2014,119.47,120.36,117.86,120.31,1237567
24/09/2014,121.05,121.53,118.89,120.07,586780
25/09/2014,120.21,120.21,116.73,117.2,841508
26/09/2014,116.97,120.31,115.41,120.21,1160749
29/09/2014,119.75,119.75,117.07,117.62,1098804
30/09/2014,118.43,120.73,117.86,118.89,1096426
01/10/2014,118.89,119.22,114.76,114.76,774673
02/10/2014,114.85,117.2,113.73,114.8,892781
03/10/2014,116.92,117.2,115.27,115.27,536469
06/10/2014,116.17,118.05,116.17,116.92,562496
07/10/2014,117.49,118.38,115.61,115.61,944009
08/10/2014,114.85,115.89,114.67,114.67,749472
09/10/2014,116.54,119.37,116.54,119.18,1284949
10/10/2014,117.4,117.76,116.59,117.4,788740
13/10/2014,117.12,119.08,116.4,117.4,793480
14/10/2014,117.4,118.99,116.5,118.14,725479
15/10/2014,118.19,120.11,115.65,116.22,1086085
16/10/2014,119.13,119.13,114.11,117.44,1707112
17/10/2014,117.35,118.94,115.79,118.94,2061636
20/10/2014,119.18,119.93,117.3,117.44,590675
21/10/2014,117.4,119.37,117.2,119.37,581152
22/10/2014,119.83,120.49,117.53,117.58,839891
23/10/2014,117.58,119.27,117.3,117.96,409509
24/10/2014,118.38,119.7,117.96,118.43,319688
27/10/2014,119.18,119.6,117.58,118.7,711188
28/10/2014,119.27,121.62,118.89,120.95,969612
29/10/2014,121.25,122.84,121,122.75,848804
30/10/2014,121.62,122.8,120.83,121.72,2021136
31/10/2014,122.75,123.5,121.2,122.09,971216
03/11/2014,121.62,122.13,120.11,120.16,710767
04/11/2014,120.11,121.82,118.8,119.6,1196517
05/11/2014,119.18,119.22,116.73,117.02,2652722
06/11/2014,117.49,117.67,116.08,116.54,480527
07/11/2014,116.92,117.67,116.54,117.49,511119
10/11/2014,117.62,118.19,116.73,116.73,246831
12/11/2014,116.68,117.62,116.31,117.07,560172
13/11/2014,117.2,118.89,116.73,118.75,559669
14/11/2014,118.8,118.8,114.47,117.44,1121872
17/11/2014,116.54,117.62,116.54,117.02,434043
18/11/2014,116.97,118.33,116.83,118.01,482162
19/11/2014,118.01,118.38,115.61,115.61,619119
20/11/2014,115.89,116.4,114.85,115.69,727173
21/11/2014,115.79,120.02,115.79,119.6,1143869
24/11/2014,119.83,120.49,118.29,118.94,356338
25/11/2014,118.8,120.4,117.67,119.08,661395
26/11/2014,119.03,119.88,118.38,118.89,619626
27/11/2014,119.32,119.83,118.99,119.55,347507
28/11/2014,119.18,119.18,115.14,115.51,1008637
01/12/2014,114.62,114.62,111.09,111.66,2130075
02/12/2014,112.79,113.26,110.86,111.47,1098919
03/12/2014,111.98,112.5,111.09,111.09,548196
04/12/2014,111.85,112.55,110.35,110.35,760981
05/12/2014,110.99,111.61,109.82,110.25,438365
08/12/2014,110.91,110.91,107.06,107.75,907763
09/12/2014,107.34,108.93,106.39,106.91,2174589
10/12/2014,107.62,108.28,104.99,105.27,1335744
11/12/2014,104.8,106.22,104.51,106.12,923728
12/12/2014,105.78,106.68,105.17,105.27,932559
15/12/2014,105.31,107.29,104.28,104.28,725316
16/12/2014,103.87,104,99.446,100.57,1378911
17/12/2014,101.32,102.49,99.86,101.03,1136774
18/12/2014,103.29,103.87,102.07,103.87,895398
19/12/2014,104.23,105.69,103.43,105.22,1325816
22/12/2014,105.88,106.34,103.67,104,410447
23/12/2014,103.57,104.8,103.39,103.87,546614
29/12/2014,103.87,103.87,100.57,100.75,453000
30/12/2014,101.03,102.31,99.446,102.31,408021
02/01/2015,102.45,102.83,101.97,102.4,309987
05/01/2015,102.16,102.88,99.91,100.09,479228
07/01/2015,100.53,105.45,99.67,104.89,966372
08/01/2015,105.35,107.15,105.35,107.11,711805
09/01/2015,107.15,107.15,103.87,104.33,563221
12/01/2015,104.75,106.22,101.79,102.45,659750
13/01/2015,101.97,104.84,101.18,101.97,1442894
14/01/2015,97.745,97.745,93.707,94.881,3939615
15/01/2015,96.009,98.269,93.198,96.102,3171842
16/01/2015,96.102,97.327,94.74,96.997,690058
19/01/2015,97.56,98.589,96.716,97.56,708310
20/01/2015,97.609,99.53,97.046,98.075,705867
21/01/2015,98.502,101.03,97.793,101.03,1017623
22/01/2015,101.03,104.66,100.53,103.39,1521293
23/01/2015,103.43,104.75,100.62,101.75,819443
26/01/2015,98.682,100.7,97.89,99.446,1220204
27/01/2015,99.347,100.33,95.398,96.572,1283640
28/01/2015,97.046,97.939,95.398,96.852,699281
29/01/2015,96.803,99.148,96.102,98.782,755603
30/01/2015,98.356,100.01,98.221,99.019,976557
02/02/2015,99.72,101.22,99.62,100.7,612089
03/02/2015,101.32,105.22,101.32,105.22,1223201
04/02/2015,105.08,106.12,104.18,105.17,953111
05/02/2015,104.33,104.71,101.88,103.77,665522
06/02/2015,104.14,105.55,103.82,105.27,904276
09/02/2015,104.33,106.12,104.09,106.12,639839
10/02/2015,106.02,106.96,104.89,105.35,861362
11/02/2015,105.55,107.11,105.55,107.11,654718
12/02/2015,107.15,107.34,106.12,106.58,865169
13/02/2015,106.68,107.99,106.34,106.91,1093063
16/02/2015,107.62,110.39,107.29,110.25,1309212
17/02/2015,110.05,110.05,107.8,108.56,1197448
18/02/2015,109.5,110.63,109.21,109.92,1156748
19/02/2015,109.97,111.38,108.69,111.38,2372646
20/02/2015,110.91,111.28,110.25,110.72,553257
23/02/2015,110.91,111.61,109.97,110.58,537295
24/02/2015,110.1,113.06,109.07,113.06,1020091
25/02/2015,112.79,113.59,111.47,112.08,621217
26/02/2015,112.32,115.89,112.32,115.32,1297856
27/02/2015,115.09,115.32,113.73,113.73,1059442
02/03/2015,113.73,115.23,113.49,114.24,696424
03/03/2015,113.34,113.39,110.91,111.28,877815
04/03/2015,111.14,111.81,110.15,110.35,697695
05/03/2015,110.39,113.16,110.02,112.79,762326
06/03/2015,112.65,112.93,110.3,111.85,1010651
09/03/2015,110.91,112.22,110.05,110.05,911774
10/03/2015,110.25,110.63,107.66,108.09,1064105
11/03/2015,108.09,109.82,107.29,107.34,753385
12/03/2015,107.99,109.82,107.99,109.59,1225636
13/03/2015,109.68,110.05,106.72,107.15,840219
16/03/2015,108.09,108.51,106.96,107.8,451524
17/03/2015,107.52,108.04,106.49,107.62,602277
18/03/2015,107.62,108.04,107.11,107.99,464164
19/03/2015,108.56,110.25,108.56,110.25,856778
20/03/2015,110.44,113.01,110.25,113.01,1833491
23/03/2015,113.16,114.47,112.45,114.47,505356
24/03/2015,113.54,114.47,112.74,114.38,471172
25/03/2015,114.01,114.06,112.37,112.84,418653
26/03/2015,113.16,114.8,110.49,111.23,715342
27/03/2015,111.38,113.26,110.67,112.79,521389
30/03/2015,113.16,114.57,113.16,114.57,426420
31/03/2015,114.47,114.67,111.93,112.79,588618
01/04/2015,112.32,113.06,111.61,111.98,496721
02/04/2015,112.12,112.79,112.03,112.27,203348
07/04/2015,113.34,113.34,111.89,112.03,652938
08/04/2015,112.6,114.11,111.85,111.93,618441
09/04/2015,111.98,112.41,110.49,111.09,556692
10/04/2015,111.81,112.45,110.53,112.12,569107
13/04/2015,112.12,112.27,110.63,111.56,461462
14/04/2015,110.86,110.86,109.21,110.25,575210
15/04/2015,110.25,112.03,109.73,110.99,634824
16/04/2015,111.38,113.3,111.38,113.3,1110180
17/04/2015,113.21,113.21,111.52,111.52,682580
20/04/2015,111.93,112.37,111.09,111.71,677894
21/04/2015,112.03,112.41,109.5,109.97,678817
22/04/2015,110.63,111.28,110.25,110.25,758938
23/04/2015,111.09,111.81,110.35,110.44,484688
24/04/2015,111.81,112.7,110.76,112.32,1422736
27/04/2015,112.32,116.08,112.22,115.79,1612601
28/04/2015,115.61,118.05,115.14,117.96,1325010
29/04/2015,117.49,118.24,115.61,117.67,686246
30/04/2015,117.07,118.85,116.78,118.85,1196780
04/05/2015,119.08,122.56,119.08,122.18,1159107
05/05/2015,121.53,122.66,120.49,122.66,1119781
06/05/2015,122.18,123.45,120.95,121.38,848091
07/05/2015,120.95,120.95,119.65,120.11,633916
08/05/2015,120.54,122.37,120.36,122.09,716192
11/05/2015,120.31,120.88,119.47,119.47,433162
12/05/2015,119.37,120.07,117.2,119.83,1254304
13/05/2015,120.07,123.13,120.07,123.13,725135
14/05/2015,122.89,123.03,119.93,119.93,693286
15/05/2015,120.36,121.57,119.6,121.2,527778
18/05/2015,121.25,121.48,119.37,119.37,863296
19/05/2015,119.78,119.83,118.61,118.99,530820
20/05/2015,119.32,119.32,117.76,118.24,696341
21/05/2015,118.7,119.7,118.43,119.55,693204
22/05/2015,119.37,119.7,118.24,118.8,405797
25/05/2015,118.85,119.37,117.25,117.86,449102
26/05/2015,119.37,119.37,117.48,117.48,659495
27/05/2015,117.96,118.06,114.17,117.52,724882
28/05/2015,117.91,117.91,113.83,113.83,866219
29/05/2015,114.9,115.43,111.85,111.85,1401065
01/06/2015,112.03,115.28,112.03,115,830755
02/06/2015,115.05,115.1,111.65,112.13,793476
03/06/2015,112.33,114.27,111.89,113.01,487561
05/06/2015,112.42,112.42,109.47,109.85,742291
08/06/2015,109.85,110.14,106.4,106.84,777062
09/06/2015,107.52,108.63,105.77,107.28,1006397
10/06/2015,107.52,113.54,107.52,112.62,1361486
11/06/2015,112.52,113.01,110.77,110.77,1159083
12/06/2015,110.87,111.55,108.88,109.7,967908
15/06/2015,109.22,110.82,108.83,110.58,583050
16/06/2015,110.82,111.45,110.09,110.39,946405
17/06/2015,110.68,111.06,108.73,108.73,804938
18/06/2015,109.52,110.09,108.11,109.12,664525
19/06/2015,109.03,109.32,106.99,107.04,1049257
22/06/2015,107.28,108.68,106.35,107.09,611717
23/06/2015,108.35,109.12,106.79,108.63,1215948
24/06/2015,109.12,109.32,107.04,107.76,771667
25/06/2015,107.28,108.11,106.79,107.76,1059330
26/06/2015,107.96,107.96,106.99,107.62,226629
29/06/2015,104.85,106.12,103.39,104.32,605107
30/06/2015,104.32,105.1,102.03,103.44,742876
01/07/2015,103.88,104.32,101.94,101.94,930685
02/07/2015,102.28,103.69,102.03,102.52,720745
03/07/2015,102.91,103.2,101.5,102.72,512476
06/07/2015,100.77,101.16,99.029,100.77,396041
07/07/2015,100.92,101.11,96.114,96.153,1152585
08/07/2015,95.143,96.979,93.804,96.6,1572392
09/07/2015,98.347,99.8,97.57,99.6,846024
10/07/2015,100.77,101.75,100.49,100.49,825088
13/07/2015,101.46,101.65,99.317,99.52,618468
14/07/2015,99.75,99.8,97.085,98.056,669729
15/07/2015,98.732,99.56,97.959,99.128,553556
16/07/2015,100.14,101.46,99.9,101.46,505490
17/07/2015,101.7,101.89,98.732,98.93,598895
20/07/2015,99.128,99.218,96.406,96.406,597103
21/07/2015,96.939,97.619,94.978,96.114,523520
22/07/2015,95.503,95.503,87.667,87.667,2063620
23/07/2015,88.347,89.93,86.406,86.406,1518401
24/07/2015,85.435,89.221,82.056,88.056,2220463
27/07/2015,87.376,98.347,85.823,95.143,3513385
28/07/2015,95.056,98.056,93.201,94.27,1987806
29/07/2015,95.406,95.609,90.609,90.639,1082994
30/07/2015,91.697,92.609,89.803,91.259,1005856
31/07/2015,91.259,92.658,90.309,92.231,1247162
03/08/2015,91.259,92.134,91.066,91.687,499746
04/08/2015,91.259,91.735,88.988,90.502,610940
05/08/2015,90.58,92.716,89.57,92.716,764532
06/08/2015,92.231,92.231,87.066,87.667,857152
07/08/2015,88.037,90.289,87.376,89.852,511174
10/08/2015,90.678,92.231,89.512,91.988,659361
11/08/2015,91.648,93.978,90.289,91.551,766932
12/08/2015,90.435,90.435,87.91,89.775,1129899
13/08/2015,90.25,90.678,88.463,88.736,670331
14/08/2015,92.221,92.221,88.202,88.736,601623
17/08/2015,88.833,88.92,87.473,87.561,425483
18/08/2015,87.386,87.561,83.338,84.075,1043773
19/08/2015,84.454,84.454,81.095,81.552,1368278
20/08/2015,81.842,83.056,80.58,82.814,1345261
21/08/2015,81.473,82.028,80.552,81.358,1126299
24/08/2015,77.668,77.668,67.183,70.979,2441024
25/08/2015,69.901,75.727,69.61,72.465,1624136
26/08/2015,72.813,73.202,69.231,69.231,1334235
27/08/2015,71.192,75.727,71.192,75.697,1965532
28/08/2015,77.183,77.523,74.969,77.183,1303098
31/08/2015,77.183,77.231,74.172,76.241,801561
01/09/2015,75.182,75.182,72.716,73.716,599307
02/09/2015,74.697,76.561,73.445,74.085,1165144
03/09/2015,75.241,78.92,75.241,78.153,1241872
04/09/2015,77.571,77.571,74.367,74.367,840067
07/09/2015,75.717,76.901,74.901,75.727,797815
08/09/2015,75.969,78.833,75.891,78.104,1179162
09/09/2015,80.483,81.959,79.513,80.969,1370450
10/09/2015,80.862,82.998,79.843,82.998,1299179
11/09/2015,83.008,83.251,81.804,82.406,601477
14/09/2015,81.066,84.367,79.804,81.988,861831
15/09/2015,81.794,83.154,81.066,83.154,838923
16/09/2015,83.832,85.241,83.638,85.231,1041613
17/09/2015,85.435,87.852,85.241,87.376,1108953
18/09/2015,87.716,87.716,83.066,84.221,1434768
21/09/2015,84.318,84.804,82.619,83.154,634277
22/09/2015,83.299,83.299,78.668,78.833,1816208
23/09/2015,77.668,79.989,76.717,77.668,1094573
24/09/2015,78.104,79.61,77.474,78.998,891140
25/09/2015,79.61,79.959,78.551,78.784,573344
28/09/2015,78.736,78.736,74.085,74.172,901946
29/09/2015,72.716,76.057,70.29,75.727,1397096
30/09/2015,77.134,79.6,76.736,79.561,1072238
01/10/2015,80.969,82.182,78.027,78.95,957479
02/10/2015,78.989,79.493,75.843,76.474,1028989
05/10/2015,78.163,81.745,77.911,81.338,1179377
06/10/2015,80.872,86.503,79.513,84.658,1706744
07/10/2015,87.134,89.706,86.357,88.056,2909663
08/10/2015,86.891,89.415,85.998,88.347,1650333
09/10/2015,90.289,92.755,90.289,92.716,1931946
12/10/2015,93.241,94.173,90.115,90.454,1186698
13/10/2015,89.92,91.609,88.842,91.599,611138
14/10/2015,91.259,91.697,89.124,90.92,810288
15/10/2015,91.697,92.707,91.648,92.522,587190
16/10/2015,92.231,93.104,90.775,91.211,892554
19/10/2015,89.512,92.037,87.959,88.542,792275
20/10/2015,87.881,90.143,86.047,89.512,724770
21/10/2015,90.289,90.939,88.542,88.91,671186
22/10/2015,89.882,92.93,89.366,92.911,885501
23/10/2015,93.017,97.085,93.017,95.337,1949163
26/10/2015,97.076,97.085,93.007,93.25,858500
27/10/2015,93.978,94.173,91.357,91.357,1032601
28/10/2015,90.299,92.707,89.124,91.474,674911
29/10/2015,91.251,91.251,87.183,88.076,1088823
30/10/2015,88.347,88.833,86.406,87.24,1197318
02/11/2015,87.619,90.017,87.28,90.017,773005
03/11/2015,90.289,90.58,89.192,89.609,570695
04/11/2015,90.289,93.163,90.289,91.056,1092786
05/11/2015,90.338,90.599,88.076,88.076,715462
06/11/2015,88.416,88.726,86.134,86.891,1134143
09/11/2015,86.901,88.124,86.531,86.531,491512
10/11/2015,86.6,86.813,83.105,84.124,804311
12/11/2015,83.494,84.056,78.853,78.853,950523
13/11/2015,74.852,77.668,74.775,75.057,1398542
16/11/2015,75.047,75.494,70.969,70.969,1716338
17/11/2015,70.969,76.697,70.969,75.862,1359469
18/11/2015,76.503,76.503,71.6,75.522,1224420
19/11/2015,76.211,76.387,73.707,73.979,851823
20/11/2015,75.008,75.61,74.076,75.115,982968
23/11/2015,71.843,72.804,69.61,71.989,1392984
24/11/2015,72.143,73.542,69.901,71.299,1503074
25/11/2015,72.474,74.561,70.387,70.775,1403291
26/11/2015,72.328,73.289,71.571,72.678,788839
27/11/2015,72.649,72.649,70.707,71.445,845130
30/11/2015,70.872,71.532,69.833,70.193,1503535
01/12/2015,71.357,72.018,70.959,71.299,599926
02/12/2015,71.552,71.687,66.018,66.164,2109542
03/12/2015,66.261,67.085,65.241,66.212,1018439
04/12/2015,66.212,66.494,61.163,64.562,1817264
07/12/2015,65.047,65.872,60.436,61.106,957302
08/12/2015,60.445,61.649,57.086,57.377,1978378
09/12/2015,57.494,59.455,55.193,57.63,2033914
10/12/2015,58.251,59.416,57.668,58.251,767078
11/12/2015,61.047,61.552,57.862,59.134,1229818
14/12/2015,60.076,60.076,58.231,58.649,998813
15/12/2015,58.727,59.125,58.095,58.542,1086489
16/12/2015,58.785,60.193,58.755,59.221,824253
17/12/2015,59.707,59.998,57.28,57.348,1708898
18/12/2015,57.765,59.028,57.425,58.62,1901505
21/12/2015,58.542,60.29,58.348,59.727,916146
22/12/2015,60.426,61.309,59.921,60.338,863242
23/12/2015,61.144,61.746,60.678,60.97,687863
28/12/2015,60.697,61.26,60.193,60.678,689073
29/12/2015,61.309,63.659,61.28,63.105,960965
30/12/2015,63.562,63.562,61.639,61.639,519824
04/01/2016,58.251,58.785,57.571,57.775,813715
05/01/2016,58.591,59.318,58.057,58.455,722083
07/01/2016,56.115,56.698,54.377,54.707,1431252
08/01/2016,55.629,55.902,52.64,53.009,987418
11/01/2016,50.921,52.523,50.008,51.455,1072812
12/01/2016,51.464,53.63,50.97,52.93,887317
13/01/2016,53.882,54.843,53.203,54.27,827112
14/01/2016,54.27,54.503,53.203,54.465,1322949
15/01/2016,53.688,53.814,51.358,51.358,1023703
18/01/2016,49.998,52.232,49.514,51.649,1118446
19/01/2016,53.3,53.582,52.474,52.63,933333
20/01/2016,51.697,52.037,50.358,50.766,1076785
21/01/2016,50.873,52.232,50.435,51.416,1000244
22/01/2016,52.329,53.96,52.203,53.59,1079656
25/01/2016,54.154,54.27,53.26,53.63,780635
26/01/2016,53.057,54.649,52.921,54.465,1376666
27/01/2016,55.135,55.911,54.863,55.387,1374636
28/01/2016,55.766,55.941,54.173,54.368,1261303
29/01/2016,55.115,56.396,54.853,55.824,1876318
01/02/2016,55.339,55.435,54.173,54.62,687098
02/02/2016,55.339,56.562,54.465,54.523,1527620
03/02/2016,54.95,55.639,54.542,55.339,942604
04/02/2016,56.795,58.445,56.601,58.445,1886899
05/02/2016,58.251,61.727,58.105,59.824,2390382
08/02/2016,59.95,60.96,58.988,60.183,754776
09/02/2016,59.221,60.484,56.396,57.183,1617175
10/02/2016,57.192,58.008,56.406,56.872,762553
11/02/2016,56.406,56.504,54.61,55.435,1335678
12/02/2016,55.726,57.261,55.591,56.581,838165
15/02/2016,58.542,59.095,57.795,58.542,936643
16/02/2016,59.221,60.086,58.804,59.067,1019970
17/02/2016,59.426,63.493,59.144,63.008,1824948
18/02/2016,63.59,66.882,63.503,64.183,2938145
19/02/2016,64.465,65.601,63.756,64.465,1513517
22/02/2016,66.504,67.474,66.095,66.988,1451395
23/02/2016,66.872,67.794,65.658,66.62,1078054
24/02/2016,66.028,66.222,62.785,63.396,1556864
25/02/2016,63.299,65.241,62.804,63.406,1268749
26/02/2016,64.756,66.862,64.474,66.212,2192906
29/02/2016,65.532,66.192,64.989,65.959,1035566
01/03/2016,66.144,66.504,64.183,65.707,934134
02/03/2016,67.328,67.746,65.824,66.474,1400174
03/03/2016,65.086,71.445,64.562,71.357,3076466
04/03/2016,72.813,74.076,72.406,73.949,2322515
07/03/2016,73.785,75.231,72.6,74.522,1593634
08/03/2016,74.076,74.658,70.775,70.872,1608467
09/03/2016,70.872,72.222,69.736,71.6,1393532
10/03/2016,71.163,72.328,69.707,69.766,1089314
11/03/2016,70.862,71.765,70.396,70.396,976429
14/03/2016,71.27,72.28,70.93,71.309,1169084
15/03/2016,70.823,71.979,69.95,70.989,1198754
16/03/2016,71.309,71.785,68.193,69.93,1175307
17/03/2016,72.037,73.785,71.562,73.542,1920369
18/03/2016,72.813,74.503,71.707,73.901,1795845
21/03/2016,73.299,74.619,72.833,73.921,638032
22/03/2016,73.688,74.755,71.843,74.755,1120476
23/03/2016,74.755,76.988,73.212,73.785,2650844
24/03/2016,73.581,73.581,71.232,72.28,1394278
29/03/2016,74.125,74.969,72.425,72.813,1430737
30/03/2016,73.328,74.328,72.813,73.979,1017717
31/03/2016,73.785,73.882,72.562,73.882,1190385
01/04/2016,73.591,73.736,71.435,72.804,976325
04/04/2016,72.61,72.61,70.542,71.105,1162200
05/04/2016,70.775,70.775,68.115,68.115,1404239
06/04/2016,68.057,69.377,67.474,67.717,1190549
07/04/2016,68.736,68.92,65.824,65.824,1437949
08/04/2016,66.018,67.067,64.688,64.949,1474189
11/04/2016,65.289,67.261,64.959,66.649,939155
12/04/2016,67.435,68.28,66.552,67.591,1012067
13/04/2016,69.416,71.26,69.037,71.115,1513639
14/04/2016,70.872,71.338,69.707,70.669,939064
15/04/2016,69.989,70.445,68.561,68.93,788381
18/04/2016,67.737,69.144,67.183,68.833,717259
19/04/2016,69.95,72.474,69.533,72.474,1467806
20/04/2016,72.037,74.261,71.435,73.931,1518614
21/04/2016,74.755,75.843,72.474,73.299,1488590
22/04/2016,72.998,73.814,71.998,73.299,930844
25/04/2016,73.056,73.115,71.329,71.795,890045
26/04/2016,71.017,72.232,70.92,71.61,708806
27/04/2016,71.066,72.619,70.532,70.532,682266
28/04/2016,70.513,70.969,68.328,70.173,885144
29/04/2016,70.629,72.241,69.26,72.192,1675083
02/05/2016,72.105,72.338,71.105,71.163,525248
04/05/2016,68.367,69.561,67.484,68.377,1594410
05/05/2016,68.377,68.377,65.698,65.727,1455452
06/05/2016,65.824,67.28,64.814,66.504,1205509
09/05/2016,65.561,66.076,64.581,64.998,810468
10/05/2016,65.338,65.338,62.697,63.105,1375822
11/05/2016,63.756,64.28,63.242,63.309,728033
12/05/2016,64.066,64.076,62.017,62.017,842843
13/05/2016,61.357,62.017,60.882,61.173,1033589
16/05/2016,62.62,64.708,62.25,64.27,1546856
17/05/2016,65.484,66.494,63.125,63.26,2241937
18/05/2016,62.969,62.969,60.484,61.649,1280566
19/05/2016,61.163,61.163,59.678,60.193,961000
20/05/2016,60.97,61.989,60.348,60.348,782935
23/05/2016,60.397,61.3,59.697,60.853,408038
24/05/2016,60.581,61.823,60.387,61.416,935523
25/05/2016,62.125,63.542,61.697,62.717,1361839
27/05/2016,63.688,63.785,60.814,60.814,846117
30/05/2016,61.163,61.26,58.843,59.853,661770
31/05/2016,60.436,60.543,58.552,58.552,1456266
01/06/2016,58.115,58.144,55.979,55.979,1119308
02/06/2016,56.309,56.668,55.358,55.62,1139960
03/06/2016,56.522,59.028,56.406,58.144,1512797
06/06/2016,59.338,60.387,58.658,59.416,738321
07/06/2016,58.931,60.096,58.095,58.931,850213
08/06/2016,59.028,60.406,58.095,60.406,976781
09/06/2016,61.163,61.6,58.62,58.901,1186100
10/06/2016,58.901,59.125,57.484,58.105,607845
13/06/2016,58.202,58.319,57.038,58.057,696403
14/06/2016,57.765,58.212,56.698,57.862,729789
15/06/2016,58.348,59.27,58.047,58.785,1312974
16/06/2016,58.154,58.407,57.076,57.474,1288738
17/06/2016,57.96,58.931,57.775,58.931,1562464
20/06/2016,59.435,60.513,59.435,60.484,822728
21/06/2016,60.426,60.824,59.561,60.193,677498
22/06/2016,61.018,61.736,60.873,61.018,1169483
23/06/2016,61.008,63.27,60.581,62.726,1257329
24/06/2016,55.339,60.096,54.145,59.989,1864152
27/06/2016,60.241,61.076,59.164,59.221,611292
28/06/2016,60.678,62.319,60.193,62.076,1496570
29/06/2016,62.426,64.076,62.047,64.076,879888
30/06/2016,64.076,64.27,62.387,64.076,899432
01/07/2016,64.562,66.377,64.338,66.115,1040270
04/07/2016,65.338,68.387,65.241,66.552,1520146
05/07/2016,66.552,67.474,65.056,65.056,996139
06/07/2016,64.901,65.804,63.785,64.513,2046539
07/07/2016,64.465,66.785,64.416,65.892,1426702
08/07/2016,66.018,66.601,65.707,66.028,1047349
11/07/2016,67.328,69.416,67.28,69.416,1596928
12/07/2016,69.901,70.872,67.833,68.202,1595937
13/07/2016,69.823,71.047,69.173,70.979,1817521
14/07/2016,71.861,73.328,71.276,73.328,2151663
15/07/2016,72.951,75.796,72.624,75.221,2011051
18/07/2016,74.24,76.183,73.645,75.746,1383154
19/07/2016,76.064,76.064,74.835,75.033,890039
20/07/2016,75.31,75.31,73.556,74.656,1351525
21/07/2016,74.844,76.113,74.666,76.073,1045473
22/07/2016,75.439,76.797,75.132,76.321,1142526
25/07/2016,76.381,77.233,76.073,76.222,1223841
26/07/2016,76.222,76.5,75.241,76.113,853645
27/07/2016,75.826,78.968,75.727,78.264,920034
28/07/2016,78.413,79.939,78.413,79.057,1248560
29/07/2016,78.968,78.968,77.322,77.858,1450927
01/08/2016,78.343,79.235,77.501,78.135,393673
02/08/2016,78.304,79.196,77.412,77.511,1280790
03/08/2016,77.312,78.086,76.45,77.114,1125252
04/08/2016,76.619,78.601,76.619,78.155,857365
05/08/2016,78.165,78.928,78.165,78.641,516723
08/08/2016,78.7,79.533,78.66,79.493,589551
09/08/2016,78.799,78.879,77.431,77.808,1597585
10/08/2016,77.808,79.473,77.62,79.245,717442
11/08/2016,79.196,79.384,78.175,79.037,435062
12/08/2016,79.037,79.097,78.205,78.502,388378
16/08/2016,78.115,79.444,78.026,78.839,769405
17/08/2016,78.314,79.097,77.808,77.828,1144144
18/08/2016,77.213,78.502,74.468,78.492,1155256
19/08/2016,78.205,78.72,76.638,77.233,818091
22/08/2016,76.044,76.301,75.082,75.429,1221790
23/08/2016,75.33,76.708,75.32,76.093,720315
24/08/2016,75.33,77.213,75.281,75.826,678585
25/08/2016,75.33,75.33,72.981,73.447,1292094
26/08/2016,73.546,75.013,73.199,74.2,572608
29/08/2016,73.546,74.19,72.376,72.456,507724
30/08/2016,72.376,72.674,71.167,72.029,802722
31/08/2016,72.029,73.427,71.524,72.604,763285
01/09/2016,73.546,73.843,71.118,71.118,495970
02/09/2016,71.464,72.852,70.969,72.456,421714
05/09/2016,72.357,74.517,72.357,74.141,460242
06/09/2016,74.537,75.727,73.159,75.221,595327
07/09/2016,76.212,78.373,76.212,77.412,854343
08/09/2016,77.322,78.006,74.983,75.072,746861
09/09/2016,74.735,75.072,71.613,71.613,1044225
12/09/2016,70.642,70.919,68.342,69.938,1520500
13/09/2016,71.861,71.97,68.987,69.383,1146183
14/09/2016,69.879,70.939,69.779,70.612,764939
15/09/2016,71.266,72.168,70.622,70.87,687528
16/09/2016,71.365,71.663,69.581,69.581,1051461
19/09/2016,70.275,71.038,69.68,70.107,456837
20/09/2016,69.898,70.929,69.888,70.394,773958
21/09/2016,70.553,70.999,70.473,70.681,900414
22/09/2016,71.613,74.131,71.613,73.645,1043752
23/09/2016,73.635,73.734,72.01,73.14,685496
26/09/2016,72.366,72.624,71.207,72.357,855277
27/09/2016,72.357,72.575,70.87,71.564,799795
28/09/2016,71.544,73.021,71.385,72.594,635644
29/09/2016,73.348,73.744,72.604,73.546,909095
30/09/2016,72.713,74.309,72.684,73.843,917928
03/10/2016,73.843,74.825,72.565,72.872,586143
04/10/2016,72.753,74.289,71.97,74.042,721470
05/10/2016,72.456,73.605,72.257,73.001,821360
06/10/2016,72.644,73.011,71.583,72.357,589040
07/10/2016,72.257,73.576,71.564,72.803,538916
10/10/2016,73.1,73.962,72.951,73.298,524566
11/10/2016,73.467,73.576,71.534,71.663,663108
12/10/2016,71.365,72.723,71.167,72.525,460488
13/10/2016,71.365,71.851,69.76,69.928,970926
14/10/2016,70.622,70.929,68.6,69.145,915115
17/10/2016,69.284,69.284,67.014,67.411,1078441
18/10/2016,68.382,69.978,68.293,69.036,736720
19/10/2016,69.185,69.958,68.531,68.689,545768
20/10/2016,69.373,69.373,68.263,68.263,346388
21/10/2016,68.263,69.482,67.906,68.451,743083
24/10/2016,69.284,70.116,69.056,69.958,400389
25/10/2016,71.96,72.347,70.543,70.543,669125
26/10/2016,70.771,71.484,69.234,71.365,604085
27/10/2016,71.028,71.722,70.097,70.146,706256
28/10/2016,70.364,71.167,69.502,71.167,488591
31/10/2016,70.781,71.613,70.126,70.453,575792
02/11/2016,70.107,70.146,68.045,68.392,859993
03/11/2016,68.392,69.363,67.738,68.868,722146
04/11/2016,68.996,70.176,68.887,70.116,662035
07/11/2016,71.603,72.822,71.385,71.811,1152910
08/11/2016,72.01,74.289,72.01,74.289,1256933
09/11/2016,73.447,80.286,73.358,80.286,4112644
10/11/2016,86.332,90.198,84.756,86.749,4233466
14/11/2016,89.217,89.95,83.418,83.418,2118001
15/11/2016,81.277,83.26,80.395,81.773,1409207
16/11/2016,82.258,82.566,80.593,81.277,998446
17/11/2016,81.317,83.042,80.881,81.198,1027957
18/11/2016,80.782,80.782,79.602,80.286,524681
21/11/2016,82.962,83.26,81.961,82.199,724071
22/11/2016,84.251,85.658,83.775,84.251,1087816
23/11/2016,85.44,85.936,83.517,85.847,1169435
24/11/2016,87.423,89.008,87.076,89.008,1322590
25/11/2016,89.098,89.098,87.145,87.769,942587
28/11/2016,89.306,90.079,87.72,87.72,796999
29/11/2016,86.729,88.8,85.738,86.124,1240345
30/11/2016,85.847,89.108,84.845,86.59,1493032
01/12/2016,87.898,87.898,84.251,86.084,1208908
02/12/2016,85.886,86.58,85.41,86.035,651787
05/12/2016,88.394,91.655,88.097,91.03,1974278
06/12/2016,91.377,94.747,90.842,94.46,1712162
07/12/2016,95.649,97.533,93.191,93.419,2211081
08/12/2016,93.419,97.087,92.775,97.087,1660961
09/12/2016,97.136,97.899,95.749,95.897,1209237
12/12/2016,96.581,96.581,94.371,95.56,638290
13/12/2016,95.154,96.541,94.163,94.956,878292
14/12/2016,94.163,94.46,91.913,92.765,1371322
15/12/2016,92.924,93.865,90.614,90.961,1095462
16/12/2016,90.743,91.655,88.711,89.207,1921623
19/12/2016,88.116,88.979,86.778,88.979,1106823
20/12/2016,89.217,91.734,88.453,91.477,663831
21/12/2016,92.18,93.102,90.892,91.318,524354
22/12/2016,89.603,91.863,88.909,91.833,731289
23/12/2016,91.675,91.982,89.97,90.396,372784
27/12/2016,90,91.377,89.95,91.189,444361
28/12/2016,91.714,92.478,91.179,91.189,764060
29/12/2016,91.189,92.448,90.892,90.892,370034
30/12/2016,91.288,92.18,90.971,91.665,380448
02/01/2017,91.665,91.833,90.803,91.358,172408
03/01/2017,92.676,95.025,92.25,93.171,1076670
04/01/2017,93.717,95.253,93.072,95.154,1135399
05/01/2017,95.154,95.907,94.361,94.965,858176
09/01/2017,94.628,95.451,94.361,95.154,490769
10/01/2017,96.046,99.96,96.046,99.317,1613544
11/01/2017,100.11,105.07,99.96,104.92,2557120
12/01/2017,105.36,108.34,105.21,107.15,3183435
13/01/2017,107.25,108.83,105.81,108.04,1295742
16/01/2017,108.04,110.76,108.04,109.03,1199254
17/01/2017,107.3,109.53,106.16,108.78,1120862
18/01/2017,108.53,113.74,108.04,112.35,1983766
19/01/2017,112.85,113.49,110.32,111.71,1200555
20/01/2017,111.01,112,110.72,111.95,865823
23/01/2017,112.5,113.44,111.9,112,538572
24/01/2017,112.2,116.96,112.1,116.56,1751805
25/01/2017,117.95,121.57,117.95,121.57,2139144
26/01/2017,122.41,124.29,120.33,120.97,1520906
27/01/2017,119.93,124.49,112.1,123.9,1805509
30/01/2017,123.9,125.38,121.22,121.22,1119251
31/01/2017,121.22,124.34,120.03,122.81,1279053
01/02/2017,124.34,127.62,124.34,125.63,1135355
02/02/2017,125.88,125.88,123.06,124.39,729854
03/02/2017,122.81,123.75,121.72,123.01,937073
06/02/2017,123.11,125.19,122.56,124.84,577939
07/02/2017,123.7,124.54,122.71,123.6,1044171
08/02/2017,125.38,125.68,122.91,122.91,1169313
09/02/2017,123.65,124.25,122.11,122.76,1082737
10/02/2017,124,126.28,122.51,125.73,1565527
13/02/2017,129.85,130.04,127.91,129.8,1089878
14/02/2017,129.85,130.34,127.86,127.86,1155715
15/02/2017,125.58,127.81,124.49,127.81,1051354
16/02/2017,127.62,128.61,126.03,127.76,786726
17/02/2017,127.37,127.66,126.13,126.67,867268
20/02/2017,127.52,129.25,127.47,129.25,641641
21/02/2017,128.71,134.36,128.61,134.31,1299534
22/02/2017,133.81,134.8,131.28,132.37,1031126
23/02/2017,131.63,134.55,130.84,131.83,1082765
24/02/2017,131.93,131.98,126.43,129.35,2123929
27/02/2017,129.35,131.33,127.71,129.6,676704
28/02/2017,129,129.35,126.97,127.86,902283
01/03/2017,130.39,131.23,128.95,130.34,839803
02/03/2017,130.79,131.13,127.96,129.05,741789
03/03/2017,127.47,127.71,125.48,126.48,833388
06/03/2017,125.88,126.28,123.2,123.2,713157
07/03/2017,122.91,124.29,117.9,117.9,1848883
08/03/2017,117.95,121.52,117.95,119.44,784557
09/03/2017,117.46,118.2,114.53,116.37,1324325
10/03/2017,117.16,119.49,116.96,116.96,800472
13/03/2017,119.74,121.62,119.44,121.47,981460
14/03/2017,122.46,123.6,119.54,123.15,1040403
15/03/2017,123.3,125.43,122.21,122.36,834776
16/03/2017,125.88,126.97,124.99,126.77,845190
17/03/2017,125.88,128.31,124.69,125.88,1745766
20/03/2017,124.89,125.83,122.71,124.49,767471
21/03/2017,123.01,125.29,121.32,121.92,1054726
22/03/2017,119.93,122.01,118.15,121.67,829774
23/03/2017,122.86,123.4,119.34,120.33,925062
24/03/2017,120.92,122.01,118.74,118.94,482667
27/03/2017,116.96,117.6,115.32,116.22,862713
28/03/2017,118.1,119.49,117.01,117.95,453613
29/03/2017,120.13,121.32,115.77,117.46,1206238
30/03/2017,118.15,118.35,114.58,118.3,684292
31/03/2017,117.8,117.8,114.78,114.78,795894
03/04/2017,116.56,118.25,115.18,116.91,556319
04/04/2017,115.97,119.59,115.82,119.04,833251
05/04/2017,120.73,127.37,119.74,127.37,1343965
06/04/2017,126.08,127.66,124.69,127.57,1010178
07/04/2017,125.48,128.36,125.19,128.36,1012881
10/04/2017,127.86,127.86,125.14,125.14,539655
11/04/2017,125.14,125.29,120.68,121.02,990695
12/04/2017,119.93,122.71,119.04,120.43,636501
13/04/2017,121.87,122.41,118.05,120.38,495758
18/04/2017,120.38,120.63,116.96,116.96,664091
19/04/2017,118.05,120.43,117.16,119.93,715009
20/04/2017,119.14,122.21,118.64,120.68,745116
21/04/2017,121.92,122.26,119.54,119.54,475999
24/04/2017,122.91,122.91,120.73,121.02,401964
25/04/2017,121.92,123.25,121.42,122.91,613644
26/04/2017,122.11,124.99,121.97,124.84,611872
27/04/2017,123.85,124.34,121.52,121.52,568232
28/04/2017,121.32,122.61,120.78,122.01,725993
02/05/2017,122.51,123.15,121.22,122.11,454168
04/05/2017,118.94,119.93,115.77,117.65,1574585
05/05/2017,117.01,118.25,115.13,117.36,950504
08/05/2017,117.31,117.31,111.31,112.75,1567633
09/05/2017,112.75,115.97,111.71,115.27,886851
10/05/2017,115.18,116.07,113.09,113.24,873780
11/05/2017,114.73,117.46,113.99,114.14,745664
12/05/2017,114.18,116.46,113.74,116.46,540155
15/05/2017,117.85,118.79,116.17,116.46,530845
16/05/2017,116.02,116.86,113.54,113.64,745725
17/05/2017,112.7,115.13,111.56,111.61,551196
18/05/2017,111.01,112.9,109.08,111.26,646347
19/05/2017,112,114.58,111.56,113.99,715908
22/05/2017,114.23,115.08,112.5,114.23,543245
23/05/2017,113,113.44,109.97,110.02,855125
24/05/2017,109.63,110.72,107.99,109.48,893217
25/05/2017,110.37,113.79,110.37,113.19,901206
26/05/2017,112.65,114.09,109.67,109.77,685338
29/05/2017,109.58,110.17,109.18,109.97,144004
30/05/2017,108.93,109.53,108.09,108.14,370461
31/05/2017,108.04,108.44,104.62,104.77,1315205
01/06/2017,105.07,108.04,104.52,108.04,567148
02/06/2017,108.04,109.08,105.86,107.59,545488
05/06/2017,107.15,107.49,105.66,107.1,236394
06/06/2017,106.5,109.38,105.66,109.38,668273
07/06/2017,108.83,110.76,105.91,106.06,761686
08/06/2017,106.8,111.46,106.8,111.46,1013866
09/06/2017,112.9,113.79,110.67,113.49,794938
12/06/2017,113.29,113.29,109.72,110.02,550415
13/06/2017,109.13,110.22,108.63,108.73,600507
14/06/2017,109.53,110.02,106.75,107.05,382217
16/06/2017,107.15,107.69,105.71,105.71,943848
19/06/2017,106.85,109.82,106.85,108.24,445289
20/06/2017,108.49,108.98,104.72,105.56,620853
21/06/2017,105.76,108.98,104.22,108.98,684562
22/06/2017,108.04,108.39,106.26,107.3,526414
23/06/2017,108.04,109.58,107.64,107.84,1110793
26/06/2017,109.13,110.02,108.58,108.68,589756
27/06/2017,109.53,111.51,108.34,110.42,1021736
28/06/2017,110.27,110.67,108.73,109.38,740520
29/06/2017,112.5,113.24,110.57,111.61,438969
30/06/2017,111.71,111.86,108.83,109.67,405712
03/07/2017,110.22,111.51,108.53,110.32,568347
04/07/2017,108.63,111.16,108.53,110.81,261039
05/07/2017,110.12,112,109.82,110.57,444993
06/07/2017,111.01,112.55,109.67,110.32,305025
07/07/2017,110.57,111.16,107.64,107.64,580326
10/07/2017,108.04,108.53,106.16,106.7,362423
11/07/2017,107.44,108.93,107.35,107.89,390402
12/07/2017,108.931,112.45,108.436,112.45,983258
13/07/2017,113.5,114.95,113,114.4,791989
14/07/2017,113.9,115,113.3,114.65,484806
17/07/2017,115.35,120.2,115.35,120.15,1122645
18/07/2017,119.95,121.85,118.75,121,944017
19/07/2017,121.35,122.75,119.65,121.45,868240
20/07/2017,121.4,122.4,118.4,119,811214
21/07/2017,119.85,121.3,118.55,118.55,665166
24/07/2017,118.35,119,116.85,116.85,720300
25/07/2017,120,121.95,119.15,121.95,1334595
26/07/2017,123.2,124.75,122.5,124,934768
27/07/2017,124.4,125.6,122.6,124.6,617726
28/07/2017,123.05,123.3,121.2,121.7,759193
31/07/2017,123.7,124.9,122,122.3,1035060
01/08/2017,122.65,122.7,120.2,121,1059331
02/08/2017,121,121.9,119.05,119.05,662819
03/08/2017,118.8,120.45,118,119.7,562104
04/08/2017,120.9,121,119.05,119.95,458768
07/08/2017,119.95,122,119.4,121.55,547313
08/08/2017,121.45,124.75,120.95,124.7,714674
09/08/2017,125,125.4,122.25,123.25,648349
10/08/2017,123.25,124.25,120.1,120.6,376560
11/08/2017,119.2,119.85,118.5,118.65,608202
14/08/2017,119.6,119.8,118.15,118.7,364529
16/08/2017,119,123.6,118.3,123,756757
17/08/2017,123.4,123.5,120.25,120.35,560491
18/08/2017,120.35,121,118.5,118.7,851003
21/08/2017,120,121.35,119.55,121.35,350694
22/08/2017,122.1,124.25,122.1,123.1,850953
23/08/2017,123.1,123.5,121.15,122.2,376938
24/08/2017,122.4,124.05,122,123.55,576536
25/08/2017,125.8,127,125,126,1027849
28/08/2017,126.9,127.5,125.05,126.6,527754
29/08/2017,127,127.1,124.25,126.7,714908
30/08/2017,127.3,127.85,126.3,126.8,647350
31/08/2017,127.5,128.25,125.05,126.1,843251
01/09/2017,126.55,127.4,125.5,127.1,381628
04/09/2017,126.95,128.2,126.8,128,351275
05/09/2017,128.7,132.25,127.8,128.8,1486053
06/09/2017,129.5,129.8,125.6,125.8,674118
07/09/2017,126.25,127.6,125.35,125.8,588738
08/09/2017,125,125,122.05,123.4,925872
11/09/2017,124.7,126,123.5,125.45,515119
12/09/2017,125.5,125.85,122.7,123.7,480772
13/09/2017,123.65,123.7,119.9,120.3,1090281
14/09/2017,119.7,121.3,118.6,120.15,604240
15/09/2017,120.7,120.95,119,119,946482
18/09/2017,121.4,121.9,119.25,119.35,574224
19/09/2017,119.5,120.6,119.35,120.5,244126
20/09/2017,121,121.55,119.3,120.25,292379
21/09/2017,118.9,118.9,115.8,116.95,940015
22/09/2017,115.3,117.85,114.45,117.85,635118
25/09/2017,117,117.65,114.9,115.55,463340
26/09/2017,115.8,117.4,113.4,113.4,731419
27/09/2017,115.15,115.45,113.6,113.8,536380
28/09/2017,113.8,114.8,112.6,113.65,456822
29/09/2017,115.5,117.75,115.15,117.4,778938
02/10/2017,117.8,118.55,116.5,117.15,502698
03/10/2017,117,118.6,116.6,116.9,472114
04/10/2017,117.65,117.95,114.4,114.4,555392
05/10/2017,115.45,120.4,115.45,120.4,1318787
06/10/2017,121.1,122.2,118.45,120.75,822696
09/10/2017,120.9,122,119.4,121,502860
10/10/2017,121.8,121.8,119.75,121.35,338287
11/10/2017,122,123.3,121.1,122.4,736935
12/10/2017,123.6,124.3,122.85,123.3,580596
13/10/2017,123.5,123.8,120.8,121.4,479495
16/10/2017,125.05,127.15,124.75,126.75,1198574
17/10/2017,126.05,127.35,124.95,125.95,866462
18/10/2017,126.05,127.15,124.5,126.5,686511
19/10/2017,125.9,126.4,123.05,123.65,525027
20/10/2017,125,125.7,122.4,122.4,378412
23/10/2017,122.5,123.25,121.6,122,399364
24/10/2017,123.3,124.05,121.3,122.2,541773
25/10/2017,121,122.7,120.15,121.3,408095
26/10/2017,121.1,123,119.3,120.7,560888
27/10/2017,117.5,120.15,116.5,120.15,851914
30/10/2017,120.7,122,120.7,122,246795
31/10/2017,122.5,123.4,120.95,122.95,323295
02/11/2017,123.15,124.15,121.7,122.9,325166
03/11/2017,122.7,122.9,120.65,122.6,163713
06/11/2017,122.6,125.4,122.25,124.75,386833
07/11/2017,124.55,125.8,122.35,122.35,529320
08/11/2017,121.7,122.3,120.7,121.35,382205
09/11/2017,120.8,121,119.1,120.65,505954
10/11/2017,120.7,121.85,119.55,120.4,229542
13/11/2017,121,122.65,119.25,122.05,390103
14/11/2017,121.55,122.25,118.5,119.1,675831
15/11/2017,116.95,117.1,112.15,112.15,2056825
16/11/2017,112.8,113.7,110.3,110.7,937774
17/11/2017,111.8,112.3,110.75,112,497704
20/11/2017,111.95,113.5,110.8,112,431711
21/11/2017,112.5,116.9,112.3,115.5,619144
22/11/2017,116.4,117.25,114,114.25,513622
23/11/2017,113.85,113.9,112.15,112.7,406025
24/11/2017,113.5,114.8,113.3,113.75,509584
27/11/2017,112.8,112.8,111.4,112.2,443743
28/11/2017,111.65,111.65,107.95,109.85,1166211
29/11/2017,110,110,106.3,107.4,946340
30/11/2017,107,108.3,105.3,106.8,1391840
01/12/2017,107,108.5,106.6,108.5,1423618
04/12/2017,109.2,109.45,107.05,107.55,497034
05/12/2017,105,105.4,102.25,103.1,1097733
06/12/2017,101.9,103.6,100.35,101.2,936008
07/12/2017,101.15,102.8,99.75,100,797074
08/12/2017,102,103.55,101.55,102.4,654820
11/12/2017,102.4,103.15,101.55,102.95,518764
12/12/2017,103,103.5,101.2,102.55,555093
13/12/2017,102.1,104,101.7,103.35,899695
14/12/2017,103.6,105.35,103.1,104.05,988622
15/12/2017,104.3,105.2,103.35,103.9,1463085
18/12/2017,106.5,108.5,105.7,108.5,959284
19/12/2017,107.85,108.85,106.95,107,619229
20/12/2017,107.65,110.65,107.65,109.9,780711
21/12/2017,110.2,111.5,109,110.75,572547
22/12/2017,110.7,111,109.2,109.25,252665
27/12/2017,111.95,112.7,111.05,111.7,648722
28/12/2017,112.95,113.1,111.9,112.85,582903
29/12/2017,112,113,111.2,111.2,443834
03/01/2018,111.4,111.7,106.65,109.4,613144
04/01/2018,111.25,113.4,110.25,113.1,641641
05/01/2018,113,113.2,111.9,112.7,370295
08/01/2018,113.2,113.7,111.35,111.8,461082
09/01/2018,112.9,113.5,111.7,112.25,625781
10/01/2018,112,113.85,111.8,113.85,607222
11/01/2018,113.8,115.25,113.1,114.3,520245
12/01/2018,115,115.45,113.4,113.95,443828
15/01/2018,115.5,115.95,114,115,291074
16/01/2018,113.8,114.95,112.1,113.85,691515
17/01/2018,113.85,114.95,112.8,113,500655
18/01/2018,113.45,114,112.3,112.3,416740
19/01/2018,113.6,113.7,112.05,112.7,436068
22/01/2018,112.5,114.25,112.5,113.8,352633
23/01/2018,114,114.75,111.55,112.3,858269
24/01/2018,112.45,113,110.25,112.95,427363
25/01/2018,113.4,113.5,112.2,112.35,480475
26/01/2018,112.55,112.9,111.2,112.45,159997
29/01/2018,112.7,113.35,112.4,113.35,237238
30/01/2018,112,112.65,111.1,111.65,297955
31/01/2018,112.05,112.5,110.05,110.05,560896
01/02/2018,110.5,112,108.55,111.5,384029
02/02/2018,111.7,112.15,107.6,108.5,438877
05/02/2018,107.4,109.6,106.8,108.8,489257
06/02/2018,104,109.45,103.2,107.45,892810
07/02/2018,108.2,108.65,104.8,105.75,561941
08/02/2018,105.3,105.65,103.75,103.75,729006
09/02/2018,103.1,103.45,101.05,102.25,805578
12/02/2018,104.6,105.3,104.05,104.35,455029
13/02/2018,105.9,107,104.75,106.9,504633
14/02/2018,107.35,110.9,106.8,110.5,598776
15/02/2018,111.2,113,109.8,109.8,641731
16/02/2018,111.95,112.5,109.3,110,463560
19/02/2018,110,110.65,107.3,107.5,275719
20/02/2018,107.4,108.85,106.6,108.85,294173
21/02/2018,107.6,110.5,107.55,110.5,477195
22/02/2018,108.6,110.2,107.6,109.3,509347
23/02/2018,109.35,109.95,107.65,107.95,314955
26/02/2018,109.45,110.45,108.6,108.6,411322
27/02/2018,109.85,109.85,107.1,107.75,622822
28/02/2018,107.3,108.1,104.85,105,741154
01/03/2018,105,105.5,101.35,102.8,1054415
02/03/2018,101.5,103.5,101.4,102.5,478892
05/03/2018,102.4,104,102.25,103.6,265496
06/03/2018,104.4,106.7,103.9,106.2,547945
07/03/2018,105.8,106.15,103.1,103.8,831951
08/03/2018,103.7,103.75,101.45,102.4,568086
09/03/2018,102.1,104,102.1,104,410783
12/03/2018,103,104.05,101.3,102.55,533551
13/03/2018,102.45,103.95,102.3,102.65,344925
14/03/2018,103,104.4,103,103.5,453522
15/03/2018,104,104,101.2,102.75,573158
16/03/2018,102.85,104.15,100.65,101.15,1350661
19/03/2018,101.4,101.4,95.1,95.16,1054023
20/03/2018,95,95.02,91.08,93.22,1301801
21/03/2018,93.1,94.88,91.14,94.62,850120
22/03/2018,94.96,95.5,91.32,91.9,759973
23/03/2018,91,91.44,89.16,90.96,629786
26/03/2018,90,90,86.12,86.94,908390
27/03/2018,88.6,89.76,86.8,86.8,706572
28/03/2018,85.94,85.94,82.24,84.2,1401641
29/03/2018,85,88.18,84.7,86.82,944621
03/04/2018,87.06,88,85.2,88,412964
04/04/2018,88.32,88.48,86.08,87.66,684074
05/04/2018,89,91.5,88.9,90.24,778968
06/04/2018,89.88,91.14,89.06,89.86,399937
09/04/2018,91.08,91.36,88.8,89.04,622195
10/04/2018,91,91.98,89.54,91.34,742896
11/04/2018,91.34,93,90.7,91.9,657311
12/04/2018,91.04,92.36,90.3,92,616480
13/04/2018,93,93.78,92.1,92.3,417412
16/04/2018,92.3,93.4,92.26,92.9,417437
17/04/2018,92.9,93.36,92.26,92.84,527974
18/04/2018,93.72,95.5,93,95.5,623727
19/04/2018,95.6,97.78,95,95.9,743808
20/04/2018,95.84,96.8,94.98,95.72,360318
23/04/2018,96.02,96.78,90.88,91.54,804891
24/04/2018,92,94,91.96,92.8,557232
25/04/2018,91,92.4,90.72,91,2079777
26/04/2018,90.86,93.24,90.2,93.24,623822
27/04/2018,93.5,94.22,91.72,92.24,383967
30/04/2018,92.66,94.26,91.88,93.64,578013
02/05/2018,94.3,95.86,93.7,95.8,380686
04/05/2018,95.8,95.8,92.26,92.7,603135
07/05/2018,93,93.16,91.48,91.98,226932
08/05/2018,92.4,92.8,91.3,92.5,599879
09/05/2018,92.5,94.18,92.32,93.5,375221
10/05/2018,93.92,98.88,93.54,97,981605
11/05/2018,97.5,98.38,96.5,97.5,336191
14/05/2018,98,98.18,95,95,640935
15/05/2018,92.6,94.86,91.22,92.2,1088536
16/05/2018,92.5,93,89.82,92.2,899578
17/05/2018,92.8,95.3,91.14,95,2069077
18/05/2018,95,95.66,91.88,93.5,548031
21/05/2018,94.14,94.6,93.72,94.12,494895
22/05/2018,93,94.98,92.6,93.88,618795
23/05/2018,93.1,93.5,90.64,92.58,700157
24/05/2018,92.6,94.38,92.26,93.5,462994
25/05/2018,93.78,94.16,91.1,91.32,304711
28/05/2018,92,92,89.34,89.4,255420
29/05/2018,89.6,90.18,88.12,88.12,520025
30/05/2018,86.84,87.6,84.64,84.72,1452797
01/06/2018,84.92,88.12,84.3,88.12,435372
04/06/2018,92.48,93.2,89.52,93.2,699518
05/06/2018,93.4,96.7,92.62,96.52,1135944
06/06/2018,96.7,97.8,95.76,96.4,801103
07/06/2018,97.8,98.4,96,96.84,561162
08/06/2018,95.2,97,95.2,96.28,662489
11/06/2018,96,96.22,93.62,95.5,614225
12/06/2018,96.18,96.18,93.16,93.52,708997
13/06/2018,93.44,93.8,92.56,93.3,596154
14/06/2018,92.42,93.04,91.8,92.1,379419
15/06/2018,92.1,92.6,89.22,89.22,818199
18/06/2018,89.6,90.78,87,87,370979
19/06/2018,85.3,86,83.62,85.2,576968
20/06/2018,86.3,88.48,84.4,84.4,564775
21/06/2018,85.3,86.96,84.36,86.06,782748
22/06/2018,87.22,88.4,86.16,87,359977
25/06/2018,87.16,88.4,86,86.3,400865
26/06/2018,86.3,88,86.3,86.6,299575
27/06/2018,86.3,87.38,85.6,87.26,850645
28/06/2018,86.8,87.3,86.12,86.48,666722
29/06/2018,87,88.18,86.9,88,602828
02/07/2018,87.72,89.3,87.72,87.88,442907
03/07/2018,88.26,90.56,88,90.44,416518
04/07/2018,90,90.58,89.16,89.54,999926
05/07/2018,89.1,93.8,89.1,91,946045
06/07/2018,91.5,92.66,90.16,90.16,529515
09/07/2018,93.5,93.5,92,92.5,536066
10/07/2018,93,93.3,91.32,91.6,439790
11/07/2018,89.74,89.9,88.42,89.26,564607
12/07/2018,90.38,91.16,89.6,89.6,486491
13/07/2018,90,90.38,88.7,88.7,307522
16/07/2018,88.82,89.5,88.28,89,469133
17/07/2018,89.64,93.1,88.5,93.1,464161
18/07/2018,92.4,93.14,91.58,92.28,270289
19/07/2018,92,92,90.04,90.4,881882
20/07/2018,91,92.32,89.7,91,544151
23/07/2018,91.64,93.36,91.36,92.94,354951
24/07/2018,93.3,97.3,93.02,97.1,1262660
25/07/2018,97.14,97.28,95.82,96.4,490502
26/07/2018,96.6,97.78,96.34,97.48,683816
27/07/2018,97,97.7,96.42,97.48,163288
30/07/2018,96.08,96.5,95.02,96,507041
31/07/2018,95.8,96.98,95.1,96.5,756392
01/08/2018,96.08,96.54,94.48,96,515046
02/08/2018,94.8,95.2,91.74,91.94,649166
03/08/2018,92.4,93.8,91.76,92.46,424791
06/08/2018,92.74,92.84,91.52,92.48,179876
07/08/2018,93.84,95,93.56,95,358602
08/08/2018,94.9,95.62,92.2,92.4,582612
09/08/2018,93.14,94.26,92.2,94,393906
10/08/2018,92.84,92.96,90.2,90.3,694454
13/08/2018,90.5,91.4,89.66,90.74,331429
14/08/2018,91.5,91.6,89.3,89.44,417224
16/08/2018,88.6,88.6,86.4,88,681135
17/08/2018,88.4,88.7,83.02,84,1101084
20/08/2018,85.1,85.7,83.14,83.8,593038
21/08/2018,84.32,87,84.2,86.74,685574
22/08/2018,86.5,87.68,86,87.26,381340
23/08/2018,86.3,87.16,86.04,86.74,588451
24/08/2018,87.02,88.68,86.7,88.06,403276
27/08/2018,88.74,92.18,88.66,92.18,509221
28/08/2018,92.2,93.8,91.62,93.28,587167
29/08/2018,92.9,93.62,92.14,92.92,428735
30/08/2018,92.46,93.38,91.8,92.18,572880
31/08/2018,92,92.1,90.62,90.8,630418
03/09/2018,90.5,93.7,90.44,92.7,393643
04/09/2018,92,93.28,87.8,88.04,870705
05/09/2018,88.2,88.98,86.24,87.2,686799
06/09/2018,87.8,89.8,87.08,87.08,455022
07/09/2018,87.38,87.7,83.4,84.66,744405
10/09/2018,84.9,86.32,83.8,85.5,323935
11/09/2018,87.14,87.2,82.52,82.56,686087
12/09/2018,83.28,84.96,81.7,83.06,740397
13/09/2018,84.9,86.52,84.08,84.6,634838
14/09/2018,85,85.7,84.02,84.84,301607
17/09/2018,83.9,84.34,82.56,82.9,504164
18/09/2018,83.6,85.54,83.2,85.5,517075
19/09/2018,86.6,88.68,85.86,87.4,807699
20/09/2018,87.4,88.46,86.62,87.18,492321
21/09/2018,88.5,90.6,88.5,89.5,3796857
24/09/2018,89.1,90.98,88.8,90.86,523765
25/09/2018,89.9,91.76,89.64,91.08,660482
26/09/2018,90.92,93.4,90.92,92.9,781933
27/09/2018,92.02,92.26,89.6,90.32,719229
28/09/2018,90.38,90.96,87.3,89.1,743687
01/10/2018,89.22,90.5,88.1,89.36,342338
02/10/2018,88.9,90.72,87.7,90.38,480622
03/10/2018,90.6,91.34,90.22,90.4,229822
04/10/2018,90.26,90.42,88.6,88.6,314312
05/10/2018,88.62,88.88,86.2,86.88,425365
08/10/2018,86.66,87.7,85.9,86.78,300485
09/10/2018,88.36,89.2,86.52,87.28,385919
10/10/2018,87.96,88,85.3,85.5,369912
11/10/2018,83.88,85.36,81.1,84.6,1183027
12/10/2018,85.5,87.36,84.84,85.4,538742
15/10/2018,85.8,85.82,83.6,83.78,476844
16/10/2018,84.8,86.58,83.6,83.9,1167594
17/10/2018,84.6,85.36,83.5,84.2,552340
18/10/2018,83.62,84.48,83,84.16,352761
19/10/2018,84.02,84.68,83.1,84.64,305535
22/10/2018,85.54,86.18,84.86,85.74,348924
23/10/2018,84.8,85.14,82.84,82.94,504350
24/10/2018,83.5,83.78,82.5,83,288968
25/10/2018,82.36,84.14,81.32,83.52,514440
26/10/2018,83.3,83.62,82.3,82.74,536937
29/10/2018,83.2,85.6,83.1,84.14,479635
30/10/2018,84.6,85.48,83.94,84.7,553391
31/10/2018,85.02,87.98,84.72,86.88,949654
02/11/2018,89.92,91.4,89.9,90.26,1206559
05/11/2018,89.6,90.96,88.9,90.34,460159
06/11/2018,90.2,90.3,88.2,89.16,353160
07/11/2018,89.4,92,89.14,90.78,580495
08/11/2018,91,91.2,89.12,90.96,496190
09/11/2018,89.5,90.64,88.64,89.3,492892
13/11/2018,89.3,97.96,89,93,1792717
14/11/2018,92.96,92.98,91.2,91.2,428452
15/11/2018,91,92,89.24,90,608177
16/11/2018,90.8,92.28,90,91.2,547579
19/11/2018,91.22,92.6,89.9,91.24,496708
20/11/2018,90.7,90.72,88.6,88.82,730241
21/11/2018,89.44,90.88,89.28,90.64,559292
22/11/2018,90.6,91.34,89.22,91.18,304912
23/11/2018,90.76,91.14,89.02,89.94,253893
26/11/2018,89.6,90.56,87.8,88.1,402429
27/11/2018,88.18,89.1,86.84,87.3,428501
28/11/2018,88.22,90.2,88.08,89.9,461739
29/11/2018,90.6,91.48,89.7,90.28,546586
30/11/2018,90.28,90.28,89.3,89.72,699276
03/12/2018,92,94.6,91.7,93.5,1087659
04/12/2018,92.94,93.4,91.94,92.6,624753
05/12/2018,91.6,92.4,90.8,92,380475
06/12/2018,91,91.34,89.3,89.32,674058
07/12/2018,89.92,90.2,88.1,89,624892
10/12/2018,88.44,88.68,85.8,85.8,483165
11/12/2018,86.66,87.9,86.2,87.1,544406
12/12/2018,87.6,88.96,87.1,88.96,428490
